transaction_id,user_id,device_id,merchant_id,timestamp,amount,location,is_suspicious
T00001,U0659,D0222,M055,2026-08-28 15:04:00,8039.13,Chennai,0
T00002,U0802,D0173,M058,2026-08-31 00:00:00,6840.47,Chennai,0
T00003,U0794,D0125,M031,2026-08-15 01:26:00,7907.24,Bangalore,0
T00004,U0744,D0262,M042,2026-08-05 02:26:00,9105.32,Hyderabad,0
T00005,U0916,D0288,M048,2026-08-10 03:19:00,1408.38,Delhi,0
T00006,U0525,D0347,M090,2026-08-13 09:40:00,8321.68,Hyderabad,0
T00007,U0995,D0322,M063,2026-08-16 09:58:00,8061.9,Mumbai,0
T00008,U0228,D0148,M054,2026-08-19 02:04:00,9675.97,Delhi,0
T00009,U0525,D0122,M076,2026-08-01 15:12:00,2718.14,Bangalore,0
T00010,U0616,D0264,M059,2026-08-27 14:29:00,3872.15,Pune,0
T00011,U0531,D0131,M055,2026-08-22 10:58:00,347.74,Delhi,0
T00012,U0486,D0388,M054,2026-08-30 11:24:00,725.85,Mumbai,0
T00013,U0868,D0230,M078,2026-08-06 07:26:00,1483.79,Bangalore,0
T00014,U0462,D0328,M040,2026-08-05 10:09:00,2424.52,Delhi,0
T00015,U0289,D0274,M084,2026-08-17 21:14:00,6737.81,Pune,0
T00016,U0864,D0352,M079,2026-08-27 17:31:00,7448.46,Chennai,0
T00017,U0575,D0411,M038,2026-08-23 06:29:00,6194.96,Hyderabad,0
T00018,U0184,D0429,M073,2026-08-10 21:18:00,4489.49,Chennai,0
T00019,U0522,D0126,M073,2026-08-25 18:42:00,9026.79,Pune,0
T00020,U0518,D0107,M076,2026-08-13 13:20:00,1979.1,Bangalore,0
T00021,U0994,D0308,M037,2026-08-10 15:40:00,6452.87,Delhi,0
T00022,U0172,D0101,M068,2026-08-12 02:02:00,9889.33,Delhi,0
T00023,U0361,D0111,M096,2026-08-10 10:16:00,5905.19,Chennai,0
T00024,U0487,D0472,M044,2026-08-28 02:58:00,128.07,Chennai,0
T00025,U0284,D0352,M058,2026-08-08 22:35:00,1188.27,Bangalore,0
T00026,U0285,D0083,M071,2026-08-11 19:53:00,5929.64,Bangalore,0
T00027,U0329,D0211,M032,2026-08-06 18:27:00,7443.01,Delhi,0
T00028,U0267,D0457,M034,2026-08-22 16:11:00,4537.92,Hyderabad,0
T00029,U0676,D0379,M039,2026-08-21 13:42:00,5088.0,Delhi,0
T00030,U0195,D0448,M092,2026-08-14 17:27:00,4634.62,Bangalore,0
T00031,U0213,D0321,M077,2026-08-20 09:36:00,6892.37,Mumbai,0
T00032,U0880,D0303,M035,2026-08-04 16:14:00,3288.91,Chennai,0
T00033,U0218,D0140,M061,2026-08-29 09:55:00,6367.46,Delhi,0
T00034,U0880,D0242,M074,2026-08-28 04:30:00,5352.51,Mumbai,0
T00035,U0668,D0385,M081,2026-08-05 12:19:00,7951.65,Bangalore,0
T00036,U0821,D0409,M096,2026-08-10 18:51:00,4357.69,Chennai,0
T00037,U0574,D0249,M084,2026-08-19 03:31:00,4218.3,Bangalore,0
T00038,U0471,D0294,M066,2026-08-12 14:24:00,3805.58,Chennai,0
T00039,U0854,D0318,M034,2026-08-05 03:38:00,8334.54,Bangalore,0
T00040,U0593,D0125,M073,2026-08-06 22:07:00,5608.07,Delhi,0
T00041,U0726,D0363,M068,2026-08-06 13:30:00,4167.01,Pune,0
T00042,U0919,D0292,M032,2026-08-14 02:10:00,6044.06,Hyderabad,0
T00043,U0257,D0371,M090,2026-08-10 16:22:00,1631.83,Mumbai,0
T00044,U0380,D0131,M070,2026-08-26 07:35:00,3738.85,Hyderabad,0
T00045,U0738,D0191,M080,2026-08-26 12:43:00,9748.01,Delhi,0
T00046,U0779,D0421,M097,2026-08-02 04:40:00,6129.05,Pune,0
T00047,U1000,D0431,M060,2026-08-02 07:37:00,1886.12,Pune,0
T00048,U0931,D0234,M069,2026-08-16 23:24:00,160.45,Chennai,0
T00049,U0730,D0412,M077,2026-08-04 04:00:00,1504.56,Pune,0
T00050,U0182,D0122,M093,2026-08-10 18:58:00,3824.32,Mumbai,0
T00051,U0500,D0156,M073,2026-08-15 04:23:00,7243.8,Delhi,0
T00052,U0761,D0119,M032,2026-08-08 01:56:00,1658.36,Delhi,0
T00053,U0201,D0421,M036,2026-08-13 09:12:00,4486.82,Mumbai,0
T00054,U0648,D0386,M082,2026-08-19 20:23:00,2804.35,Delhi,0
T00055,U0267,D0252,M081,2026-08-06 01:07:00,2904.14,Pune,0
T00056,U0758,D0325,M093,2026-08-15 00:52:00,549.63,Mumbai,0
T00057,U0764,D0104,M026,2026-08-10 07:17:00,3084.05,Chennai,0
T00058,U0936,D0146,M058,2026-08-14 04:09:00,3348.41,Bangalore,0
T00059,U0660,D0458,M081,2026-08-08 23:54:00,1378.94,Delhi,0
T00060,U0871,D0193,M090,2026-08-26 10:16:00,8350.21,Hyderabad,0
T00061,U0224,D0279,M031,2026-08-20 20:28:00,285.54,Bangalore,0
T00062,U0471,D0370,M080,2026-08-27 02:18:00,4103.79,Pune,0
T00063,U0578,D0224,M040,2026-08-19 10:24:00,306.48,Hyderabad,0
T00064,U0326,D0486,M084,2026-08-17 11:14:00,972.49,Bangalore,0
T00065,U0400,D0299,M077,2026-08-24 20:18:00,878.61,Hyderabad,0
T00066,U0914,D0249,M054,2026-08-16 03:47:00,7813.27,Bangalore,0
T00067,U0673,D0400,M040,2026-08-25 03:33:00,5148.53,Hyderabad,0
T00068,U0510,D0448,M044,2026-08-11 18:04:00,1117.76,Hyderabad,0
T00069,U0353,D0164,M045,2026-08-30 19:59:00,846.0,Pune,0
T00070,U0656,D0313,M098,2026-08-27 08:56:00,4544.16,Delhi,0
T00071,U0809,D0401,M067,2026-08-29 13:05:00,3229.78,Mumbai,0
T00072,U0220,D0316,M082,2026-08-29 17:38:00,3097.92,Hyderabad,0
T00073,U0756,D0104,M071,2026-08-24 02:08:00,834.49,Mumbai,0
T00074,U0613,D0095,M033,2026-08-17 18:45:00,8333.8,Bangalore,0
T00075,U0811,D0122,M090,2026-08-18 11:57:00,4680.85,Delhi,0
T00076,U0961,D0454,M031,2026-08-21 11:13:00,9099.59,Delhi,0
T00077,U0818,D0172,M067,2026-08-28 12:49:00,4808.73,Chennai,0
T00078,U0214,D0306,M039,2026-08-16 15:07:00,9825.62,Bangalore,0
T00079,U0667,D0406,M048,2026-08-02 18:45:00,2552.66,Mumbai,0
T00080,U0600,D0344,M092,2026-08-28 18:04:00,1671.59,Hyderabad,0
T00081,U0440,D0274,M078,2026-08-16 09:35:00,6821.09,Bangalore,0
T00082,U0959,D0399,M068,2026-08-03 23:59:00,3363.94,Delhi,0
T00083,U0845,D0273,M062,2026-08-12 11:14:00,7264.96,Pune,0
T00084,U0768,D0152,M068,2026-08-04 17:01:00,5869.12,Chennai,0
T00085,U0509,D0234,M076,2026-08-06 20:50:00,5990.91,Bangalore,0
T00086,U0468,D0362,M074,2026-08-30 06:51:00,7937.45,Chennai,0
T00087,U0837,D0435,M093,2026-08-05 06:04:00,6495.65,Mumbai,0
T00088,U0671,D0261,M028,2026-08-17 12:03:00,3157.77,Chennai,0
T00089,U0500,D0468,M088,2026-08-09 17:43:00,2342.78,Chennai,0
T00090,U0309,D0115,M063,2026-08-05 14:28:00,5126.13,Delhi,0
T00091,U0907,D0345,M030,2026-08-16 07:50:00,8776.29,Delhi,0
T00092,U0285,D0381,M074,2026-08-08 00:29:00,1706.25,Pune,0
T00093,U0940,D0395,M047,2026-08-20 22:03:00,532.56,Hyderabad,0
T00094,U0843,D0444,M056,2026-08-21 05:11:00,6144.89,Pune,0
T00095,U0953,D0305,M055,2026-08-25 07:16:00,2467.77,Mumbai,0
T00096,U0349,D0264,M099,2026-08-21 01:14:00,4670.63,Hyderabad,0
T00097,U0947,D0271,M090,2026-08-25 00:07:00,4244.74,Chennai,0
T00098,U0987,D0178,M043,2026-08-12 09:04:00,616.58,Mumbai,0
T00099,U0531,D0359,M039,2026-08-24 11:30:00,8526.54,Hyderabad,0
T00100,U0236,D0466,M046,2026-08-13 09:57:00,4548.26,Delhi,0
T00101,U0301,D0299,M037,2026-08-11 02:31:00,8185.36,Hyderabad,0
T00102,U0178,D0288,M032,2026-08-19 01:02:00,5069.87,Chennai,0
T00103,U0546,D0117,M073,2026-08-11 05:15:00,379.06,Bangalore,0
T00104,U0882,D0408,M068,2026-08-07 15:31:00,1462.24,Hyderabad,0
T00105,U1000,D0317,M043,2026-08-22 08:23:00,4541.15,Bangalore,0
T00106,U0232,D0085,M058,2026-08-10 19:33:00,8366.13,Delhi,0
T00107,U0895,D0387,M093,2026-08-20 06:18:00,1200.75,Hyderabad,0
T00108,U0394,D0230,M041,2026-08-03 04:09:00,2460.55,Pune,0
T00109,U0963,D0394,M084,2026-08-03 20:36:00,1197.49,Mumbai,0
T00110,U0762,D0350,M028,2026-08-29 18:15:00,5202.22,Chennai,0
T00111,U0886,D0149,M063,2026-08-20 12:50:00,115.49,Hyderabad,0
T00112,U0397,D0368,M079,2026-08-09 12:35:00,6677.28,Bangalore,0
T00113,U0687,D0260,M034,2026-08-24 22:35:00,5486.41,Delhi,0
T00114,U0718,D0086,M075,2026-08-22 09:30:00,530.99,Mumbai,0
T00115,U0533,D0205,M028,2026-08-17 06:02:00,7906.35,Hyderabad,0
T00116,U0397,D0451,M039,2026-08-27 11:35:00,7378.35,Hyderabad,0
T00117,U0287,D0098,M071,2026-08-25 20:23:00,3451.62,Pune,0
T00118,U0330,D0474,M085,2026-08-22 18:41:00,6354.18,Chennai,0
T00119,U0215,D0442,M084,2026-08-02 16:23:00,3005.08,Bangalore,0
T00120,U0961,D0178,M031,2026-08-15 08:42:00,9340.37,Delhi,0
T00121,U0558,D0493,M095,2026-08-22 13:04:00,2607.81,Pune,0
T00122,U0346,D0222,M071,2026-08-03 04:12:00,8671.4,Hyderabad,0
T00123,U0430,D0139,M073,2026-08-20 21:16:00,8905.92,Pune,0
T00124,U0601,D0273,M069,2026-08-09 12:03:00,5012.41,Mumbai,0
T00125,U0527,D0484,M092,2026-08-13 03:19:00,8031.37,Pune,0
T00126,U0585,D0116,M081,2026-08-28 10:02:00,9951.47,Chennai,0
T00127,U0709,D0226,M067,2026-08-05 16:03:00,892.68,Pune,0
T00128,U0453,D0232,M083,2026-08-28 10:13:00,7204.86,Chennai,0
T00129,U0857,D0303,M070,2026-08-21 08:23:00,519.32,Hyderabad,0
T00130,U0780,D0298,M061,2026-08-30 02:28:00,9802.27,Bangalore,0
T00131,U0227,D0419,M077,2026-08-17 12:49:00,5179.55,Pune,0
T00132,U0846,D0157,M029,2026-08-07 11:57:00,8501.83,Pune,0
T00133,U0951,D0300,M030,2026-08-06 17:52:00,765.61,Pune,0
T00134,U0526,D0261,M075,2026-08-26 19:34:00,420.61,Chennai,0
T00135,U0846,D0306,M073,2026-08-17 22:20:00,4495.0,Bangalore,0
T00136,U0738,D0146,M093,2026-08-17 16:48:00,4040.54,Pune,0
T00137,U0436,D0203,M040,2026-08-02 04:18:00,7383.18,Mumbai,0
T00138,U0681,D0274,M097,2026-08-06 08:37:00,2691.59,Hyderabad,0
T00139,U0871,D0304,M053,2026-08-28 20:19:00,2927.21,Mumbai,0
T00140,U0355,D0138,M043,2026-08-04 08:53:00,4575.22,Pune,0
T00141,U0606,D0120,M066,2026-08-16 19:28:00,7124.45,Delhi,0
T00142,U0706,D0224,M064,2026-08-08 04:02:00,7146.91,Pune,0
T00143,U0804,D0165,M072,2026-08-24 03:41:00,2319.99,Chennai,0
T00144,U0962,D0147,M056,2026-08-23 11:36:00,360.21,Delhi,0
T00145,U0737,D0264,M085,2026-08-26 02:32:00,1384.74,Bangalore,0
T00146,U0218,D0234,M076,2026-08-22 18:49:00,5304.39,Mumbai,0
T00147,U0994,D0370,M035,2026-08-06 16:53:00,9726.56,Pune,0
T00148,U0226,D0306,M085,2026-08-24 13:05:00,3510.7,Delhi,0
T00149,U0806,D0376,M049,2026-08-06 20:56:00,4382.92,Bangalore,0
T00150,U0278,D0341,M045,2026-08-14 20:11:00,1730.11,Hyderabad,0
T00151,U0877,D0191,M070,2026-08-24 14:46:00,8959.77,Bangalore,0
T00152,U0407,D0176,M096,2026-08-13 11:46:00,1339.19,Hyderabad,0
T00153,U0780,D0349,M037,2026-08-23 20:56:00,6445.78,Delhi,0
T00154,U0745,D0154,M047,2026-08-30 23:30:00,6282.34,Delhi,0
T00155,U0496,D0364,M031,2026-08-02 06:59:00,904.11,Pune,0
T00156,U0940,D0371,M059,2026-08-30 15:12:00,2187.0,Delhi,0
T00157,U0577,D0392,M029,2026-08-23 15:59:00,8901.07,Delhi,0
T00158,U0447,D0404,M064,2026-08-22 23:30:00,2524.29,Pune,0
T00159,U0566,D0228,M084,2026-08-04 07:42:00,6917.27,Chennai,0
T00160,U0601,D0288,M087,2026-08-22 03:17:00,2119.83,Delhi,0
T00161,U0298,D0236,M066,2026-08-16 17:14:00,9756.2,Chennai,0
T00162,U0929,D0265,M091,2026-08-26 13:28:00,1151.22,Chennai,0
T00163,U0628,D0138,M060,2026-08-21 11:04:00,2554.4,Bangalore,0
T00164,U0202,D0224,M075,2026-08-29 00:09:00,4239.53,Chennai,0
T00165,U0984,D0243,M099,2026-08-15 05:34:00,1979.36,Chennai,0
T00166,U0661,D0339,M085,2026-08-23 16:46:00,8802.85,Mumbai,0
T00167,U0174,D0122,M076,2026-08-24 00:04:00,4626.58,Chennai,0
T00168,U0371,D0374,M071,2026-08-03 05:08:00,600.35,Mumbai,0
T00169,U0762,D0410,M086,2026-08-14 00:06:00,5413.24,Bangalore,0
T00170,U0592,D0144,M059,2026-08-17 15:31:00,7662.18,Hyderabad,0
T00171,U0197,D0281,M032,2026-08-26 22:53:00,5661.99,Hyderabad,0
T00172,U0717,D0223,M035,2026-08-18 13:59:00,5092.13,Delhi,0
T00173,U0437,D0498,M041,2026-08-06 20:32:00,9753.32,Mumbai,0
T00174,U0533,D0482,M069,2026-08-26 09:18:00,9395.59,Chennai,0
T00175,U0354,D0384,M091,2026-08-19 06:25:00,5050.77,Bangalore,0
T00176,U0190,D0146,M068,2026-08-22 13:27:00,5241.39,Chennai,0
T00177,U0771,D0339,M043,2026-08-15 22:13:00,9320.55,Hyderabad,0
T00178,U0317,D0277,M064,2026-08-28 00:30:00,3430.1,Delhi,0
T00179,U0696,D0326,M098,2026-08-14 15:27:00,4801.44,Bangalore,0
T00180,U0528,D0245,M040,2026-08-19 22:58:00,5878.65,Pune,0
T00181,U0855,D0398,M029,2026-08-28 03:59:00,4798.44,Pune,0
T00182,U0952,D0473,M100,2026-08-27 06:55:00,2352.68,Bangalore,0
T00183,U0748,D0321,M047,2026-08-24 20:36:00,6327.35,Delhi,0
T00184,U0944,D0270,M044,2026-08-12 00:32:00,412.55,Pune,0
T00185,U0263,D0173,M028,2026-08-21 01:43:00,3205.56,Chennai,0
T00186,U0573,D0429,M052,2026-08-19 16:14:00,5068.01,Delhi,0
T00187,U0633,D0452,M033,2026-08-07 06:49:00,5234.96,Delhi,0
T00188,U0483,D0415,M087,2026-08-24 21:57:00,3830.57,Chennai,0
T00189,U0621,D0348,M069,2026-08-25 20:40:00,3607.44,Pune,0
T00190,U0848,D0405,M059,2026-08-28 18:21:00,4893.38,Chennai,0
T00191,U0436,D0361,M064,2026-08-11 05:36:00,9420.71,Hyderabad,0
T00192,U0940,D0223,M052,2026-08-23 06:07:00,3238.7,Hyderabad,0
T00193,U0724,D0483,M061,2026-08-14 02:20:00,1306.55,Pune,0
T00194,U0707,D0270,M076,2026-08-16 16:58:00,9550.63,Chennai,0
T00195,U0448,D0097,M062,2026-08-04 14:19:00,3529.0,Mumbai,0
T00196,U0822,D0207,M087,2026-08-10 17:43:00,2100.47,Delhi,0
T00197,U0428,D0363,M060,2026-08-07 05:56:00,1181.34,Pune,0
T00198,U0751,D0198,M057,2026-08-03 07:26:00,6731.36,Delhi,0
T00199,U0382,D0402,M055,2026-08-03 09:20:00,1091.96,Hyderabad,0
T00200,U0885,D0317,M038,2026-08-07 06:09:00,151.3,Delhi,0
T00201,U0312,D0284,M086,2026-08-22 17:30:00,6540.33,Hyderabad,0
T00202,U0479,D0222,M033,2026-08-05 01:42:00,6557.76,Chennai,0
T00203,U0698,D0454,M030,2026-08-08 23:13:00,4237.06,Chennai,0
T00204,U0188,D0279,M089,2026-08-09 11:30:00,9372.43,Hyderabad,0
T00205,U0189,D0080,M064,2026-08-26 20:21:00,6067.55,Hyderabad,0
T00206,U0442,D0308,M095,2026-08-24 20:41:00,4989.73,Chennai,0
T00207,U0667,D0315,M060,2026-08-09 18:36:00,8107.26,Hyderabad,0
T00208,U0317,D0450,M084,2026-08-30 12:06:00,2646.92,Chennai,0
T00209,U0165,D0453,M069,2026-08-14 10:14:00,5721.03,Chennai,0
T00210,U0330,D0388,M077,2026-08-20 11:09:00,5201.28,Bangalore,0
T00211,U0561,D0418,M038,2026-08-09 09:49:00,9818.68,Mumbai,0
T00212,U0482,D0203,M026,2026-08-12 20:50:00,3897.39,Mumbai,0
T00213,U0922,D0212,M068,2026-08-14 17:48:00,5866.36,Delhi,0
T00214,U0162,D0209,M072,2026-08-11 18:06:00,715.03,Bangalore,0
T00215,U0627,D0233,M046,2026-08-19 10:49:00,6892.13,Pune,0
T00216,U0939,D0235,M041,2026-08-30 01:38:00,9169.69,Hyderabad,0
T00217,U0527,D0390,M054,2026-08-10 23:20:00,9577.87,Mumbai,0
T00218,U0307,D0308,M073,2026-08-19 22:12:00,7049.21,Mumbai,0
T00219,U0926,D0351,M053,2026-08-12 06:17:00,6835.39,Delhi,0
T00220,U0957,D0117,M093,2026-08-21 07:58:00,5328.91,Hyderabad,0
T00221,U0230,D0364,M040,2026-08-03 19:27:00,8304.86,Delhi,0
T00222,U0358,D0369,M094,2026-08-07 19:40:00,1728.92,Delhi,0
T00223,U0603,D0135,M052,2026-08-27 12:57:00,4939.4,Delhi,0
T00224,U0607,D0490,M033,2026-08-21 15:16:00,1406.25,Mumbai,0
T00225,U0618,D0364,M033,2026-08-26 10:21:00,4677.55,Hyderabad,0
T00226,U0891,D0087,M076,2026-08-12 13:56:00,8182.89,Pune,0
T00227,U0374,D0372,M035,2026-08-03 01:28:00,4294.6,Pune,0
T00228,U0216,D0353,M033,2026-08-04 03:23:00,9862.76,Mumbai,0
T00229,U0183,D0222,M078,2026-08-09 04:35:00,7712.82,Pune,0
T00230,U0897,D0406,M079,2026-08-18 01:00:00,9929.28,Mumbai,0
T00231,U0610,D0269,M074,2026-08-04 15:39:00,6859.03,Pune,0
T00232,U0703,D0144,M070,2026-08-06 09:34:00,1866.89,Delhi,0
T00233,U0553,D0346,M042,2026-08-11 03:14:00,8364.73,Bangalore,0
T00234,U0456,D0313,M095,2026-08-20 07:15:00,5366.14,Chennai,0
T00235,U0404,D0311,M070,2026-08-08 01:26:00,2828.93,Pune,0
T00236,U0934,D0133,M030,2026-08-20 01:55:00,6187.74,Bangalore,0
T00237,U0397,D0181,M034,2026-08-05 14:12:00,5980.05,Mumbai,0
T00238,U0763,D0420,M032,2026-08-12 03:18:00,7431.36,Mumbai,0
T00239,U0600,D0195,M095,2026-08-10 21:18:00,7568.42,Bangalore,0
T00240,U0294,D0333,M063,2026-08-11 15:46:00,8176.28,Pune,0
T00241,U0740,D0239,M099,2026-08-28 05:05:00,7748.13,Hyderabad,0
T00242,U0393,D0230,M044,2026-08-24 17:20:00,2288.32,Hyderabad,0
T00243,U0432,D0107,M097,2026-08-27 22:15:00,8809.17,Chennai,0
T00244,U0792,D0423,M080,2026-08-26 07:08:00,5006.65,Hyderabad,0
T00245,U0809,D0419,M074,2026-08-24 20:51:00,3255.47,Mumbai,0
T00246,U0569,D0152,M064,2026-08-18 03:11:00,1920.4,Delhi,0
T00247,U0635,D0199,M054,2026-08-14 16:29:00,8589.66,Chennai,0
T00248,U0976,D0313,M033,2026-08-26 14:16:00,4185.51,Mumbai,0
T00249,U0721,D0347,M043,2026-08-18 16:15:00,2504.3,Chennai,0
T00250,U0489,D0407,M036,2026-08-21 11:17:00,8486.62,Bangalore,0
T00251,U0699,D0446,M050,2026-08-03 08:17:00,2757.77,Pune,0
T00252,U0770,D0384,M031,2026-08-04 07:29:00,1962.82,Delhi,0
T00253,U0892,D0419,M097,2026-08-10 21:02:00,4846.0,Hyderabad,0
T00254,U0461,D0083,M053,2026-08-09 15:33:00,9624.57,Bangalore,0
T00255,U0915,D0462,M087,2026-08-12 00:58:00,6986.7,Pune,0
T00256,U0360,D0279,M056,2026-08-26 03:01:00,3283.99,Hyderabad,0
T00257,U0540,D0314,M094,2026-08-30 12:34:00,3656.67,Hyderabad,0
T00258,U0519,D0338,M089,2026-08-22 05:00:00,1076.22,Pune,0
T00259,U0631,D0465,M066,2026-08-10 05:52:00,3769.98,Mumbai,0
T00260,U0197,D0364,M054,2026-08-07 15:23:00,260.58,Delhi,0
T00261,U0749,D0372,M079,2026-08-14 10:25:00,1608.87,Hyderabad,0
T00262,U0386,D0270,M098,2026-08-12 04:24:00,5043.08,Pune,0
T00263,U0852,D0248,M058,2026-08-23 05:42:00,9668.43,Pune,0
T00264,U0908,D0327,M084,2026-08-08 15:45:00,7354.45,Hyderabad,0
T00265,U0324,D0147,M095,2026-08-23 05:22:00,1922.07,Delhi,0
T00266,U0808,D0106,M093,2026-08-02 12:56:00,8406.78,Bangalore,0
T00267,U0988,D0418,M032,2026-08-01 06:58:00,4182.68,Pune,0
T00268,U0387,D0110,M045,2026-08-01 09:59:00,2265.32,Mumbai,0
T00269,U0533,D0106,M087,2026-08-23 04:52:00,255.74,Delhi,0
T00270,U0715,D0286,M027,2026-08-01 18:16:00,5341.23,Hyderabad,0
T00271,U0699,D0222,M028,2026-08-23 20:33:00,8150.26,Pune,0
T00272,U0591,D0488,M048,2026-08-05 20:53:00,9188.68,Delhi,0
T00273,U0303,D0199,M050,2026-08-29 04:57:00,5311.91,Hyderabad,0
T00274,U0424,D0483,M076,2026-08-04 14:18:00,3793.21,Mumbai,0
T00275,U0621,D0365,M057,2026-08-11 06:41:00,3069.75,Bangalore,0
T00276,U0820,D0408,M030,2026-08-05 06:07:00,4112.26,Mumbai,0
T00277,U0716,D0319,M033,2026-08-29 23:29:00,193.56,Chennai,0
T00278,U0235,D0331,M081,2026-08-30 08:24:00,7865.33,Delhi,0
T00279,U0248,D0346,M031,2026-08-11 10:57:00,2193.03,Pune,0
T00280,U0731,D0319,M060,2026-08-03 02:51:00,9249.18,Pune,0
T00281,U0438,D0354,M098,2026-08-30 22:49:00,425.73,Hyderabad,0
T00282,U0167,D0182,M044,2026-08-19 03:02:00,9295.86,Hyderabad,0
T00283,U0317,D0364,M056,2026-08-26 18:58:00,8363.04,Mumbai,0
T00284,U0844,D0352,M068,2026-08-18 11:15:00,7580.53,Chennai,0
T00285,U0960,D0428,M036,2026-08-23 18:59:00,7480.02,Hyderabad,0
T00286,U0205,D0126,M081,2026-08-11 13:33:00,8402.88,Hyderabad,0
T00287,U0770,D0469,M076,2026-08-15 20:29:00,393.29,Hyderabad,0
T00288,U0953,D0306,M088,2026-08-11 09:11:00,3622.53,Mumbai,0
T00289,U0593,D0171,M100,2026-08-18 07:08:00,948.37,Delhi,0
T00290,U0453,D0484,M057,2026-08-04 08:17:00,912.18,Chennai,0
T00291,U0540,D0440,M045,2026-08-18 17:34:00,3235.11,Bangalore,0
T00292,U0244,D0078,M065,2026-08-21 05:46:00,3663.18,Hyderabad,0
T00293,U0255,D0143,M037,2026-08-09 12:40:00,4366.7,Delhi,0
T00294,U0719,D0338,M078,2026-08-05 16:49:00,359.99,Hyderabad,0
T00295,U0718,D0123,M067,2026-08-18 12:46:00,222.17,Mumbai,0
T00296,U0548,D0474,M036,2026-08-26 11:09:00,9061.55,Chennai,0
T00297,U0736,D0342,M047,2026-08-18 07:51:00,1778.07,Hyderabad,0
T00298,U0459,D0213,M089,2026-08-07 15:23:00,726.34,Mumbai,0
T00299,U0433,D0291,M064,2026-08-23 00:54:00,7848.4,Hyderabad,0
T00300,U0408,D0202,M089,2026-08-28 00:35:00,6205.02,Mumbai,0
T00301,U0260,D0145,M064,2026-08-01 07:23:00,9493.35,Hyderabad,0
T00302,U0786,D0270,M068,2026-08-21 00:50:00,3413.89,Pune,0
T00303,U0759,D0145,M064,2026-08-15 14:15:00,6071.79,Pune,0
T00304,U0356,D0321,M066,2026-08-09 02:01:00,9649.29,Hyderabad,0
T00305,U0449,D0452,M088,2026-08-27 05:00:00,7841.55,Hyderabad,0
T00306,U0536,D0219,M076,2026-08-17 14:41:00,1227.49,Delhi,0
T00307,U0355,D0379,M095,2026-08-09 04:31:00,6848.96,Delhi,0
T00308,U0178,D0448,M085,2026-08-10 12:59:00,4440.7,Hyderabad,0
T00309,U0860,D0111,M078,2026-08-23 17:22:00,1477.87,Hyderabad,0
T00310,U0398,D0205,M045,2026-08-20 06:10:00,7911.86,Bangalore,0
T00311,U0610,D0382,M087,2026-08-27 11:57:00,4067.97,Delhi,0
T00312,U0859,D0290,M095,2026-08-02 16:09:00,7928.14,Hyderabad,0
T00313,U0869,D0491,M094,2026-08-28 00:36:00,6417.99,Bangalore,0
T00314,U0262,D0469,M057,2026-08-30 22:16:00,6680.47,Chennai,0
T00315,U0813,D0389,M031,2026-08-26 15:11:00,9837.72,Pune,0
T00316,U0813,D0280,M068,2026-08-20 14:10:00,1148.85,Bangalore,0
T00317,U0415,D0189,M091,2026-08-24 14:39:00,5624.13,Pune,0
T00318,U0740,D0189,M083,2026-08-18 00:38:00,3972.23,Pune,0
T00319,U0753,D0429,M090,2026-08-07 20:39:00,3515.18,Bangalore,0
T00320,U0645,D0129,M063,2026-08-19 22:21:00,9213.42,Bangalore,0
T00321,U0269,D0449,M044,2026-08-16 20:28:00,3187.71,Mumbai,0
T00322,U0954,D0181,M092,2026-08-22 23:29:00,3548.17,Bangalore,0
T00323,U0599,D0445,M083,2026-08-15 12:20:00,765.03,Bangalore,0
T00324,U0980,D0439,M040,2026-08-02 00:40:00,8506.88,Pune,0
T00325,U0262,D0422,M047,2026-08-12 02:25:00,5208.34,Delhi,0
T00326,U0314,D0245,M097,2026-08-20 09:42:00,9588.78,Chennai,0
T00327,U0967,D0283,M049,2026-08-09 11:35:00,6440.74,Mumbai,0
T00328,U0556,D0090,M051,2026-08-21 11:03:00,5962.81,Mumbai,0
T00329,U0155,D0436,M053,2026-08-10 08:46:00,2855.61,Pune,0
T00330,U0979,D0483,M034,2026-08-27 06:37:00,1107.35,Delhi,0
T00331,U0342,D0263,M067,2026-08-09 23:15:00,4629.75,Hyderabad,0
T00332,U0837,D0326,M093,2026-08-30 02:04:00,3202.7,Mumbai,0
T00333,U0776,D0276,M040,2026-08-16 20:01:00,3584.65,Mumbai,0
T00334,U0783,D0164,M064,2026-08-28 23:10:00,5942.67,Pune,0
T00335,U0288,D0236,M041,2026-08-11 20:35:00,3123.26,Chennai,0
T00336,U0533,D0431,M044,2026-08-24 05:57:00,3945.79,Delhi,0
T00337,U0292,D0370,M075,2026-08-20 06:04:00,1938.96,Pune,0
T00338,U0701,D0431,M048,2026-08-26 06:06:00,1751.97,Hyderabad,0
T00339,U0294,D0171,M066,2026-08-21 12:36:00,6232.16,Hyderabad,0
T00340,U0160,D0324,M043,2026-08-09 21:07:00,8170.64,Delhi,0
T00341,U0668,D0410,M089,2026-08-19 14:53:00,6878.5,Mumbai,0
T00342,U0878,D0303,M088,2026-08-08 14:41:00,918.44,Bangalore,0
T00343,U0965,D0465,M054,2026-08-14 07:02:00,423.68,Chennai,0
T00344,U0701,D0223,M047,2026-08-21 19:31:00,5699.94,Mumbai,0
T00345,U0713,D0337,M040,2026-08-27 01:33:00,1230.65,Delhi,0
T00346,U0994,D0263,M095,2026-08-02 21:26:00,7624.04,Mumbai,0
T00347,U0710,D0187,M080,2026-08-05 15:51:00,7386.29,Pune,0
T00348,U0920,D0202,M064,2026-08-02 11:12:00,4552.35,Hyderabad,0
T00349,U0987,D0120,M082,2026-08-06 08:13:00,7778.75,Chennai,0
T00350,U0365,D0491,M070,2026-08-28 18:34:00,6364.43,Chennai,0
T00351,U0781,D0147,M052,2026-08-10 10:02:00,8073.86,Delhi,0
T00352,U0510,D0348,M061,2026-08-28 03:55:00,5433.81,Hyderabad,0
T00353,U0871,D0225,M063,2026-08-27 01:34:00,2746.7,Delhi,0
T00354,U0846,D0493,M038,2026-08-07 04:05:00,9631.44,Mumbai,0
T00355,U0211,D0217,M042,2026-08-07 00:56:00,2571.8,Pune,0
T00356,U0480,D0500,M057,2026-08-18 20:56:00,4945.64,Delhi,0
T00357,U0798,D0213,M079,2026-08-18 01:47:00,4574.72,Pune,0
T00358,U0964,D0469,M037,2026-08-19 08:01:00,5204.57,Hyderabad,0
T00359,U0862,D0264,M084,2026-08-23 05:04:00,3340.16,Bangalore,0
T00360,U0943,D0451,M037,2026-08-21 20:44:00,6384.92,Pune,0
T00361,U0517,D0108,M094,2026-08-19 02:24:00,2256.52,Mumbai,0
T00362,U0995,D0184,M089,2026-08-13 05:18:00,3296.36,Hyderabad,0
T00363,U0496,D0356,M099,2026-08-06 22:38:00,5704.81,Mumbai,0
T00364,U0958,D0251,M032,2026-08-03 02:10:00,1085.79,Mumbai,0
T00365,U0167,D0139,M046,2026-08-21 02:00:00,4619.53,Mumbai,0
T00366,U0358,D0428,M042,2026-08-30 13:58:00,3088.47,Hyderabad,0
T00367,U0246,D0411,M072,2026-08-12 09:29:00,915.96,Pune,0
T00368,U0815,D0160,M032,2026-08-19 00:54:00,6293.48,Pune,0
T00369,U0867,D0462,M055,2026-08-20 12:50:00,6589.3,Pune,0
T00370,U0248,D0076,M053,2026-08-22 16:48:00,871.59,Delhi,0
T00371,U0382,D0341,M082,2026-08-01 10:08:00,179.82,Hyderabad,0
T00372,U0987,D0137,M080,2026-08-07 00:22:00,4829.23,Chennai,0
T00373,U0543,D0121,M039,2026-08-05 16:43:00,3202.18,Hyderabad,0
T00374,U0291,D0271,M043,2026-08-30 04:46:00,9930.11,Chennai,0
T00375,U0221,D0347,M098,2026-08-01 09:15:00,6142.16,Chennai,0
T00376,U0601,D0255,M053,2026-08-29 14:01:00,7507.86,Mumbai,0
T00377,U0781,D0427,M082,2026-08-10 21:17:00,958.21,Bangalore,0
T00378,U0294,D0461,M041,2026-08-27 19:58:00,7327.09,Hyderabad,0
T00379,U0590,D0237,M043,2026-08-12 06:38:00,2841.98,Bangalore,0
T00380,U0405,D0359,M062,2026-08-02 05:17:00,8494.13,Pune,0
T00381,U0459,D0181,M092,2026-08-28 14:55:00,5144.27,Pune,0
T00382,U0552,D0227,M032,2026-08-11 21:25:00,4999.39,Bangalore,0
T00383,U0397,D0331,M035,2026-08-25 01:01:00,8898.37,Bangalore,0
T00384,U0520,D0238,M042,2026-08-18 14:31:00,8622.06,Delhi,0
T00385,U0581,D0263,M095,2026-08-08 20:42:00,7650.99,Bangalore,0
T00386,U0168,D0376,M034,2026-08-01 15:03:00,2695.63,Bangalore,0
T00387,U0212,D0480,M076,2026-08-24 01:21:00,2936.23,Pune,0
T00388,U0664,D0468,M079,2026-08-20 06:39:00,7047.93,Bangalore,0
T00389,U0806,D0350,M094,2026-08-29 00:53:00,1611.54,Bangalore,0
T00390,U0468,D0116,M091,2026-08-10 05:56:00,9745.7,Chennai,0
T00391,U0700,D0243,M076,2026-08-27 16:32:00,6379.51,Pune,0
T00392,U0848,D0405,M034,2026-08-15 02:47:00,7016.89,Pune,0
T00393,U0395,D0105,M057,2026-08-04 22:10:00,9253.81,Bangalore,0
T00394,U0615,D0389,M033,2026-08-15 01:49:00,6694.19,Pune,0
T00395,U0909,D0165,M041,2026-08-01 13:50:00,7108.22,Pune,0
T00396,U0162,D0159,M089,2026-08-16 18:41:00,5277.75,Pune,0
T00397,U0416,D0161,M073,2026-08-06 18:38:00,7522.79,Hyderabad,0
T00398,U0901,D0136,M029,2026-08-16 05:55:00,8090.37,Hyderabad,0
T00399,U0687,D0108,M059,2026-08-27 05:51:00,6312.58,Mumbai,0
T00400,U0617,D0337,M072,2026-08-03 12:33:00,5046.14,Delhi,0
T00401,U0321,D0264,M046,2026-08-12 14:39:00,7755.96,Delhi,0
T00402,U0841,D0446,M040,2026-08-11 09:28:00,7433.72,Bangalore,0
T00403,U0196,D0082,M057,2026-08-03 02:13:00,4770.47,Mumbai,0
T00404,U0304,D0167,M030,2026-08-26 03:52:00,8050.84,Pune,0
T00405,U0909,D0411,M079,2026-08-11 05:13:00,3285.84,Mumbai,0
T00406,U0888,D0239,M060,2026-08-04 13:04:00,5758.21,Bangalore,0
T00407,U0665,D0420,M032,2026-08-09 03:53:00,2309.53,Delhi,0
T00408,U0198,D0281,M034,2026-08-22 04:00:00,8673.72,Hyderabad,0
T00409,U0486,D0120,M096,2026-08-21 18:53:00,178.89,Chennai,0
T00410,U0449,D0364,M064,2026-08-29 08:10:00,2501.58,Hyderabad,0
T00411,U0756,D0328,M051,2026-08-25 20:59:00,7628.77,Chennai,0
T00412,U0305,D0079,M078,2026-08-02 02:06:00,2406.68,Hyderabad,0
T00413,U0802,D0431,M027,2026-08-16 05:55:00,114.47,Pune,0
T00414,U0536,D0453,M065,2026-08-05 17:32:00,2131.42,Chennai,0
T00415,U0580,D0327,M033,2026-08-07 11:30:00,7145.36,Bangalore,0
T00416,U0195,D0194,M092,2026-08-19 19:10:00,7038.38,Hyderabad,0
T00417,U0620,D0458,M036,2026-08-27 10:21:00,1046.21,Chennai,0
T00418,U0803,D0495,M076,2026-08-04 09:44:00,5959.77,Bangalore,0
T00419,U0596,D0415,M042,2026-08-11 18:37:00,2987.59,Hyderabad,0
T00420,U0971,D0277,M067,2026-08-15 11:24:00,4582.3,Chennai,0
T00421,U0227,D0179,M043,2026-08-27 14:39:00,1178.83,Bangalore,0
T00422,U0319,D0306,M085,2026-08-15 07:00:00,4124.47,Delhi,0
T00423,U0517,D0470,M052,2026-08-21 13:36:00,3152.25,Hyderabad,0
T00424,U0273,D0122,M046,2026-08-14 20:17:00,8281.23,Pune,0
T00425,U0768,D0096,M053,2026-08-15 22:02:00,1568.41,Pune,0
T00426,U0405,D0258,M076,2026-08-24 08:50:00,584.61,Hyderabad,0
T00427,U0417,D0495,M048,2026-08-02 09:56:00,9525.76,Mumbai,0
T00428,U0720,D0459,M096,2026-08-12 08:54:00,1037.78,Bangalore,0
T00429,U0974,D0482,M043,2026-08-06 12:39:00,218.37,Chennai,0
T00430,U0284,D0177,M077,2026-08-17 22:35:00,6894.22,Pune,0
T00431,U0237,D0374,M059,2026-08-04 09:54:00,315.82,Bangalore,0
T00432,U0353,D0406,M082,2026-08-06 20:40:00,1010.59,Hyderabad,0
T00433,U0276,D0097,M085,2026-08-03 07:18:00,1763.09,Delhi,0
T00434,U0594,D0496,M076,2026-08-23 13:54:00,391.87,Pune,0
T00435,U0587,D0164,M071,2026-08-10 18:31:00,9092.21,Hyderabad,0
T00436,U0437,D0304,M045,2026-08-02 13:50:00,6179.66,Delhi,0
T00437,U0402,D0407,M063,2026-08-23 16:55:00,4178.72,Delhi,0
T00438,U0641,D0107,M037,2026-08-13 17:35:00,3891.85,Mumbai,0
T00439,U0355,D0405,M093,2026-08-12 08:08:00,6344.47,Delhi,0
T00440,U0964,D0085,M074,2026-08-17 08:14:00,4848.88,Mumbai,0
T00441,U0503,D0365,M090,2026-08-15 15:16:00,3944.97,Chennai,0
T00442,U0177,D0239,M054,2026-08-02 08:00:00,8968.07,Hyderabad,0
T00443,U0210,D0490,M086,2026-08-25 02:16:00,3638.59,Delhi,0
T00444,U0389,D0157,M038,2026-08-12 06:43:00,6602.96,Hyderabad,0
T00445,U0697,D0493,M033,2026-08-10 23:39:00,5799.35,Mumbai,0
T00446,U0514,D0164,M048,2026-08-11 18:22:00,5965.94,Pune,0
T00447,U0865,D0259,M029,2026-08-17 00:07:00,9480.83,Delhi,0
T00448,U0296,D0364,M050,2026-08-23 09:38:00,5467.03,Chennai,0
T00449,U0653,D0095,M037,2026-08-03 13:21:00,2402.97,Chennai,0
T00450,U0171,D0345,M087,2026-08-01 00:44:00,3384.17,Delhi,0
T00451,U0357,D0488,M042,2026-08-16 12:11:00,7197.68,Hyderabad,0
T00452,U0211,D0087,M044,2026-08-27 16:44:00,7076.49,Chennai,0
T00453,U0943,D0132,M093,2026-08-17 14:33:00,9609.53,Hyderabad,0
T00454,U0872,D0415,M076,2026-08-27 16:05:00,1100.22,Hyderabad,0
T00455,U0481,D0145,M046,2026-08-20 21:10:00,7939.24,Mumbai,0
T00456,U0815,D0238,M048,2026-08-26 13:49:00,6966.25,Delhi,0
T00457,U0956,D0258,M054,2026-08-27 19:17:00,8163.1,Mumbai,0
T00458,U0465,D0451,M063,2026-08-06 19:05:00,1859.31,Bangalore,0
T00459,U0869,D0369,M076,2026-08-26 19:50:00,420.59,Delhi,0
T00460,U0476,D0490,M054,2026-08-30 02:39:00,5698.95,Mumbai,0
T00461,U0295,D0245,M035,2026-08-11 19:57:00,3533.42,Hyderabad,0
T00462,U0322,D0401,M037,2026-08-30 02:04:00,7319.93,Hyderabad,0
T00463,U0608,D0081,M059,2026-08-10 13:01:00,2570.45,Bangalore,0
T00464,U0509,D0207,M039,2026-08-01 01:23:00,576.66,Mumbai,0
T00465,U0901,D0290,M047,2026-08-19 20:13:00,4981.51,Mumbai,0
T00466,U0510,D0355,M074,2026-08-05 14:47:00,8305.19,Delhi,0
T00467,U0817,D0464,M054,2026-08-08 09:39:00,4567.75,Bangalore,0
T00468,U0452,D0086,M066,2026-08-12 21:13:00,9521.46,Bangalore,0
T00469,U0501,D0163,M074,2026-08-08 07:45:00,7346.65,Delhi,0
T00470,U0246,D0249,M087,2026-08-02 09:51:00,4370.1,Pune,0
T00471,U0319,D0386,M081,2026-08-08 03:35:00,630.2,Hyderabad,0
T00472,U0361,D0173,M078,2026-08-26 05:14:00,7248.18,Pune,0
T00473,U0704,D0211,M062,2026-08-14 12:50:00,2451.73,Bangalore,0
T00474,U0553,D0368,M096,2026-08-23 08:14:00,1620.54,Hyderabad,0
T00475,U0154,D0294,M037,2026-08-14 09:43:00,8256.58,Pune,0
T00476,U0765,D0321,M051,2026-08-05 09:56:00,354.78,Chennai,0
T00477,U0804,D0225,M036,2026-08-22 13:15:00,8453.31,Hyderabad,0
T00478,U0954,D0279,M086,2026-08-23 06:13:00,8959.29,Hyderabad,0
T00479,U0244,D0404,M095,2026-08-18 15:16:00,1930.32,Mumbai,0
T00480,U0529,D0171,M083,2026-08-03 00:44:00,2706.63,Mumbai,0
T00481,U0420,D0191,M060,2026-08-26 16:18:00,710.23,Pune,0
T00482,U0834,D0125,M036,2026-08-16 15:30:00,8100.98,Mumbai,0
T00483,U0925,D0377,M055,2026-08-26 04:40:00,703.74,Mumbai,0
T00484,U0989,D0343,M079,2026-08-25 08:55:00,6901.97,Mumbai,0
T00485,U0737,D0196,M086,2026-08-14 14:25:00,881.65,Pune,0
T00486,U0186,D0333,M099,2026-08-24 12:30:00,8024.46,Pune,0
T00487,U0786,D0151,M041,2026-08-21 10:28:00,1811.5,Chennai,0
T00488,U0367,D0489,M050,2026-08-06 17:49:00,522.49,Bangalore,0
T00489,U0850,D0298,M051,2026-08-29 13:05:00,1563.99,Delhi,0
T00490,U0415,D0239,M034,2026-08-04 23:03:00,3942.18,Mumbai,0
T00491,U0716,D0242,M061,2026-08-24 15:38:00,4635.76,Bangalore,0
T00492,U0956,D0434,M092,2026-08-20 02:18:00,1213.94,Chennai,0
T00493,U0302,D0366,M100,2026-08-05 13:26:00,9256.79,Delhi,0
T00494,U0949,D0127,M062,2026-08-25 09:03:00,8813.34,Mumbai,0
T00495,U0421,D0272,M088,2026-08-27 00:48:00,6128.73,Bangalore,0
T00496,U0327,D0217,M077,2026-08-07 13:07:00,6220.62,Pune,0
T00497,U0861,D0281,M030,2026-08-19 00:18:00,8906.78,Hyderabad,0
T00498,U0858,D0197,M032,2026-08-22 15:03:00,9216.27,Hyderabad,0
T00499,U0171,D0248,M064,2026-08-15 03:38:00,2875.43,Mumbai,0
T00500,U0863,D0426,M038,2026-08-11 08:59:00,1430.42,Pune,0
T00501,U0604,D0472,M067,2026-08-13 06:16:00,7315.11,Delhi,0
T00502,U0812,D0121,M050,2026-08-21 02:28:00,2192.77,Mumbai,0
T00503,U0909,D0324,M092,2026-08-18 00:24:00,8228.07,Delhi,0
T00504,U0961,D0157,M034,2026-08-15 03:49:00,7124.74,Mumbai,0
T00505,U0289,D0475,M093,2026-08-26 21:08:00,386.59,Chennai,0
T00506,U0356,D0105,M057,2026-08-02 12:07:00,4618.84,Hyderabad,0
T00507,U0872,D0177,M061,2026-08-17 18:20:00,8252.71,Delhi,0
T00508,U0557,D0401,M041,2026-08-02 09:22:00,2495.19,Mumbai,0
T00509,U0759,D0304,M048,2026-08-22 14:22:00,5910.11,Hyderabad,0
T00510,U0503,D0159,M059,2026-08-05 02:43:00,2922.19,Mumbai,0
T00511,U0201,D0159,M099,2026-08-10 18:05:00,8585.4,Pune,0
T00512,U0381,D0422,M052,2026-08-13 05:54:00,6550.71,Delhi,0
T00513,U0171,D0475,M027,2026-08-22 13:50:00,9124.0,Pune,0
T00514,U0328,D0383,M027,2026-08-11 04:24:00,2598.67,Hyderabad,0
T00515,U0880,D0439,M061,2026-08-20 06:54:00,8965.28,Hyderabad,0
T00516,U0621,D0205,M053,2026-08-22 05:45:00,3091.24,Delhi,0
T00517,U0995,D0395,M076,2026-08-27 14:24:00,1112.89,Delhi,0
T00518,U0829,D0267,M097,2026-08-30 11:04:00,5978.35,Hyderabad,0
T00519,U0456,D0426,M039,2026-08-22 22:11:00,731.99,Hyderabad,0
T00520,U0806,D0242,M061,2026-08-12 21:14:00,6595.58,Pune,0
T00521,U0456,D0172,M045,2026-08-24 13:01:00,7678.2,Bangalore,0
T00522,U0975,D0486,M077,2026-08-15 13:04:00,6839.48,Pune,0
T00523,U0177,D0411,M089,2026-08-14 10:52:00,2668.32,Mumbai,0
T00524,U0565,D0274,M030,2026-08-27 12:49:00,7109.88,Delhi,0
T00525,U0986,D0173,M069,2026-08-11 02:52:00,6894.55,Pune,0
T00526,U0954,D0319,M071,2026-08-24 02:07:00,3071.93,Chennai,0
T00527,U0824,D0361,M049,2026-08-14 08:53:00,1066.27,Chennai,0
T00528,U0909,D0208,M097,2026-08-09 07:57:00,9474.54,Hyderabad,0
T00529,U0821,D0121,M054,2026-08-17 04:03:00,2310.95,Hyderabad,0
T00530,U0581,D0479,M068,2026-08-17 21:58:00,2679.54,Hyderabad,0
T00531,U0625,D0136,M086,2026-08-03 10:37:00,8677.29,Delhi,0
T00532,U0745,D0393,M035,2026-08-22 11:47:00,8905.32,Delhi,0
T00533,U0273,D0424,M074,2026-08-25 02:43:00,3053.72,Bangalore,0
T00534,U0305,D0146,M051,2026-08-16 14:17:00,4151.0,Delhi,0
T00535,U0619,D0149,M066,2026-08-09 04:59:00,7811.52,Mumbai,0
T00536,U0491,D0399,M048,2026-08-15 06:19:00,6381.54,Bangalore,0
T00537,U0613,D0216,M052,2026-08-08 16:09:00,5805.16,Chennai,0
T00538,U0652,D0478,M037,2026-08-06 21:20:00,6183.35,Pune,0
T00539,U0590,D0282,M080,2026-08-22 17:26:00,3894.83,Bangalore,0
T00540,U0697,D0178,M073,2026-08-01 15:22:00,8930.86,Delhi,0
T00541,U0346,D0085,M026,2026-08-29 12:30:00,7362.67,Chennai,0
T00542,U0861,D0252,M065,2026-08-06 20:49:00,1116.81,Delhi,0
T00543,U0753,D0232,M047,2026-08-03 23:18:00,8256.05,Hyderabad,0
T00544,U0448,D0309,M092,2026-08-28 03:23:00,5288.76,Mumbai,0
T00545,U0854,D0144,M069,2026-08-23 07:24:00,3656.58,Chennai,0
T00546,U0319,D0491,M077,2026-08-01 20:53:00,2361.34,Pune,0
T00547,U0285,D0184,M028,2026-08-27 20:06:00,5095.87,Bangalore,0
T00548,U0526,D0440,M030,2026-08-18 01:48:00,8777.79,Hyderabad,0
T00549,U0940,D0349,M032,2026-08-28 00:43:00,9947.33,Pune,0
T00550,U0261,D0410,M028,2026-08-03 04:41:00,6928.52,Mumbai,0
T00551,U0605,D0270,M041,2026-08-25 21:46:00,2602.11,Pune,0
T00552,U0307,D0181,M027,2026-08-14 16:53:00,4266.63,Bangalore,0
T00553,U0829,D0342,M060,2026-08-29 08:15:00,6095.78,Chennai,0
T00554,U0579,D0129,M091,2026-08-29 02:41:00,1265.57,Bangalore,0
T00555,U0954,D0130,M089,2026-08-10 00:58:00,6129.12,Hyderabad,0
T00556,U0686,D0179,M071,2026-08-19 15:33:00,3023.98,Bangalore,0
T00557,U0712,D0330,M052,2026-08-22 21:00:00,3372.98,Bangalore,0
T00558,U0164,D0419,M037,2026-08-06 00:37:00,8368.8,Pune,0
T00559,U0656,D0152,M037,2026-08-24 06:55:00,842.98,Pune,0
T00560,U0254,D0207,M055,2026-08-21 18:53:00,9887.79,Hyderabad,0
T00561,U0421,D0313,M032,2026-08-05 13:01:00,8150.47,Bangalore,0
T00562,U0448,D0260,M066,2026-08-20 09:18:00,7411.55,Bangalore,0
T00563,U0927,D0099,M027,2026-08-07 07:09:00,6667.21,Chennai,0
T00564,U0487,D0259,M082,2026-08-29 07:10:00,2756.26,Pune,0
T00565,U0246,D0266,M069,2026-08-09 07:44:00,1226.94,Mumbai,0
T00566,U0618,D0215,M075,2026-08-22 18:22:00,8019.0,Pune,0
T00567,U0967,D0161,M040,2026-08-07 00:44:00,6992.08,Bangalore,0
T00568,U0314,D0129,M079,2026-08-27 21:15:00,4878.48,Delhi,0
T00569,U0845,D0300,M049,2026-08-28 19:43:00,3859.53,Hyderabad,0
T00570,U0777,D0090,M042,2026-08-22 23:39:00,9211.94,Bangalore,0
T00571,U0572,D0301,M031,2026-08-03 21:10:00,2689.97,Hyderabad,0
T00572,U0163,D0436,M093,2026-08-27 05:51:00,7265.36,Chennai,0
T00573,U0836,D0249,M092,2026-08-24 19:22:00,6913.59,Delhi,0
T00574,U0248,D0297,M057,2026-08-22 22:23:00,3522.92,Pune,0
T00575,U0807,D0273,M045,2026-08-26 09:51:00,8931.41,Delhi,0
T00576,U0206,D0081,M046,2026-08-24 00:12:00,8503.57,Mumbai,0
T00577,U0320,D0114,M088,2026-08-15 14:13:00,2484.83,Hyderabad,0
T00578,U0202,D0335,M054,2026-08-26 01:17:00,6468.84,Mumbai,0
T00579,U0987,D0196,M036,2026-08-21 21:27:00,4497.47,Delhi,0
T00580,U0609,D0121,M089,2026-08-21 08:19:00,3229.01,Mumbai,0
T00581,U0914,D0410,M028,2026-08-05 16:06:00,4094.05,Bangalore,0
T00582,U0721,D0357,M026,2026-08-05 03:16:00,7938.65,Delhi,0
T00583,U0803,D0231,M091,2026-08-26 14:13:00,2147.83,Pune,0
T00584,U0618,D0250,M072,2026-08-03 11:16:00,8184.23,Mumbai,0
T00585,U0490,D0362,M086,2026-08-30 21:48:00,3696.62,Mumbai,0
T00586,U0267,D0125,M054,2026-08-01 02:23:00,3479.44,Pune,0
T00587,U0970,D0225,M096,2026-08-24 18:08:00,3801.51,Bangalore,0
T00588,U0197,D0160,M089,2026-08-07 09:24:00,8236.2,Pune,0
T00589,U0889,D0285,M039,2026-08-12 13:45:00,6147.43,Chennai,0
T00590,U0274,D0277,M053,2026-08-21 19:12:00,8263.09,Chennai,0
T00591,U0884,D0249,M039,2026-08-19 20:42:00,560.35,Pune,0
T00592,U0839,D0377,M041,2026-08-21 12:04:00,4628.14,Delhi,0
T00593,U0667,D0144,M089,2026-08-01 04:44:00,5350.61,Bangalore,0
T00594,U0717,D0297,M100,2026-08-22 23:29:00,9251.27,Chennai,0
T00595,U0859,D0372,M048,2026-08-06 20:13:00,1125.18,Pune,0
T00596,U0765,D0386,M067,2026-08-23 22:37:00,8825.77,Mumbai,0
T00597,U0774,D0430,M057,2026-08-13 10:50:00,4038.91,Hyderabad,0
T00598,U0452,D0307,M043,2026-08-07 06:55:00,4186.18,Pune,0
T00599,U0917,D0338,M064,2026-08-25 22:21:00,8621.0,Pune,0
T00600,U0905,D0359,M053,2026-08-10 03:25:00,2176.16,Pune,0
T00601,U0448,D0427,M070,2026-08-07 00:54:00,9815.22,Pune,0
T00602,U0333,D0333,M095,2026-08-29 23:38:00,3291.58,Bangalore,0
T00603,U0930,D0256,M097,2026-08-22 20:41:00,5869.78,Pune,0
T00604,U0878,D0289,M094,2026-08-14 00:18:00,8787.02,Mumbai,0
T00605,U0978,D0082,M092,2026-08-05 20:17:00,350.19,Chennai,0
T00606,U0205,D0419,M033,2026-08-10 02:20:00,2743.08,Chennai,0
T00607,U0444,D0425,M058,2026-08-07 15:56:00,8409.88,Pune,0
T00608,U0954,D0227,M052,2026-08-25 15:06:00,419.83,Mumbai,0
T00609,U0255,D0391,M097,2026-08-11 05:00:00,7449.89,Delhi,0
T00610,U0549,D0197,M091,2026-08-14 02:10:00,6960.07,Bangalore,0
T00611,U0541,D0274,M079,2026-08-15 05:30:00,9661.75,Bangalore,0
T00612,U0164,D0456,M058,2026-08-10 05:49:00,6243.56,Mumbai,0
T00613,U1000,D0191,M073,2026-08-27 18:40:00,5511.49,Delhi,0
T00614,U0352,D0473,M050,2026-08-14 09:19:00,4543.27,Pune,0
T00615,U0227,D0171,M048,2026-08-24 09:15:00,1281.6,Bangalore,0
T00616,U0589,D0218,M097,2026-08-13 00:37:00,1387.66,Delhi,0
T00617,U0412,D0078,M068,2026-08-22 05:21:00,7125.92,Chennai,0
T00618,U0191,D0154,M067,2026-08-28 03:57:00,603.47,Pune,0
T00619,U0781,D0414,M064,2026-08-23 07:48:00,7920.09,Delhi,0
T00620,U0517,D0113,M066,2026-08-24 21:52:00,2277.62,Chennai,0
T00621,U0684,D0110,M090,2026-08-08 06:04:00,4217.72,Delhi,0
T00622,U0564,D0123,M070,2026-08-11 01:36:00,8845.63,Pune,0
T00623,U0490,D0245,M072,2026-08-14 08:39:00,2262.61,Delhi,0
T00624,U0694,D0319,M097,2026-08-30 13:12:00,187.16,Pune,0
T00625,U0505,D0304,M056,2026-08-30 05:31:00,6175.64,Delhi,0
T00626,U0400,D0096,M067,2026-08-18 08:33:00,9167.73,Bangalore,0
T00627,U0546,D0207,M095,2026-08-13 20:55:00,344.59,Delhi,0
T00628,U0992,D0470,M073,2026-08-24 09:45:00,8047.89,Mumbai,0
T00629,U0649,D0098,M063,2026-08-30 15:38:00,2005.87,Delhi,0
T00630,U0235,D0125,M047,2026-08-25 11:36:00,5378.74,Pune,0
T00631,U0218,D0183,M053,2026-08-20 07:20:00,8373.08,Chennai,0
T00632,U0701,D0500,M081,2026-08-30 10:13:00,8185.87,Bangalore,0
T00633,U0915,D0427,M045,2026-08-02 01:56:00,4646.33,Hyderabad,0
T00634,U0189,D0120,M035,2026-08-03 11:16:00,1862.12,Hyderabad,0
T00635,U0722,D0112,M099,2026-08-11 08:38:00,9118.77,Mumbai,0
T00636,U0548,D0306,M077,2026-08-20 16:58:00,3232.4,Mumbai,0
T00637,U0840,D0136,M094,2026-08-01 06:26:00,6450.09,Delhi,0
T00638,U0215,D0463,M100,2026-08-03 01:42:00,7038.73,Bangalore,0
T00639,U0517,D0333,M039,2026-08-14 04:34:00,7890.23,Hyderabad,0
T00640,U0772,D0120,M062,2026-08-20 22:03:00,3875.99,Pune,0
T00641,U0182,D0318,M046,2026-08-25 06:41:00,2276.67,Pune,0
T00642,U0551,D0483,M095,2026-08-14 10:11:00,9605.33,Chennai,0
T00643,U0456,D0422,M073,2026-08-01 12:10:00,5579.89,Delhi,0
T00644,U0295,D0139,M031,2026-08-01 05:29:00,5769.91,Mumbai,0
T00645,U0701,D0356,M036,2026-08-14 20:48:00,2179.52,Pune,0
T00646,U0894,D0252,M053,2026-08-19 18:43:00,9065.72,Delhi,0
T00647,U0296,D0158,M049,2026-08-11 01:09:00,6207.16,Hyderabad,0
T00648,U0349,D0134,M049,2026-08-26 19:38:00,8537.29,Delhi,0
T00649,U0623,D0406,M096,2026-08-04 07:53:00,2977.46,Bangalore,0
T00650,U0407,D0126,M051,2026-08-27 10:09:00,4923.19,Hyderabad,0
T00651,U0516,D0141,M056,2026-08-05 13:16:00,2922.86,Bangalore,0
T00652,U0349,D0238,M088,2026-08-21 12:13:00,3350.63,Pune,0
T00653,U0464,D0431,M100,2026-08-07 22:27:00,5698.96,Hyderabad,0
T00654,U0978,D0237,M080,2026-08-08 16:11:00,147.84,Chennai,0
T00655,U0955,D0189,M081,2026-08-13 14:12:00,8417.09,Chennai,0
T00656,U0846,D0451,M068,2026-08-22 20:14:00,4682.2,Hyderabad,0
T00657,U0944,D0232,M088,2026-08-26 02:34:00,1177.44,Pune,0
T00658,U0772,D0117,M061,2026-08-07 08:55:00,8923.84,Chennai,0
T00659,U0420,D0451,M035,2026-08-04 10:21:00,8931.84,Delhi,0
T00660,U0797,D0091,M100,2026-08-27 08:18:00,4110.83,Delhi,0
T00661,U0368,D0094,M096,2026-08-12 20:39:00,5480.35,Delhi,0
T00662,U0634,D0410,M045,2026-08-17 15:34:00,3985.73,Delhi,0
T00663,U0901,D0224,M043,2026-08-22 03:34:00,5061.12,Bangalore,0
T00664,U0557,D0262,M090,2026-08-01 11:34:00,6660.52,Delhi,0
T00665,U0851,D0160,M091,2026-08-07 09:19:00,4517.58,Chennai,0
T00666,U0730,D0365,M044,2026-08-23 00:06:00,9397.84,Bangalore,0
T00667,U0375,D0465,M088,2026-08-11 13:07:00,722.33,Hyderabad,0
T00668,U0390,D0097,M052,2026-08-24 13:40:00,9086.49,Hyderabad,0
T00669,U0548,D0316,M084,2026-08-03 02:43:00,495.06,Pune,0
T00670,U0482,D0128,M092,2026-08-29 20:01:00,8313.51,Pune,0
T00671,U0420,D0372,M095,2026-08-26 22:46:00,1821.11,Pune,0
T00672,U0538,D0263,M035,2026-08-24 12:20:00,2590.71,Chennai,0
T00673,U0679,D0283,M071,2026-08-16 16:52:00,4919.93,Mumbai,0
T00674,U0769,D0079,M090,2026-08-07 07:47:00,4455.0,Chennai,0
T00675,U0229,D0339,M061,2026-08-10 15:01:00,1587.38,Chennai,0
T00676,U0521,D0384,M041,2026-08-11 11:35:00,4204.68,Hyderabad,0
T00677,U0888,D0134,M087,2026-08-22 18:59:00,4842.31,Delhi,0
T00678,U0316,D0407,M078,2026-08-02 00:31:00,2512.34,Chennai,0
T00679,U0738,D0379,M046,2026-08-07 03:09:00,6332.45,Bangalore,0
T00680,U0737,D0151,M033,2026-08-08 13:41:00,2656.77,Chennai,0
T00681,U0680,D0283,M098,2026-08-30 00:27:00,284.34,Pune,0
T00682,U0896,D0414,M062,2026-08-04 21:39:00,2244.27,Delhi,0
T00683,U0633,D0322,M047,2026-08-10 23:36:00,8320.6,Delhi,0
T00684,U0297,D0482,M100,2026-08-09 06:39:00,6269.8,Delhi,0
T00685,U0421,D0161,M069,2026-08-21 15:18:00,6005.68,Bangalore,0
T00686,U0386,D0269,M075,2026-08-07 00:24:00,1174.84,Chennai,0
T00687,U0686,D0334,M079,2026-08-07 19:21:00,6094.56,Chennai,0
T00688,U0638,D0390,M030,2026-08-25 04:27:00,5082.96,Bangalore,0
T00689,U0246,D0322,M042,2026-08-28 11:09:00,5438.93,Bangalore,0
T00690,U0944,D0423,M081,2026-08-24 18:12:00,4264.77,Bangalore,0
T00691,U0865,D0347,M080,2026-08-11 10:39:00,9390.37,Mumbai,0
T00692,U0959,D0469,M074,2026-08-16 22:51:00,5931.58,Pune,0
T00693,U0930,D0432,M099,2026-08-05 10:43:00,4312.35,Hyderabad,0
T00694,U0639,D0468,M055,2026-08-04 19:33:00,2904.34,Delhi,0
T00695,U0569,D0207,M050,2026-08-01 05:58:00,7120.57,Bangalore,0
T00696,U0742,D0343,M041,2026-08-24 15:43:00,171.22,Pune,0
T00697,U0361,D0428,M066,2026-08-19 14:34:00,3686.47,Chennai,0
T00698,U0587,D0409,M100,2026-08-12 13:02:00,2686.9,Delhi,0
T00699,U0584,D0365,M072,2026-08-28 20:20:00,2828.05,Pune,0
T00700,U0557,D0462,M052,2026-08-19 19:21:00,5565.84,Delhi,0
T00701,U0645,D0167,M073,2026-08-26 10:40:00,5593.62,Hyderabad,0
T00702,U0465,D0371,M070,2026-08-19 02:51:00,7384.25,Pune,0
T00703,U0272,D0458,M055,2026-08-21 07:48:00,7852.78,Chennai,0
T00704,U0253,D0185,M091,2026-08-19 05:31:00,7882.2,Delhi,0
T00705,U0779,D0432,M032,2026-08-08 07:34:00,3952.13,Pune,0
T00706,U0156,D0487,M037,2026-08-07 14:44:00,4769.52,Delhi,0
T00707,U0596,D0121,M034,2026-08-12 23:21:00,2295.53,Bangalore,0
T00708,U0774,D0095,M075,2026-08-19 05:36:00,6178.26,Delhi,0
T00709,U0444,D0440,M033,2026-08-08 23:26:00,6438.88,Mumbai,0
T00710,U0161,D0179,M092,2026-08-14 00:23:00,2027.99,Delhi,0
T00711,U0673,D0340,M055,2026-08-28 23:57:00,1777.88,Bangalore,0
T00712,U0519,D0198,M026,2026-08-08 03:58:00,959.74,Hyderabad,0
T00713,U0949,D0280,M071,2026-08-18 23:36:00,4113.96,Chennai,0
T00714,U0681,D0083,M034,2026-08-05 02:29:00,5540.97,Pune,0
T00715,U1000,D0362,M100,2026-08-16 20:12:00,3540.0,Hyderabad,0
T00716,U0382,D0386,M050,2026-08-21 16:43:00,9304.17,Delhi,0
T00717,U0155,D0209,M048,2026-08-19 12:41:00,5111.76,Delhi,0
T00718,U0225,D0333,M063,2026-08-16 11:20:00,9475.45,Delhi,0
T00719,U0414,D0351,M099,2026-08-12 09:13:00,6972.5,Mumbai,0
T00720,U0727,D0323,M057,2026-08-16 11:00:00,9616.26,Mumbai,0
T00721,U0848,D0311,M029,2026-08-22 22:26:00,1251.06,Bangalore,0
T00722,U0542,D0400,M054,2026-08-11 11:08:00,8021.6,Mumbai,0
T00723,U0512,D0340,M094,2026-08-01 10:37:00,7038.1,Hyderabad,0
T00724,U0405,D0223,M037,2026-08-19 03:44:00,6769.61,Hyderabad,0
T00725,U0228,D0359,M048,2026-08-22 16:31:00,3207.34,Chennai,0
T00726,U0738,D0213,M049,2026-08-09 15:42:00,5040.09,Chennai,0
T00727,U0391,D0452,M056,2026-08-13 01:53:00,2147.11,Chennai,0
T00728,U0406,D0392,M071,2026-08-08 02:23:00,7811.49,Bangalore,0
T00729,U0231,D0422,M089,2026-08-28 22:27:00,165.57,Delhi,0
T00730,U0194,D0322,M073,2026-08-29 05:56:00,3222.63,Delhi,0
T00731,U0432,D0327,M049,2026-08-24 06:17:00,2874.64,Chennai,0
T00732,U0919,D0371,M042,2026-08-03 11:08:00,5304.78,Mumbai,0
T00733,U0640,D0352,M030,2026-08-23 20:50:00,3538.16,Pune,0
T00734,U0945,D0165,M084,2026-08-06 11:28:00,7012.62,Mumbai,0
T00735,U0474,D0428,M027,2026-08-01 12:54:00,6773.62,Mumbai,0
T00736,U0745,D0127,M067,2026-08-17 10:57:00,6166.5,Hyderabad,0
T00737,U0342,D0356,M059,2026-08-11 19:01:00,2767.14,Delhi,0
T00738,U0502,D0263,M049,2026-08-23 16:47:00,4297.03,Mumbai,0
T00739,U0868,D0461,M073,2026-08-17 14:45:00,8557.83,Hyderabad,0
T00740,U0612,D0168,M099,2026-08-06 23:14:00,9794.8,Pune,0
T00741,U0385,D0492,M038,2026-08-13 06:51:00,8060.47,Delhi,0
T00742,U0593,D0271,M051,2026-08-07 15:18:00,8020.37,Pune,0
T00743,U0304,D0318,M027,2026-08-09 00:54:00,4273.05,Chennai,0
T00744,U0796,D0340,M094,2026-08-15 08:51:00,7874.8,Hyderabad,0
T00745,U0407,D0363,M098,2026-08-03 04:06:00,4044.18,Pune,0
T00746,U0318,D0106,M053,2026-08-12 13:45:00,4817.74,Pune,0
T00747,U0249,D0306,M068,2026-08-12 19:44:00,3673.52,Delhi,0
T00748,U0721,D0490,M058,2026-08-16 15:53:00,296.37,Bangalore,0
T00749,U0510,D0423,M051,2026-08-27 06:04:00,5801.36,Pune,0
T00750,U0702,D0165,M062,2026-08-17 03:52:00,3318.39,Delhi,0
T00751,U0650,D0472,M083,2026-08-04 13:38:00,3872.6,Hyderabad,0
T00752,U0625,D0399,M044,2026-08-08 15:02:00,6441.75,Hyderabad,0
T00753,U0582,D0399,M099,2026-08-19 10:07:00,8504.12,Bangalore,0
T00754,U0232,D0158,M069,2026-08-11 09:16:00,3203.47,Pune,0
T00755,U0449,D0439,M060,2026-08-28 13:14:00,6481.98,Hyderabad,0
T00756,U0606,D0475,M072,2026-08-27 17:04:00,5257.26,Mumbai,0
T00757,U0574,D0161,M049,2026-08-02 01:13:00,1337.9,Chennai,0
T00758,U0828,D0204,M036,2026-08-10 14:00:00,1752.41,Bangalore,0
T00759,U0248,D0108,M086,2026-08-25 23:02:00,632.87,Mumbai,0
T00760,U0687,D0467,M036,2026-08-05 17:31:00,2698.28,Chennai,0
T00761,U0237,D0411,M075,2026-08-15 01:54:00,2370.62,Pune,0
T00762,U0441,D0302,M042,2026-08-06 23:23:00,5314.75,Chennai,0
T00763,U0180,D0093,M071,2026-08-15 19:12:00,8655.99,Mumbai,0
T00764,U0704,D0215,M096,2026-08-21 05:53:00,1437.64,Pune,0
T00765,U0703,D0166,M084,2026-08-29 17:16:00,7514.22,Delhi,0
T00766,U0596,D0344,M094,2026-08-15 02:13:00,9098.34,Mumbai,0
T00767,U0703,D0192,M037,2026-08-21 02:37:00,3147.9,Mumbai,0
T00768,U0417,D0155,M064,2026-08-01 11:31:00,100.91,Chennai,0
T00769,U0503,D0222,M086,2026-08-25 08:28:00,182.34,Mumbai,0
T00770,U0924,D0320,M064,2026-08-01 09:58:00,7682.11,Hyderabad,0
T00771,U0762,D0194,M026,2026-08-25 22:47:00,3799.07,Mumbai,0
T00772,U0725,D0299,M076,2026-08-12 08:57:00,1716.37,Pune,0
T00773,U0812,D0275,M074,2026-08-11 00:56:00,2703.5,Mumbai,0
T00774,U0791,D0198,M092,2026-08-28 21:47:00,8094.99,Pune,0
T00775,U0429,D0221,M094,2026-08-13 05:37:00,4187.75,Bangalore,0
T00776,U0337,D0145,M063,2026-08-06 00:32:00,6405.24,Delhi,0
T00777,U0614,D0215,M088,2026-08-09 13:06:00,3274.37,Chennai,0
T00778,U0201,D0349,M028,2026-08-09 11:05:00,9726.09,Hyderabad,0
T00779,U0426,D0140,M082,2026-08-01 08:57:00,2404.82,Chennai,0
T00780,U0166,D0328,M053,2026-08-16 13:27:00,4260.41,Mumbai,0
T00781,U0531,D0313,M030,2026-08-16 00:43:00,894.21,Chennai,0
T00782,U0208,D0212,M076,2026-08-04 05:58:00,5477.6,Chennai,0
T00783,U0347,D0204,M074,2026-08-01 13:46:00,1307.42,Pune,0
T00784,U0405,D0273,M082,2026-08-12 05:58:00,7402.43,Bangalore,0
T00785,U0354,D0311,M038,2026-08-24 17:13:00,6693.48,Chennai,0
T00786,U0635,D0275,M065,2026-08-15 16:52:00,1670.25,Pune,0
T00787,U0194,D0457,M096,2026-08-24 16:59:00,1309.2,Mumbai,0
T00788,U0804,D0228,M051,2026-08-17 09:40:00,8886.44,Pune,0
T00789,U0374,D0133,M056,2026-08-29 19:18:00,4398.2,Bangalore,0
T00790,U0322,D0482,M061,2026-08-27 14:38:00,1284.53,Chennai,0
T00791,U0160,D0097,M100,2026-08-22 15:07:00,6915.22,Chennai,0
T00792,U0531,D0470,M037,2026-08-12 07:40:00,1661.21,Bangalore,0
T00793,U0853,D0392,M069,2026-08-29 10:48:00,694.52,Hyderabad,0
T00794,U0811,D0154,M094,2026-08-05 21:18:00,1345.69,Chennai,0
T00795,U0475,D0361,M070,2026-08-20 23:11:00,7358.57,Bangalore,0
T00796,U0856,D0269,M071,2026-08-07 03:09:00,2581.89,Bangalore,0
T00797,U0647,D0437,M082,2026-08-26 10:36:00,3017.67,Pune,0
T00798,U0652,D0173,M098,2026-08-09 11:50:00,5481.84,Hyderabad,0
T00799,U0900,D0315,M061,2026-08-28 05:55:00,9153.29,Delhi,0
T00800,U0315,D0111,M093,2026-08-08 01:19:00,4548.9,Hyderabad,0
T00801,U0705,D0263,M084,2026-08-01 00:47:00,7781.59,Delhi,0
T00802,U0539,D0451,M049,2026-08-01 20:26:00,6235.37,Hyderabad,0
T00803,U0945,D0393,M056,2026-08-15 14:17:00,7237.94,Pune,0
T00804,U0702,D0495,M075,2026-08-09 15:23:00,5288.29,Mumbai,0
T00805,U0935,D0358,M045,2026-08-28 21:36:00,2902.98,Mumbai,0
T00806,U0807,D0240,M040,2026-08-05 09:08:00,5279.69,Bangalore,0
T00807,U0195,D0142,M048,2026-08-02 10:09:00,2100.58,Mumbai,0
T00808,U0347,D0126,M030,2026-08-26 23:41:00,6453.34,Mumbai,0
T00809,U0824,D0326,M093,2026-08-29 09:32:00,7043.01,Hyderabad,0
T00810,U0201,D0263,M054,2026-08-28 13:51:00,7206.67,Bangalore,0
T00811,U0364,D0411,M088,2026-08-04 15:20:00,4733.79,Pune,0
T00812,U0213,D0260,M097,2026-08-19 22:19:00,8238.06,Pune,0
T00813,U0210,D0497,M060,2026-08-25 01:49:00,502.47,Bangalore,0
T00814,U0462,D0115,M053,2026-08-24 15:24:00,1061.48,Pune,0
T00815,U0387,D0348,M075,2026-08-09 14:56:00,2011.88,Pune,0
T00816,U0405,D0367,M048,2026-08-26 09:56:00,7517.02,Mumbai,0
T00817,U0915,D0130,M099,2026-08-17 06:59:00,6777.48,Pune,0
T00818,U0832,D0294,M039,2026-08-08 14:12:00,7945.37,Delhi,0
T00819,U0562,D0334,M069,2026-08-30 22:12:00,1665.95,Delhi,0
T00820,U0604,D0256,M066,2026-08-26 00:50:00,9915.48,Hyderabad,0
T00821,U0531,D0287,M081,2026-08-15 17:17:00,6123.29,Delhi,0
T00822,U0709,D0185,M074,2026-08-26 01:00:00,9268.85,Hyderabad,0
T00823,U0519,D0307,M083,2026-08-19 01:43:00,101.94,Bangalore,0
T00824,U0442,D0381,M028,2026-08-24 13:22:00,1437.35,Hyderabad,0
T00825,U0157,D0229,M054,2026-08-10 18:38:00,8571.63,Bangalore,0
T00826,U0941,D0496,M061,2026-08-26 04:44:00,5161.59,Delhi,0
T00827,U0736,D0155,M038,2026-08-02 17:13:00,4657.66,Chennai,0
T00828,U0292,D0211,M072,2026-08-27 11:52:00,2573.58,Hyderabad,0
T00829,U0981,D0229,M037,2026-08-26 23:07:00,4058.0,Chennai,0
T00830,U0902,D0115,M067,2026-08-22 23:03:00,1811.73,Pune,0
T00831,U0870,D0371,M038,2026-08-28 02:09:00,6458.32,Bangalore,0
T00832,U0899,D0489,M099,2026-08-18 08:45:00,876.93,Bangalore,0
T00833,U0940,D0247,M070,2026-08-20 18:22:00,4223.56,Bangalore,0
T00834,U0939,D0192,M027,2026-08-29 20:22:00,7796.44,Mumbai,0
T00835,U0206,D0232,M093,2026-08-02 20:58:00,3261.23,Delhi,0
T00836,U0304,D0243,M090,2026-08-11 01:10:00,1616.66,Pune,0
T00837,U0900,D0277,M083,2026-08-28 02:02:00,5795.02,Bangalore,0
T00838,U0378,D0297,M063,2026-08-18 22:42:00,1565.32,Hyderabad,0
T00839,U0235,D0319,M099,2026-08-03 05:51:00,5526.71,Hyderabad,0
T00840,U0238,D0280,M090,2026-08-20 18:34:00,7760.87,Chennai,0
T00841,U0931,D0145,M087,2026-08-26 10:54:00,2061.27,Mumbai,0
T00842,U0818,D0368,M051,2026-08-26 12:56:00,6198.37,Pune,0
T00843,U0687,D0202,M057,2026-08-04 06:15:00,2735.95,Mumbai,0
T00844,U0482,D0426,M099,2026-08-05 01:51:00,1214.05,Mumbai,0
T00845,U0584,D0263,M070,2026-08-09 16:03:00,3275.31,Delhi,0
T00846,U0822,D0088,M065,2026-08-08 16:52:00,9877.75,Delhi,0
T00847,U0992,D0487,M082,2026-08-29 08:40:00,1543.6,Bangalore,0
T00848,U0988,D0195,M051,2026-08-18 00:18:00,1644.31,Pune,0
T00849,U0238,D0133,M032,2026-08-12 01:28:00,9494.52,Chennai,0
T00850,U0990,D0223,M027,2026-08-16 14:56:00,6968.57,Bangalore,0
T00851,U0463,D0306,M086,2026-08-02 00:50:00,3385.58,Pune,0
T00852,U0701,D0184,M052,2026-08-25 20:50:00,5280.33,Hyderabad,0
T00853,U0712,D0323,M044,2026-08-01 20:05:00,3828.41,Pune,0
T00854,U0690,D0098,M058,2026-08-08 18:02:00,695.09,Chennai,0
T00855,U0959,D0432,M060,2026-08-03 09:58:00,4703.11,Bangalore,0
T00856,U0219,D0274,M060,2026-08-17 09:27:00,8656.39,Bangalore,0
T00857,U0450,D0408,M075,2026-08-11 12:29:00,9799.95,Delhi,0
T00858,U0877,D0126,M066,2026-08-23 01:22:00,8681.05,Delhi,0
T00859,U0241,D0171,M051,2026-08-23 18:50:00,9671.23,Delhi,0
T00860,U0880,D0087,M031,2026-08-12 06:13:00,9230.47,Hyderabad,0
T00861,U0492,D0326,M076,2026-08-08 03:29:00,281.89,Pune,0
T00862,U0511,D0257,M064,2026-08-11 17:59:00,9960.34,Delhi,0
T00863,U0433,D0491,M033,2026-08-29 11:31:00,2651.03,Mumbai,0
T00864,U0985,D0091,M097,2026-08-13 18:02:00,2333.27,Hyderabad,0
T00865,U0553,D0412,M043,2026-08-04 23:53:00,7325.91,Delhi,0
T00866,U0845,D0389,M055,2026-08-19 23:50:00,2479.57,Chennai,0
T00867,U0587,D0235,M068,2026-08-21 10:36:00,5468.11,Chennai,0
T00868,U0819,D0146,M100,2026-08-25 15:18:00,6872.08,Chennai,0
T00869,U0292,D0234,M093,2026-08-07 03:43:00,4357.64,Chennai,0
T00870,U0822,D0365,M046,2026-08-15 10:47:00,771.36,Delhi,0
T00871,U0887,D0136,M049,2026-08-15 10:54:00,8411.27,Chennai,0
T00872,U0895,D0091,M066,2026-08-19 20:14:00,9615.84,Hyderabad,0
T00873,U0604,D0457,M061,2026-08-07 21:58:00,7813.17,Bangalore,0
T00874,U0285,D0170,M029,2026-08-28 20:26:00,6207.77,Delhi,0
T00875,U0731,D0389,M055,2026-08-28 03:23:00,2398.61,Pune,0
T00876,U0177,D0259,M036,2026-08-22 16:34:00,1427.46,Delhi,0
T00877,U0631,D0440,M073,2026-08-09 08:57:00,8536.08,Mumbai,0
T00878,U0636,D0146,M046,2026-08-09 19:05:00,2340.1,Mumbai,0
T00879,U0933,D0083,M060,2026-08-19 19:09:00,2303.29,Pune,0
T00880,U0358,D0463,M052,2026-08-04 00:14:00,1853.07,Mumbai,0
T00881,U0782,D0326,M067,2026-08-21 19:45:00,8887.11,Mumbai,0
T00882,U0565,D0473,M031,2026-08-28 16:01:00,7379.78,Mumbai,0
T00883,U0888,D0236,M076,2026-08-28 19:55:00,9397.48,Delhi,0
T00884,U0759,D0350,M093,2026-08-30 04:34:00,8770.25,Bangalore,0
T00885,U0684,D0131,M083,2026-08-21 19:03:00,8287.4,Bangalore,0
T00886,U0402,D0341,M094,2026-08-19 00:06:00,9839.92,Bangalore,0
T00887,U0722,D0274,M092,2026-08-29 16:50:00,9629.66,Chennai,0
T00888,U0449,D0301,M076,2026-08-14 20:39:00,7759.4,Hyderabad,0
T00889,U0623,D0161,M080,2026-08-14 09:35:00,6170.03,Bangalore,0
T00890,U0857,D0340,M044,2026-08-22 02:21:00,8315.95,Mumbai,0
T00891,U0243,D0445,M090,2026-08-06 03:36:00,1879.74,Delhi,0
T00892,U0863,D0355,M043,2026-08-18 21:20:00,4194.24,Mumbai,0
T00893,U0176,D0167,M084,2026-08-27 20:46:00,8976.51,Chennai,0
T00894,U0616,D0122,M058,2026-08-15 17:58:00,6948.0,Pune,0
T00895,U0966,D0159,M041,2026-08-05 03:36:00,1230.23,Mumbai,0
T00896,U0800,D0261,M036,2026-08-24 20:08:00,7102.06,Pune,0
T00897,U0961,D0337,M046,2026-08-18 05:37:00,5548.42,Bangalore,0
T00898,U0937,D0163,M068,2026-08-26 17:40:00,8725.92,Chennai,0
T00899,U0317,D0150,M048,2026-08-03 08:02:00,4253.86,Hyderabad,0
T00900,U0898,D0469,M083,2026-08-14 03:25:00,6301.88,Bangalore,0
T00901,U0285,D0179,M026,2026-08-29 08:00:00,7677.42,Bangalore,0
T00902,U0620,D0330,M089,2026-08-25 17:38:00,8093.8,Delhi,0
T00903,U0656,D0197,M053,2026-08-27 19:11:00,6628.76,Mumbai,0
T00904,U0570,D0302,M036,2026-08-28 08:41:00,6041.01,Chennai,0
T00905,U0711,D0218,M097,2026-08-10 10:47:00,584.3,Chennai,0
T00906,U0207,D0410,M070,2026-08-02 16:06:00,1539.21,Bangalore,0
T00907,U0834,D0371,M064,2026-08-16 01:39:00,9211.81,Bangalore,0
T00908,U0262,D0289,M048,2026-08-08 08:13:00,6753.7,Delhi,0
T00909,U0827,D0430,M099,2026-08-26 14:02:00,1856.45,Mumbai,0
T00910,U0918,D0372,M072,2026-08-02 15:08:00,1021.95,Hyderabad,0
T00911,U0481,D0264,M074,2026-08-04 01:54:00,7608.58,Delhi,0
T00912,U0217,D0225,M086,2026-08-07 02:57:00,1308.03,Hyderabad,0
T00913,U0488,D0345,M078,2026-08-24 21:03:00,2177.47,Chennai,0
T00914,U0777,D0105,M039,2026-08-27 00:05:00,7324.31,Pune,0
T00915,U0692,D0120,M087,2026-08-28 12:34:00,9345.53,Pune,0
T00916,U0445,D0294,M066,2026-08-12 19:37:00,5301.37,Delhi,0
T00917,U0513,D0142,M098,2026-08-23 14:11:00,5245.09,Pune,0
T00918,U0660,D0328,M049,2026-08-28 17:38:00,2403.94,Hyderabad,0
T00919,U0349,D0076,M041,2026-08-02 02:11:00,4702.37,Bangalore,0
T00920,U0906,D0182,M079,2026-08-19 20:14:00,550.37,Hyderabad,0
T00921,U0724,D0488,M053,2026-08-01 12:20:00,6442.12,Pune,0
T00922,U0439,D0206,M034,2026-08-15 00:10:00,3072.81,Delhi,0
T00923,U0482,D0468,M026,2026-08-06 04:20:00,6889.77,Hyderabad,0
T00924,U0556,D0446,M098,2026-08-29 00:49:00,9605.12,Chennai,0
T00925,U0349,D0245,M069,2026-08-22 19:18:00,9170.01,Bangalore,0
T00926,U0812,D0145,M087,2026-08-08 01:43:00,6309.28,Delhi,0
T00927,U0494,D0312,M078,2026-08-03 13:11:00,8367.55,Hyderabad,0
T00928,U0729,D0447,M066,2026-08-26 06:24:00,5405.27,Chennai,0
T00929,U0742,D0426,M068,2026-08-17 02:13:00,755.51,Chennai,0
T00930,U0438,D0091,M069,2026-08-18 01:51:00,6302.46,Chennai,0
T00931,U0735,D0386,M075,2026-08-09 12:40:00,5992.4,Hyderabad,0
T00932,U0873,D0237,M030,2026-08-13 08:32:00,4197.31,Mumbai,0
T00933,U0394,D0266,M083,2026-08-14 18:33:00,2239.78,Hyderabad,0
T00934,U0330,D0133,M073,2026-08-02 16:50:00,7800.12,Bangalore,0
T00935,U0605,D0335,M029,2026-08-22 23:11:00,9059.06,Chennai,0
T00936,U0345,D0250,M087,2026-08-24 19:56:00,3172.55,Hyderabad,0
T00937,U0297,D0469,M038,2026-08-24 11:46:00,6799.5,Chennai,0
T00938,U0361,D0446,M030,2026-08-21 21:45:00,3937.12,Delhi,0
T00939,U0269,D0078,M065,2026-08-03 00:05:00,6901.82,Delhi,0
T00940,U0240,D0246,M085,2026-08-03 02:23:00,1120.72,Pune,0
T00941,U0914,D0235,M028,2026-08-27 06:50:00,7609.09,Pune,0
T00942,U0365,D0240,M051,2026-08-09 18:18:00,2937.02,Delhi,0
T00943,U0477,D0471,M082,2026-08-06 08:30:00,2799.28,Chennai,0
T00944,U0431,D0134,M027,2026-08-29 08:25:00,5640.3,Bangalore,0
T00945,U0362,D0353,M070,2026-08-26 00:03:00,3253.0,Chennai,0
T00946,U0872,D0487,M062,2026-08-27 03:03:00,2523.77,Bangalore,0
T00947,U0469,D0389,M069,2026-08-25 14:27:00,4492.11,Chennai,0
T00948,U0180,D0317,M032,2026-08-05 19:42:00,3897.64,Bangalore,0
T00949,U0587,D0276,M048,2026-08-28 03:07:00,8923.63,Pune,0
T00950,U0857,D0434,M083,2026-08-29 01:10:00,3620.68,Hyderabad,0
T00951,U0988,D0177,M094,2026-08-04 13:47:00,9739.45,Mumbai,0
T00952,U0732,D0143,M037,2026-08-22 07:28:00,1062.9,Hyderabad,0
T00953,U0851,D0405,M085,2026-08-22 09:57:00,2393.77,Chennai,0
T00954,U0298,D0391,M059,2026-08-17 12:59:00,3981.56,Pune,0
T00955,U0832,D0245,M067,2026-08-21 15:06:00,4926.32,Bangalore,0
T00956,U0637,D0133,M070,2026-08-22 18:48:00,4666.29,Chennai,0
T00957,U0440,D0469,M070,2026-08-28 12:12:00,5789.31,Delhi,0
T00958,U0256,D0283,M039,2026-08-15 19:56:00,5605.88,Bangalore,0
T00959,U0962,D0230,M094,2026-08-21 23:30:00,4068.08,Mumbai,0
T00960,U0395,D0393,M057,2026-08-25 22:30:00,1674.3,Mumbai,0
T00961,U0544,D0109,M069,2026-08-10 11:27:00,8157.77,Delhi,0
T00962,U0592,D0477,M081,2026-08-26 19:32:00,7894.54,Delhi,0
T00963,U0861,D0196,M048,2026-08-04 13:04:00,7419.73,Pune,0
T00964,U0738,D0325,M040,2026-08-27 22:48:00,6001.15,Hyderabad,0
T00965,U0719,D0125,M082,2026-08-09 00:25:00,3149.55,Mumbai,0
T00966,U0222,D0382,M039,2026-08-28 03:26:00,7736.3,Mumbai,0
T00967,U0486,D0329,M033,2026-08-05 02:53:00,2254.36,Chennai,0
T00968,U0745,D0462,M026,2026-08-07 16:15:00,6642.73,Mumbai,0
T00969,U0695,D0225,M075,2026-08-29 00:22:00,5821.52,Chennai,0
T00970,U0361,D0424,M066,2026-08-14 15:23:00,5745.74,Pune,0
T00971,U0462,D0298,M070,2026-08-05 01:31:00,5869.0,Delhi,0
T00972,U0673,D0282,M042,2026-08-14 09:19:00,717.86,Delhi,0
T00973,U0205,D0076,M097,2026-08-17 08:23:00,1186.01,Hyderabad,0
T00974,U0182,D0196,M081,2026-08-27 20:36:00,4003.26,Hyderabad,0
T00975,U0879,D0271,M077,2026-08-18 08:46:00,4408.38,Chennai,0
T00976,U0829,D0164,M086,2026-08-07 07:54:00,1963.45,Mumbai,0
T00977,U0519,D0289,M045,2026-08-14 03:05:00,9974.81,Pune,0
T00978,U0279,D0144,M027,2026-08-04 06:21:00,6519.05,Chennai,0
T00979,U0889,D0325,M081,2026-08-07 04:18:00,938.17,Pune,0
T00980,U0976,D0288,M084,2026-08-28 12:11:00,9310.08,Delhi,0
T00981,U0335,D0308,M091,2026-08-20 07:15:00,5565.3,Mumbai,0
T00982,U0544,D0257,M054,2026-08-09 10:56:00,4305.24,Bangalore,0
T00983,U0742,D0331,M056,2026-08-23 20:01:00,2765.58,Delhi,0
T00984,U0741,D0263,M030,2026-08-02 17:21:00,5724.68,Pune,0
T00985,U0528,D0133,M100,2026-08-22 21:57:00,9621.2,Bangalore,0
T00986,U0296,D0449,M093,2026-08-13 17:12:00,4702.87,Bangalore,0
T00987,U0686,D0388,M037,2026-08-12 03:51:00,4777.27,Pune,0
T00988,U0830,D0418,M035,2026-08-29 20:09:00,5438.05,Delhi,0
T00989,U0470,D0389,M032,2026-08-16 15:14:00,5396.83,Bangalore,0
T00990,U0631,D0308,M091,2026-08-22 08:31:00,5782.26,Hyderabad,0
T00991,U0582,D0256,M063,2026-08-14 03:53:00,1758.33,Pune,0
T00992,U0762,D0459,M064,2026-08-26 15:43:00,2678.39,Pune,0
T00993,U0635,D0372,M047,2026-08-27 01:42:00,611.04,Hyderabad,0
T00994,U0979,D0453,M029,2026-08-14 01:16:00,4899.13,Chennai,0
T00995,U0668,D0115,M061,2026-08-12 11:18:00,1412.13,Hyderabad,0
T00996,U0432,D0207,M027,2026-08-06 01:50:00,6077.83,Delhi,0
T00997,U0907,D0153,M083,2026-08-17 19:53:00,8097.62,Hyderabad,0
T00998,U0952,D0434,M056,2026-08-23 01:39:00,1890.01,Delhi,0
T00999,U0184,D0251,M036,2026-08-07 14:27:00,5995.89,Chennai,0
T01000,U0658,D0461,M078,2026-08-18 10:31:00,2455.68,Mumbai,0
T01001,U0894,D0402,M047,2026-08-10 14:18:00,5819.8,Hyderabad,0
T01002,U0206,D0404,M059,2026-08-06 06:41:00,619.98,Mumbai,0
T01003,U0559,D0319,M064,2026-08-22 16:12:00,7486.89,Delhi,0
T01004,U0390,D0270,M075,2026-08-22 14:22:00,2699.99,Delhi,0
T01005,U0596,D0082,M062,2026-08-21 10:13:00,3881.84,Hyderabad,0
T01006,U0693,D0425,M031,2026-08-05 10:20:00,9185.35,Pune,0
T01007,U0513,D0297,M060,2026-08-16 05:52:00,2776.23,Bangalore,0
T01008,U0412,D0411,M100,2026-08-18 19:14:00,4664.98,Pune,0
T01009,U0918,D0199,M050,2026-08-24 15:55:00,3440.33,Pune,0
T01010,U0335,D0236,M096,2026-08-01 11:33:00,6760.74,Bangalore,0
T01011,U0163,D0286,M038,2026-08-24 21:43:00,1128.68,Mumbai,0
T01012,U0510,D0188,M062,2026-08-12 11:08:00,2011.49,Bangalore,0
T01013,U0785,D0123,M033,2026-08-28 00:57:00,6600.39,Chennai,0
T01014,U0764,D0402,M041,2026-08-06 11:02:00,955.23,Delhi,0
T01015,U0284,D0268,M098,2026-08-09 09:48:00,8970.42,Pune,0
T01016,U0339,D0205,M063,2026-08-22 06:02:00,6638.73,Bangalore,0
T01017,U0805,D0308,M061,2026-08-20 10:22:00,6952.99,Pune,0
T01018,U0939,D0470,M067,2026-08-12 17:04:00,1703.46,Bangalore,0
T01019,U0434,D0473,M033,2026-08-18 10:07:00,3947.05,Bangalore,0
T01020,U0415,D0492,M059,2026-08-09 02:20:00,4461.69,Mumbai,0
T01021,U0356,D0388,M076,2026-08-09 02:54:00,6490.28,Bangalore,0
T01022,U0298,D0352,M081,2026-08-10 22:32:00,6178.27,Bangalore,0
T01023,U0603,D0442,M059,2026-08-05 16:49:00,445.12,Bangalore,0
T01024,U0736,D0448,M058,2026-08-21 07:01:00,285.77,Mumbai,0
T01025,U0303,D0410,M026,2026-08-02 17:19:00,6679.6,Hyderabad,0
T01026,U0306,D0434,M068,2026-08-18 19:26:00,5788.94,Delhi,0
T01027,U0875,D0470,M088,2026-08-22 18:15:00,4416.97,Pune,0
T01028,U0950,D0491,M034,2026-08-25 13:57:00,2335.88,Mumbai,0
T01029,U0856,D0494,M087,2026-08-06 12:23:00,5715.71,Hyderabad,0
T01030,U0492,D0425,M064,2026-08-19 05:34:00,646.43,Pune,0
T01031,U0243,D0263,M094,2026-08-16 11:26:00,896.52,Mumbai,0
T01032,U0929,D0468,M063,2026-08-30 11:33:00,2110.89,Delhi,0
T01033,U0191,D0272,M050,2026-08-14 14:26:00,6989.23,Bangalore,0
T01034,U0796,D0428,M071,2026-08-23 03:23:00,940.14,Pune,0
T01035,U0599,D0452,M050,2026-08-07 08:51:00,453.41,Bangalore,0
T01036,U0888,D0379,M056,2026-08-23 06:22:00,3948.8,Delhi,0
T01037,U0809,D0233,M089,2026-08-25 07:12:00,9653.04,Mumbai,0
T01038,U0167,D0094,M069,2026-08-03 13:13:00,3443.41,Pune,0
T01039,U0194,D0283,M041,2026-08-10 15:12:00,8090.33,Pune,0
T01040,U0686,D0310,M094,2026-08-07 18:41:00,7436.41,Chennai,0
T01041,U0224,D0094,M044,2026-08-23 06:00:00,6572.93,Mumbai,0
T01042,U0784,D0099,M057,2026-08-30 12:38:00,1392.32,Chennai,0
T01043,U0798,D0101,M065,2026-08-05 10:16:00,4616.23,Chennai,0
T01044,U0756,D0108,M039,2026-08-06 04:42:00,5021.72,Delhi,0
T01045,U0376,D0108,M051,2026-08-20 09:32:00,3439.7,Pune,0
T01046,U0845,D0281,M067,2026-08-06 11:56:00,9760.95,Delhi,0
T01047,U0709,D0146,M067,2026-08-10 16:54:00,7665.86,Delhi,0
T01048,U0328,D0247,M034,2026-08-06 11:53:00,2811.54,Mumbai,0
T01049,U0323,D0432,M073,2026-08-26 04:28:00,1733.56,Chennai,0
T01050,U0746,D0096,M043,2026-08-05 13:11:00,7931.42,Pune,0
T01051,U0778,D0268,M046,2026-08-01 17:04:00,8808.31,Bangalore,0
T01052,U0157,D0079,M048,2026-08-05 01:21:00,7096.74,Delhi,0
T01053,U0441,D0289,M086,2026-08-06 18:36:00,2140.99,Pune,0
T01054,U0428,D0343,M083,2026-08-19 18:02:00,2468.61,Chennai,0
T01055,U0776,D0430,M030,2026-08-28 03:17:00,1882.0,Mumbai,0
T01056,U0777,D0121,M064,2026-08-16 19:56:00,4245.98,Delhi,0
T01057,U0392,D0174,M041,2026-08-25 03:07:00,9770.24,Delhi,0
T01058,U0521,D0465,M095,2026-08-24 02:22:00,2270.83,Pune,0
T01059,U0826,D0182,M061,2026-08-03 09:57:00,2017.82,Chennai,0
T01060,U0852,D0318,M089,2026-08-09 00:35:00,1681.62,Bangalore,0
T01061,U0206,D0406,M072,2026-08-13 23:21:00,2174.94,Hyderabad,0
T01062,U0493,D0391,M084,2026-08-02 23:18:00,1133.77,Bangalore,0
T01063,U0701,D0166,M046,2026-08-02 07:44:00,4902.11,Bangalore,0
T01064,U0223,D0196,M082,2026-08-27 23:23:00,5839.64,Mumbai,0
T01065,U0354,D0458,M067,2026-08-11 11:17:00,7811.86,Hyderabad,0
T01066,U0384,D0126,M056,2026-08-19 18:39:00,8711.87,Mumbai,0
T01067,U0376,D0113,M086,2026-08-27 15:04:00,4895.64,Mumbai,0
T01068,U0299,D0186,M084,2026-08-09 02:29:00,3934.57,Chennai,0
T01069,U0619,D0444,M050,2026-08-29 18:20:00,3650.04,Hyderabad,0
T01070,U0358,D0247,M042,2026-08-02 11:03:00,6952.88,Bangalore,0
T01071,U0438,D0145,M040,2026-08-22 04:29:00,4639.93,Chennai,0
T01072,U0929,D0251,M054,2026-08-14 10:23:00,6076.0,Pune,0
T01073,U0777,D0163,M099,2026-08-26 03:45:00,8564.54,Bangalore,0
T01074,U0572,D0343,M088,2026-08-10 20:24:00,5956.65,Mumbai,0
T01075,U0436,D0083,M080,2026-08-12 05:24:00,2553.53,Mumbai,0
T01076,U0744,D0189,M045,2026-08-27 02:38:00,8992.69,Mumbai,0
T01077,U0196,D0096,M086,2026-08-23 22:44:00,432.84,Delhi,0
T01078,U0554,D0321,M038,2026-08-21 14:11:00,5003.32,Bangalore,0
T01079,U0722,D0461,M027,2026-08-19 12:08:00,9504.35,Chennai,0
T01080,U0518,D0227,M056,2026-08-30 11:23:00,9989.62,Bangalore,0
T01081,U0642,D0418,M065,2026-08-08 08:43:00,7062.71,Delhi,0
T01082,U0916,D0374,M029,2026-08-21 16:48:00,4691.23,Chennai,0
T01083,U0871,D0283,M049,2026-08-17 20:35:00,6305.43,Pune,0
T01084,U0799,D0076,M035,2026-08-18 12:23:00,8945.0,Hyderabad,0
T01085,U0694,D0092,M063,2026-08-20 09:11:00,7553.59,Pune,0
T01086,U0778,D0353,M099,2026-08-10 10:15:00,7898.15,Bangalore,0
T01087,U0786,D0247,M033,2026-08-24 10:13:00,9458.69,Pune,0
T01088,U0523,D0102,M040,2026-08-18 10:17:00,3719.35,Delhi,0
T01089,U0192,D0263,M072,2026-08-08 23:26:00,6516.91,Pune,0
T01090,U0219,D0363,M052,2026-08-07 07:10:00,9814.39,Chennai,0
T01091,U0703,D0134,M087,2026-08-27 09:38:00,8724.2,Pune,0
T01092,U0365,D0461,M054,2026-08-15 14:01:00,3591.85,Hyderabad,0
T01093,U0666,D0424,M080,2026-08-13 14:42:00,639.15,Hyderabad,0
T01094,U0504,D0307,M088,2026-08-23 19:43:00,5314.16,Bangalore,0
T01095,U0632,D0439,M094,2026-08-25 06:01:00,9004.57,Mumbai,0
T01096,U0786,D0264,M034,2026-08-09 13:43:00,8929.84,Mumbai,0
T01097,U0240,D0117,M076,2026-08-09 03:18:00,2954.89,Bangalore,0
T01098,U0262,D0160,M061,2026-08-06 02:21:00,7001.11,Mumbai,0
T01099,U0305,D0180,M092,2026-08-29 13:09:00,324.63,Mumbai,0
T01100,U0849,D0353,M042,2026-08-22 13:37:00,3532.33,Mumbai,0
T01101,U0906,D0406,M028,2026-08-14 06:24:00,1971.7,Bangalore,0
T01102,U0972,D0194,M092,2026-08-30 08:09:00,3425.19,Delhi,0
T01103,U0502,D0411,M067,2026-08-23 03:00:00,5974.24,Pune,0
T01104,U0693,D0356,M082,2026-08-21 20:15:00,3110.42,Chennai,0
T01105,U0959,D0232,M047,2026-08-12 19:59:00,2345.14,Hyderabad,0
T01106,U0446,D0470,M032,2026-08-07 18:01:00,3595.9,Mumbai,0
T01107,U0321,D0392,M046,2026-08-25 08:42:00,2923.94,Chennai,0
T01108,U0876,D0430,M045,2026-08-08 08:07:00,2455.26,Bangalore,0
T01109,U0475,D0370,M042,2026-08-21 01:34:00,2678.03,Chennai,0
T01110,U0361,D0363,M030,2026-08-15 10:11:00,9782.42,Chennai,0
T01111,U0532,D0305,M095,2026-08-08 09:35:00,5383.07,Bangalore,0
T01112,U0176,D0283,M089,2026-08-07 14:47:00,9483.11,Hyderabad,0
T01113,U0310,D0078,M095,2026-08-24 02:13:00,3379.68,Pune,0
T01114,U0453,D0318,M063,2026-08-27 02:39:00,6702.19,Delhi,0
T01115,U0897,D0302,M069,2026-08-06 02:40:00,7343.24,Bangalore,0
T01116,U0293,D0423,M096,2026-08-06 07:39:00,3150.01,Mumbai,0
T01117,U0783,D0188,M083,2026-08-17 06:22:00,1015.56,Bangalore,0
T01118,U0773,D0404,M050,2026-08-27 13:15:00,5311.7,Hyderabad,0
T01119,U0351,D0087,M036,2026-08-25 12:05:00,8509.57,Pune,0
T01120,U0838,D0120,M091,2026-08-18 22:48:00,2025.06,Hyderabad,0
T01121,U0768,D0385,M091,2026-08-03 13:13:00,9093.62,Hyderabad,0
T01122,U0558,D0151,M080,2026-08-17 19:44:00,3922.51,Bangalore,0
T01123,U0442,D0252,M070,2026-08-15 00:30:00,9777.48,Delhi,0
T01124,U0240,D0186,M082,2026-08-19 21:57:00,8056.49,Hyderabad,0
T01125,U0318,D0488,M080,2026-08-19 20:24:00,1481.72,Delhi,0
T01126,U0763,D0120,M044,2026-08-10 10:57:00,3101.99,Delhi,0
T01127,U0494,D0109,M074,2026-08-05 00:36:00,165.53,Pune,0
T01128,U0430,D0288,M048,2026-08-26 07:05:00,4674.99,Delhi,0
T01129,U0924,D0146,M051,2026-08-09 11:10:00,8339.61,Hyderabad,0
T01130,U0718,D0327,M031,2026-08-14 17:51:00,8362.39,Hyderabad,0
T01131,U0656,D0362,M085,2026-08-11 05:14:00,365.72,Bangalore,0
T01132,U0308,D0210,M064,2026-08-30 03:39:00,8359.01,Mumbai,0
T01133,U0278,D0410,M062,2026-08-19 23:38:00,1875.79,Pune,0
T01134,U0811,D0201,M029,2026-08-06 10:22:00,7670.71,Mumbai,0
T01135,U0219,D0382,M072,2026-08-27 10:40:00,4856.81,Mumbai,0
T01136,U0415,D0397,M086,2026-08-06 10:37:00,3794.7,Pune,0
T01137,U0740,D0084,M059,2026-08-08 09:52:00,5858.38,Chennai,0
T01138,U0478,D0312,M043,2026-08-17 06:21:00,1716.76,Hyderabad,0
T01139,U0520,D0290,M071,2026-08-03 05:12:00,2969.58,Delhi,0
T01140,U0805,D0115,M091,2026-08-09 19:41:00,7687.78,Chennai,0
T01141,U0934,D0124,M047,2026-08-25 17:52:00,3293.81,Hyderabad,0
T01142,U0997,D0426,M064,2026-08-13 08:30:00,6885.89,Pune,0
T01143,U0522,D0125,M094,2026-08-27 09:33:00,3581.13,Chennai,0
T01144,U0164,D0146,M092,2026-08-13 19:22:00,3792.84,Mumbai,0
T01145,U0572,D0250,M046,2026-08-05 15:52:00,2256.97,Delhi,0
T01146,U0377,D0172,M097,2026-08-28 22:01:00,6927.56,Delhi,0
T01147,U0695,D0440,M096,2026-08-06 04:28:00,4231.73,Bangalore,0
T01148,U0270,D0495,M042,2026-08-01 18:58:00,4847.23,Hyderabad,0
T01149,U0858,D0261,M043,2026-08-21 02:42:00,8908.29,Delhi,0
T01150,U0686,D0466,M069,2026-08-08 20:05:00,7127.96,Bangalore,0
T01151,U0913,D0493,M041,2026-08-11 02:52:00,1374.27,Pune,0
T01152,U0296,D0428,M055,2026-08-14 23:47:00,1340.91,Chennai,0
T01153,U0231,D0293,M040,2026-08-04 12:54:00,286.18,Mumbai,0
T01154,U0926,D0296,M031,2026-08-09 22:28:00,1167.39,Pune,0
T01155,U0676,D0379,M033,2026-08-22 08:21:00,1277.33,Hyderabad,0
T01156,U0195,D0109,M064,2026-08-01 11:13:00,7570.05,Bangalore,0
T01157,U0767,D0181,M051,2026-08-09 09:49:00,6738.95,Bangalore,0
T01158,U0243,D0150,M061,2026-08-27 09:14:00,3543.58,Chennai,0
T01159,U0663,D0475,M056,2026-08-23 23:29:00,5745.33,Bangalore,0
T01160,U0990,D0372,M027,2026-08-25 01:37:00,2248.28,Chennai,0
T01161,U0439,D0163,M094,2026-08-01 04:43:00,9738.44,Bangalore,0
T01162,U0370,D0334,M086,2026-08-17 16:16:00,7011.52,Chennai,0
T01163,U0601,D0420,M039,2026-08-09 05:32:00,8363.95,Mumbai,0
T01164,U0585,D0185,M091,2026-08-11 08:32:00,4135.02,Hyderabad,0
T01165,U0277,D0314,M040,2026-08-24 15:40:00,1445.53,Hyderabad,0
T01166,U0872,D0223,M097,2026-08-02 20:21:00,914.25,Mumbai,0
T01167,U0269,D0273,M062,2026-08-21 19:06:00,6043.86,Hyderabad,0
T01168,U0854,D0303,M054,2026-08-26 05:01:00,4132.09,Mumbai,0
T01169,U0344,D0111,M086,2026-08-17 17:20:00,1875.04,Pune,0
T01170,U0654,D0420,M039,2026-08-19 00:56:00,4436.78,Pune,0
T01171,U0843,D0119,M041,2026-08-07 12:35:00,4008.63,Pune,0
T01172,U0755,D0128,M047,2026-08-03 22:40:00,3700.73,Chennai,0
T01173,U0497,D0178,M077,2026-08-06 14:05:00,2405.41,Mumbai,0
T01174,U0893,D0331,M061,2026-08-27 11:36:00,5977.13,Pune,0
T01175,U0560,D0258,M086,2026-08-28 10:49:00,9506.37,Mumbai,0
T01176,U0674,D0218,M044,2026-08-21 16:34:00,1169.56,Hyderabad,0
T01177,U0652,D0330,M055,2026-08-29 14:20:00,9429.79,Bangalore,0
T01178,U0252,D0453,M032,2026-08-04 02:31:00,5031.54,Bangalore,0
T01179,U0334,D0271,M067,2026-08-07 22:49:00,3097.25,Delhi,0
T01180,U0249,D0465,M035,2026-08-24 15:55:00,7698.96,Mumbai,0
T01181,U0357,D0226,M089,2026-08-23 07:29:00,5097.47,Delhi,0
T01182,U0502,D0490,M095,2026-08-25 21:03:00,274.94,Bangalore,0
T01183,U0591,D0136,M075,2026-08-21 11:38:00,3214.14,Mumbai,0
T01184,U0604,D0311,M030,2026-08-02 11:53:00,1851.0,Pune,0
T01185,U0949,D0231,M047,2026-08-23 08:49:00,4363.74,Hyderabad,0
T01186,U0883,D0275,M088,2026-08-05 23:28:00,5731.67,Mumbai,0
T01187,U0826,D0359,M095,2026-08-27 01:00:00,4751.2,Delhi,0
T01188,U0311,D0335,M033,2026-08-18 19:29:00,2707.57,Delhi,0
T01189,U0537,D0391,M071,2026-08-13 22:40:00,3272.78,Bangalore,0
T01190,U0755,D0099,M042,2026-08-17 16:13:00,3553.88,Pune,0
T01191,U0748,D0089,M069,2026-08-18 07:41:00,1063.77,Hyderabad,0
T01192,U0516,D0286,M070,2026-08-03 13:39:00,6646.28,Chennai,0
T01193,U0391,D0407,M065,2026-08-27 23:12:00,940.92,Pune,0
T01194,U0218,D0232,M040,2026-08-16 08:44:00,1780.81,Delhi,0
T01195,U0484,D0095,M084,2026-08-30 22:27:00,8647.35,Delhi,0
T01196,U0678,D0291,M060,2026-08-01 22:17:00,6989.99,Delhi,0
T01197,U0173,D0238,M074,2026-08-26 22:58:00,3963.98,Delhi,0
T01198,U0251,D0489,M088,2026-08-05 13:17:00,6939.55,Chennai,0
T01199,U0495,D0330,M090,2026-08-16 10:52:00,1749.61,Hyderabad,0
T01200,U0523,D0299,M051,2026-08-23 14:48:00,6390.9,Bangalore,0
T01201,U0699,D0185,M062,2026-08-13 01:37:00,570.56,Delhi,0
T01202,U0562,D0487,M054,2026-08-29 10:11:00,7454.59,Bangalore,0
T01203,U0885,D0372,M038,2026-08-27 22:28:00,3434.7,Bangalore,0
T01204,U0731,D0486,M093,2026-08-22 15:07:00,4328.35,Hyderabad,0
T01205,U0965,D0115,M064,2026-08-23 23:12:00,8060.85,Mumbai,0
T01206,U0830,D0352,M066,2026-08-10 02:32:00,4201.71,Hyderabad,0
T01207,U0790,D0339,M084,2026-08-25 22:05:00,1887.95,Bangalore,0
T01208,U0793,D0436,M092,2026-08-09 11:45:00,5810.75,Chennai,0
T01209,U0827,D0497,M085,2026-08-13 04:39:00,9377.91,Delhi,0
T01210,U0979,D0390,M081,2026-08-26 18:21:00,7293.49,Bangalore,0
T01211,U0685,D0178,M072,2026-08-22 01:09:00,1562.66,Chennai,0
T01212,U0915,D0426,M064,2026-08-20 19:33:00,4161.58,Bangalore,0
T01213,U0800,D0180,M078,2026-08-13 03:33:00,8254.74,Pune,0
T01214,U0315,D0207,M056,2026-08-19 11:18:00,2460.99,Chennai,0
T01215,U0347,D0090,M057,2026-08-15 03:11:00,4695.18,Delhi,0
T01216,U0597,D0292,M030,2026-08-10 04:37:00,1677.65,Chennai,0
T01217,U0180,D0208,M061,2026-08-30 23:26:00,5551.99,Pune,0
T01218,U0194,D0445,M088,2026-08-01 21:44:00,647.74,Bangalore,0
T01219,U0472,D0384,M064,2026-08-03 21:26:00,9015.69,Mumbai,0
T01220,U0523,D0419,M037,2026-08-19 01:30:00,9437.31,Pune,0
T01221,U0294,D0196,M040,2026-08-26 23:39:00,7371.36,Bangalore,0
T01222,U0685,D0416,M100,2026-08-24 21:43:00,2592.9,Bangalore,0
T01223,U0394,D0383,M041,2026-08-15 06:19:00,3359.93,Delhi,0
T01224,U0905,D0275,M056,2026-08-20 05:53:00,2258.28,Bangalore,0
T01225,U0330,D0185,M061,2026-08-21 00:01:00,4142.92,Delhi,0
T01226,U0208,D0327,M094,2026-08-18 01:16:00,7026.22,Bangalore,0
T01227,U0475,D0355,M080,2026-08-22 14:40:00,6859.11,Hyderabad,0
T01228,U0954,D0150,M072,2026-08-22 15:04:00,7185.15,Hyderabad,0
T01229,U0172,D0406,M030,2026-08-03 11:43:00,6937.76,Pune,0
T01230,U0396,D0205,M096,2026-08-18 12:11:00,3161.76,Pune,0
T01231,U0522,D0491,M041,2026-08-25 08:15:00,8682.83,Mumbai,0
T01232,U0548,D0080,M076,2026-08-12 15:06:00,3078.79,Chennai,0
T01233,U0455,D0183,M046,2026-08-20 23:20:00,6350.39,Pune,0
T01234,U0567,D0480,M030,2026-08-13 11:19:00,8677.8,Mumbai,0
T01235,U0633,D0453,M078,2026-08-16 03:25:00,7202.12,Bangalore,0
T01236,U0995,D0158,M059,2026-08-24 01:03:00,757.04,Mumbai,0
T01237,U0767,D0449,M096,2026-08-15 20:55:00,4587.29,Bangalore,0
T01238,U0931,D0102,M049,2026-08-29 16:17:00,4489.71,Pune,0
T01239,U0290,D0077,M077,2026-08-10 02:32:00,6320.13,Hyderabad,0
T01240,U0740,D0118,M040,2026-08-08 04:23:00,2571.08,Pune,0
T01241,U0937,D0408,M042,2026-08-28 00:49:00,6888.96,Hyderabad,0
T01242,U0613,D0320,M043,2026-08-12 20:43:00,1817.44,Delhi,0
T01243,U0997,D0243,M062,2026-08-10 00:59:00,935.55,Hyderabad,0
T01244,U0337,D0277,M074,2026-08-26 23:01:00,2322.42,Bangalore,0
T01245,U0722,D0407,M055,2026-08-05 01:11:00,9743.86,Chennai,0
T01246,U0419,D0435,M047,2026-08-03 06:22:00,4070.25,Mumbai,0
T01247,U0765,D0209,M045,2026-08-05 01:16:00,9584.53,Chennai,0
T01248,U0731,D0136,M027,2026-08-24 22:21:00,4408.07,Mumbai,0
T01249,U0998,D0420,M089,2026-08-06 09:26:00,2322.39,Chennai,0
T01250,U0346,D0492,M060,2026-08-14 02:31:00,7489.79,Mumbai,0
T01251,U0284,D0296,M052,2026-08-28 07:27:00,2234.11,Hyderabad,0
T01252,U0895,D0422,M050,2026-08-20 00:55:00,1885.66,Chennai,0
T01253,U0180,D0224,M059,2026-08-11 17:12:00,6215.03,Chennai,0
T01254,U0529,D0374,M084,2026-08-04 21:38:00,202.17,Chennai,0
T01255,U0482,D0430,M076,2026-08-10 15:47:00,7162.03,Pune,0
T01256,U0584,D0452,M058,2026-08-04 07:47:00,1043.27,Bangalore,0
T01257,U0204,D0246,M056,2026-08-22 10:23:00,9091.44,Delhi,0
T01258,U0837,D0486,M031,2026-08-01 05:51:00,2611.2,Delhi,0
T01259,U0541,D0230,M076,2026-08-17 21:07:00,1409.16,Delhi,0
T01260,U0193,D0373,M048,2026-08-12 20:18:00,1781.68,Mumbai,0
T01261,U0498,D0315,M042,2026-08-05 01:55:00,3241.44,Delhi,0
T01262,U0594,D0148,M059,2026-08-06 07:37:00,3201.37,Chennai,0
T01263,U0662,D0219,M072,2026-08-20 13:46:00,2900.96,Hyderabad,0
T01264,U0778,D0500,M059,2026-08-24 12:40:00,3198.8,Chennai,0
T01265,U0474,D0453,M088,2026-08-07 21:13:00,5601.18,Pune,0
T01266,U0802,D0484,M082,2026-08-03 10:07:00,1970.31,Bangalore,0
T01267,U0386,D0169,M030,2026-08-22 09:38:00,2676.22,Pune,0
T01268,U0629,D0299,M040,2026-08-23 12:34:00,503.84,Hyderabad,0
T01269,U0877,D0363,M088,2026-08-21 19:59:00,4980.59,Pune,0
T01270,U0302,D0139,M070,2026-08-05 06:12:00,2116.96,Hyderabad,0
T01271,U0335,D0162,M091,2026-08-13 09:57:00,5676.15,Pune,0
T01272,U0750,D0184,M100,2026-08-01 04:30:00,5307.55,Delhi,0
T01273,U0335,D0289,M035,2026-08-12 04:52:00,7705.71,Pune,0
T01274,U0247,D0244,M029,2026-08-13 22:30:00,6844.99,Pune,0
T01275,U0275,D0277,M073,2026-08-27 20:48:00,9298.57,Bangalore,0
T01276,U0482,D0154,M029,2026-08-04 16:32:00,4656.31,Pune,0
T01277,U0826,D0321,M084,2026-08-29 14:19:00,9556.5,Delhi,0
T01278,U0824,D0078,M068,2026-08-02 23:53:00,6596.11,Mumbai,0
T01279,U0483,D0450,M098,2026-08-06 21:15:00,2192.53,Bangalore,0
T01280,U0971,D0405,M062,2026-08-15 16:59:00,8001.66,Pune,0
T01281,U0223,D0356,M074,2026-08-05 05:05:00,4048.7,Chennai,0
T01282,U0396,D0470,M077,2026-08-05 01:25:00,303.07,Chennai,0
T01283,U0317,D0274,M077,2026-08-13 23:13:00,6506.96,Pune,0
T01284,U0308,D0137,M064,2026-08-23 08:08:00,8030.89,Pune,0
T01285,U0976,D0234,M042,2026-08-17 08:10:00,6688.65,Hyderabad,0
T01286,U0675,D0178,M088,2026-08-21 06:32:00,8865.59,Mumbai,0
T01287,U0425,D0364,M080,2026-08-05 02:32:00,7589.26,Hyderabad,0
T01288,U0779,D0171,M081,2026-08-29 16:52:00,4317.57,Bangalore,0
T01289,U0676,D0250,M085,2026-08-11 04:55:00,6511.35,Pune,0
T01290,U0309,D0329,M093,2026-08-29 15:38:00,6507.53,Bangalore,0
T01291,U0448,D0315,M081,2026-08-04 14:29:00,9081.36,Mumbai,0
T01292,U0458,D0152,M042,2026-08-14 16:07:00,8431.23,Delhi,0
T01293,U0588,D0227,M098,2026-08-03 04:07:00,5554.84,Bangalore,0
T01294,U0676,D0131,M091,2026-08-20 08:07:00,4188.89,Mumbai,0
T01295,U0827,D0444,M098,2026-08-12 12:45:00,3619.03,Delhi,0
T01296,U0234,D0469,M090,2026-08-01 17:46:00,1227.96,Pune,0
T01297,U0624,D0167,M049,2026-08-18 21:12:00,548.06,Mumbai,0
T01298,U0872,D0228,M066,2026-08-27 17:23:00,7268.54,Pune,0
T01299,U0611,D0395,M059,2026-08-16 12:49:00,9670.52,Chennai,0
T01300,U0367,D0170,M036,2026-08-28 11:47:00,2667.24,Pune,0
T01301,U0259,D0298,M094,2026-08-01 19:34:00,157.89,Bangalore,0
T01302,U0164,D0163,M087,2026-08-21 22:37:00,6948.88,Pune,0
T01303,U0913,D0384,M088,2026-08-14 18:44:00,6223.14,Delhi,0
T01304,U0520,D0429,M076,2026-08-14 18:34:00,967.59,Chennai,0
T01305,U0165,D0173,M040,2026-08-01 17:21:00,6990.72,Chennai,0
T01306,U0178,D0183,M087,2026-08-30 12:28:00,1537.03,Chennai,0
T01307,U0597,D0396,M094,2026-08-09 16:31:00,952.33,Mumbai,0
T01308,U0302,D0318,M080,2026-08-01 23:49:00,1252.94,Chennai,0
T01309,U0907,D0435,M082,2026-08-23 01:48:00,4767.74,Mumbai,0
T01310,U0750,D0200,M051,2026-08-14 10:02:00,5737.36,Mumbai,0
T01311,U0203,D0246,M027,2026-08-05 16:08:00,6341.06,Pune,0
T01312,U0593,D0288,M089,2026-08-27 08:03:00,5998.81,Delhi,0
T01313,U0448,D0094,M088,2026-08-19 04:33:00,4912.4,Delhi,0
T01314,U0893,D0389,M088,2026-08-11 13:18:00,7171.47,Delhi,0
T01315,U0170,D0292,M099,2026-08-15 08:59:00,5577.23,Hyderabad,0
T01316,U0814,D0289,M086,2026-08-06 07:43:00,4998.41,Pune,0
T01317,U0506,D0305,M081,2026-08-01 22:43:00,1697.2,Pune,0
T01318,U0347,D0316,M070,2026-08-20 22:32:00,2397.82,Chennai,0
T01319,U0752,D0426,M069,2026-08-28 09:39:00,8549.19,Pune,0
T01320,U0823,D0315,M042,2026-08-14 08:27:00,7257.65,Mumbai,0
T01321,U0577,D0420,M072,2026-08-22 11:54:00,8017.58,Chennai,0
T01322,U0787,D0182,M062,2026-08-04 22:08:00,6703.86,Chennai,0
T01323,U0328,D0178,M046,2026-08-28 13:38:00,4972.64,Mumbai,0
T01324,U0656,D0231,M056,2026-08-10 12:45:00,5612.62,Bangalore,0
T01325,U0518,D0209,M071,2026-08-08 05:14:00,1829.68,Delhi,0
T01326,U0183,D0489,M034,2026-08-16 08:53:00,4363.14,Delhi,0
T01327,U0383,D0137,M097,2026-08-11 04:46:00,4915.02,Hyderabad,0
T01328,U0954,D0257,M031,2026-08-26 08:25:00,2748.16,Chennai,0
T01329,U0857,D0339,M039,2026-08-03 07:04:00,9273.66,Mumbai,0
T01330,U0969,D0310,M040,2026-08-05 19:39:00,7838.36,Delhi,0
T01331,U0951,D0128,M097,2026-08-02 21:50:00,5122.33,Chennai,0
T01332,U0796,D0136,M052,2026-08-17 11:00:00,1654.62,Hyderabad,0
T01333,U0876,D0302,M090,2026-08-23 16:22:00,7352.26,Bangalore,0
T01334,U0308,D0407,M072,2026-08-16 05:28:00,8209.69,Bangalore,0
T01335,U0357,D0300,M079,2026-08-01 07:11:00,2528.63,Mumbai,0
T01336,U0500,D0222,M090,2026-08-08 19:03:00,943.82,Hyderabad,0
T01337,U0883,D0462,M079,2026-08-17 09:55:00,6331.46,Chennai,0
T01338,U0306,D0461,M093,2026-08-20 04:37:00,7893.44,Chennai,0
T01339,U0972,D0295,M078,2026-08-19 15:04:00,8990.85,Delhi,0
T01340,U0964,D0425,M072,2026-08-02 08:30:00,4481.53,Bangalore,0
T01341,U0885,D0488,M092,2026-08-04 04:00:00,939.3,Hyderabad,0
T01342,U0562,D0471,M047,2026-08-20 18:07:00,708.54,Bangalore,0
T01343,U0827,D0404,M045,2026-08-27 03:34:00,672.32,Pune,0
T01344,U0881,D0485,M092,2026-08-14 11:00:00,4251.12,Pune,0
T01345,U0868,D0359,M064,2026-08-15 06:38:00,9101.39,Bangalore,0
T01346,U0997,D0219,M093,2026-08-28 18:43:00,9212.46,Pune,0
T01347,U0564,D0304,M052,2026-08-25 18:39:00,6281.16,Delhi,0
T01348,U0818,D0302,M070,2026-08-30 12:36:00,4104.61,Chennai,0
T01349,U0459,D0119,M030,2026-08-25 11:01:00,3411.48,Pune,0
T01350,U0887,D0454,M042,2026-08-24 16:29:00,9920.05,Hyderabad,0
T01351,U0369,D0123,M091,2026-08-26 02:41:00,3191.3,Hyderabad,0
T01352,U0926,D0401,M046,2026-08-02 01:34:00,376.12,Delhi,0
T01353,U0757,D0208,M056,2026-08-14 19:59:00,7292.44,Delhi,0
T01354,U0264,D0450,M033,2026-08-17 23:23:00,2671.59,Delhi,0
T01355,U0513,D0139,M032,2026-08-30 15:01:00,9419.3,Mumbai,0
T01356,U0456,D0369,M026,2026-08-21 14:57:00,3455.9,Chennai,0
T01357,U0975,D0457,M100,2026-08-26 17:46:00,7175.01,Pune,0
T01358,U0832,D0349,M055,2026-08-16 22:39:00,3062.1,Pune,0
T01359,U0954,D0493,M099,2026-08-07 08:53:00,7172.07,Delhi,0
T01360,U0906,D0202,M039,2026-08-15 22:05:00,5212.87,Chennai,0
T01361,U0993,D0474,M072,2026-08-21 16:13:00,1070.08,Pune,0
T01362,U0586,D0500,M078,2026-08-04 17:30:00,1013.26,Mumbai,0
T01363,U0284,D0319,M053,2026-08-21 07:19:00,872.92,Pune,0
T01364,U0689,D0282,M097,2026-08-24 14:49:00,7810.36,Hyderabad,0
T01365,U0749,D0331,M080,2026-08-21 00:41:00,6921.28,Mumbai,0
T01366,U0900,D0289,M046,2026-08-07 13:39:00,5107.28,Mumbai,0
T01367,U0879,D0310,M042,2026-08-24 08:32:00,8646.39,Bangalore,0
T01368,U0862,D0184,M084,2026-08-22 13:01:00,422.81,Chennai,0
T01369,U0723,D0265,M041,2026-08-28 09:06:00,8537.95,Bangalore,0
T01370,U0274,D0265,M099,2026-08-14 04:18:00,498.79,Chennai,0
T01371,U0271,D0266,M065,2026-08-18 01:00:00,3102.27,Mumbai,0
T01372,U0179,D0481,M044,2026-08-07 11:15:00,7859.55,Mumbai,0
T01373,U0200,D0232,M062,2026-08-10 19:28:00,1912.46,Pune,0
T01374,U0651,D0077,M041,2026-08-25 22:03:00,3551.62,Bangalore,0
T01375,U0578,D0322,M099,2026-08-15 02:16:00,5701.06,Hyderabad,0
T01376,U0951,D0269,M086,2026-08-28 13:35:00,1414.82,Chennai,0
T01377,U0667,D0401,M084,2026-08-21 11:26:00,6705.49,Chennai,0
T01378,U0896,D0242,M037,2026-08-29 10:24:00,6678.57,Mumbai,0
T01379,U0547,D0195,M076,2026-08-16 10:16:00,5455.85,Pune,0
T01380,U0604,D0452,M061,2026-08-30 09:30:00,976.45,Chennai,0
T01381,U0875,D0088,M099,2026-08-29 16:14:00,7981.97,Pune,0
T01382,U0467,D0363,M041,2026-08-30 07:19:00,5637.59,Chennai,0
T01383,U0784,D0353,M099,2026-08-03 09:45:00,9577.2,Delhi,0
T01384,U0344,D0460,M086,2026-08-23 21:00:00,8978.96,Bangalore,0
T01385,U0825,D0348,M049,2026-08-01 20:43:00,2822.13,Chennai,0
T01386,U0402,D0500,M100,2026-08-21 05:13:00,938.01,Delhi,0
T01387,U0772,D0240,M077,2026-08-27 19:13:00,545.34,Bangalore,0
T01388,U0499,D0299,M049,2026-08-19 21:13:00,338.16,Delhi,0
T01389,U0475,D0271,M058,2026-08-05 03:25:00,1234.98,Bangalore,0
T01390,U0705,D0162,M062,2026-08-07 13:19:00,1908.42,Bangalore,0
T01391,U0308,D0233,M078,2026-08-08 16:48:00,683.25,Hyderabad,0
T01392,U0336,D0089,M033,2026-08-14 13:31:00,3960.4,Hyderabad,0
T01393,U0296,D0287,M067,2026-08-12 17:43:00,3817.58,Bangalore,0
T01394,U0204,D0179,M056,2026-08-28 04:05:00,5901.69,Mumbai,0
T01395,U0671,D0461,M090,2026-08-18 12:34:00,9498.63,Hyderabad,0
T01396,U0213,D0238,M085,2026-08-26 04:09:00,4130.06,Mumbai,0
T01397,U0180,D0284,M055,2026-08-01 20:20:00,2764.68,Delhi,0
T01398,U0842,D0127,M057,2026-08-26 05:53:00,6550.35,Chennai,0
T01399,U0462,D0366,M078,2026-08-21 07:07:00,930.69,Pune,0
T01400,U0663,D0180,M044,2026-08-17 23:44:00,5450.35,Chennai,0
T01401,U0951,D0201,M094,2026-08-20 06:51:00,9617.39,Delhi,0
T01402,U0613,D0097,M026,2026-08-22 03:31:00,9615.03,Delhi,0
T01403,U0447,D0410,M047,2026-08-01 00:35:00,695.73,Mumbai,0
T01404,U0430,D0382,M058,2026-08-18 07:13:00,9992.49,Pune,0
T01405,U0368,D0375,M091,2026-08-13 19:16:00,550.3,Pune,0
T01406,U0697,D0364,M034,2026-08-14 16:22:00,988.18,Pune,0
T01407,U0276,D0147,M097,2026-08-13 17:14:00,8794.97,Chennai,0
T01408,U0776,D0334,M066,2026-08-16 14:14:00,6388.18,Pune,0
T01409,U0614,D0215,M057,2026-08-15 15:18:00,3482.14,Mumbai,0
T01410,U0764,D0244,M028,2026-08-07 02:03:00,6499.79,Bangalore,0
T01411,U0774,D0319,M026,2026-08-01 10:27:00,6759.79,Mumbai,0
T01412,U0720,D0432,M088,2026-08-18 21:01:00,5427.5,Pune,0
T01413,U0817,D0115,M094,2026-08-02 09:48:00,8936.46,Pune,0
T01414,U0606,D0420,M041,2026-08-17 01:33:00,9723.19,Mumbai,0
T01415,U0998,D0383,M071,2026-08-18 14:26:00,1854.15,Pune,0
T01416,U0159,D0139,M085,2026-08-17 20:39:00,9368.85,Mumbai,0
T01417,U0160,D0189,M028,2026-08-13 19:04:00,6837.49,Pune,0
T01418,U0517,D0174,M037,2026-08-28 22:02:00,6289.84,Pune,0
T01419,U0377,D0195,M089,2026-08-17 12:29:00,464.28,Mumbai,0
T01420,U0871,D0437,M052,2026-08-01 07:47:00,2041.26,Pune,0
T01421,U0556,D0132,M061,2026-08-26 21:36:00,5053.22,Chennai,0
T01422,U0716,D0175,M098,2026-08-28 10:36:00,5694.89,Bangalore,0
T01423,U0753,D0141,M034,2026-08-06 19:11:00,2670.28,Delhi,0
T01424,U0384,D0343,M061,2026-08-09 17:33:00,8491.91,Bangalore,0
T01425,U0860,D0423,M094,2026-08-28 23:09:00,2603.92,Delhi,0
T01426,U0615,D0077,M080,2026-08-30 04:06:00,6763.69,Pune,0
T01427,U0204,D0241,M081,2026-08-19 12:25:00,2812.95,Pune,0
T01428,U0681,D0314,M089,2026-08-17 10:49:00,5220.84,Bangalore,0
T01429,U0889,D0190,M032,2026-08-13 15:34:00,9192.08,Delhi,0
T01430,U0610,D0237,M026,2026-08-18 20:00:00,2026.62,Bangalore,0
T01431,U0736,D0489,M029,2026-08-11 06:26:00,9783.15,Mumbai,0
T01432,U0227,D0203,M051,2026-08-08 11:39:00,3359.32,Bangalore,0
T01433,U0792,D0396,M038,2026-08-02 06:26:00,4851.67,Bangalore,0
T01434,U0757,D0484,M068,2026-08-12 09:30:00,2546.82,Mumbai,0
T01435,U0395,D0250,M032,2026-08-16 04:22:00,5244.78,Chennai,0
T01436,U0225,D0473,M082,2026-08-05 08:29:00,6290.95,Delhi,0
T01437,U0278,D0119,M033,2026-08-02 12:25:00,3836.21,Pune,0
T01438,U0217,D0476,M042,2026-08-03 19:43:00,9199.25,Mumbai,0
T01439,U0207,D0230,M081,2026-08-03 23:51:00,1108.09,Bangalore,0
T01440,U0723,D0102,M063,2026-08-18 08:39:00,4076.66,Delhi,0
T01441,U0921,D0286,M055,2026-08-28 06:53:00,7896.0,Delhi,0
T01442,U0161,D0308,M075,2026-08-22 03:02:00,7972.13,Delhi,0
T01443,U0785,D0127,M069,2026-08-30 14:58:00,9382.09,Bangalore,0
T01444,U0615,D0340,M068,2026-08-27 18:02:00,2005.57,Bangalore,0
T01445,U0163,D0380,M034,2026-08-27 23:35:00,7915.22,Chennai,0
T01446,U0737,D0140,M091,2026-08-12 15:55:00,3618.37,Mumbai,0
T01447,U0893,D0393,M082,2026-08-09 11:04:00,2507.21,Bangalore,0
T01448,U0212,D0141,M065,2026-08-27 14:27:00,4414.9,Pune,0
T01449,U0923,D0259,M065,2026-08-27 13:31:00,8863.7,Chennai,0
T01450,U0301,D0316,M065,2026-08-28 10:59:00,3494.71,Hyderabad,0
T01451,U0159,D0341,M044,2026-08-03 14:36:00,2450.13,Delhi,0
T01452,U0206,D0292,M070,2026-08-09 21:26:00,9767.46,Pune,0
T01453,U0357,D0478,M034,2026-08-16 13:03:00,1974.62,Mumbai,0
T01454,U0862,D0430,M085,2026-08-28 07:06:00,6954.9,Delhi,0
T01455,U0730,D0247,M064,2026-08-20 01:19:00,3353.33,Bangalore,0
T01456,U0616,D0480,M031,2026-08-23 13:41:00,2272.12,Bangalore,0
T01457,U0805,D0190,M055,2026-08-22 05:34:00,6276.81,Chennai,0
T01458,U0643,D0452,M068,2026-08-18 02:35:00,2132.63,Chennai,0
T01459,U0996,D0079,M072,2026-08-01 10:48:00,829.94,Bangalore,0
T01460,U0719,D0134,M044,2026-08-14 05:23:00,4460.04,Pune,0
T01461,U0750,D0467,M072,2026-08-02 23:57:00,9755.56,Chennai,0
T01462,U0353,D0221,M048,2026-08-10 23:08:00,8865.28,Pune,0
T01463,U0329,D0249,M096,2026-08-12 04:39:00,1867.56,Bangalore,0
T01464,U0331,D0210,M038,2026-08-01 22:55:00,8331.31,Chennai,0
T01465,U0539,D0411,M040,2026-08-16 09:36:00,9367.53,Hyderabad,0
T01466,U0618,D0198,M073,2026-08-17 22:42:00,6643.0,Delhi,0
T01467,U0969,D0395,M081,2026-08-03 23:24:00,1273.08,Chennai,0
T01468,U0964,D0173,M050,2026-08-25 05:41:00,3844.14,Hyderabad,0
T01469,U0476,D0382,M080,2026-08-29 22:50:00,2521.04,Bangalore,0
T01470,U0932,D0391,M050,2026-08-25 08:52:00,3012.41,Chennai,0
T01471,U0486,D0202,M032,2026-08-29 15:32:00,7976.56,Chennai,0
T01472,U0671,D0375,M088,2026-08-10 12:32:00,7300.26,Mumbai,0
T01473,U0960,D0415,M034,2026-08-08 14:52:00,5135.28,Pune,0
T01474,U0920,D0336,M073,2026-08-23 16:35:00,5237.03,Chennai,0
T01475,U0480,D0440,M073,2026-08-24 21:57:00,6975.65,Pune,0
T01476,U0657,D0318,M060,2026-08-27 10:48:00,4069.37,Delhi,0
T01477,U0816,D0094,M052,2026-08-10 23:46:00,8959.36,Mumbai,0
T01478,U0391,D0278,M053,2026-08-14 22:13:00,4307.73,Mumbai,0
T01479,U0736,D0156,M073,2026-08-12 14:00:00,5550.46,Chennai,0
T01480,U0920,D0119,M063,2026-08-21 05:31:00,5236.33,Chennai,0
T01481,U0748,D0097,M085,2026-08-24 07:31:00,6249.15,Mumbai,0
T01482,U0612,D0315,M081,2026-08-19 14:41:00,3738.37,Mumbai,0
T01483,U0475,D0215,M074,2026-08-02 02:59:00,1877.7,Chennai,0
T01484,U0422,D0406,M035,2026-08-17 08:13:00,9024.61,Hyderabad,0
T01485,U0664,D0338,M095,2026-08-30 07:02:00,873.77,Hyderabad,0
T01486,U0384,D0126,M041,2026-08-04 05:55:00,3666.35,Delhi,0
T01487,U0356,D0246,M051,2026-08-15 23:37:00,2575.23,Pune,0
T01488,U0986,D0469,M061,2026-08-09 16:13:00,7085.86,Chennai,0
T01489,U0921,D0442,M095,2026-08-12 21:13:00,184.49,Hyderabad,0
T01490,U0439,D0497,M070,2026-08-19 09:04:00,9463.57,Delhi,0
T01491,U0926,D0411,M027,2026-08-22 11:33:00,6575.5,Chennai,0
T01492,U0558,D0192,M055,2026-08-10 13:14:00,4796.94,Delhi,0
T01493,U0752,D0478,M096,2026-08-22 07:59:00,7252.85,Mumbai,0
T01494,U0499,D0481,M036,2026-08-15 05:57:00,8473.44,Mumbai,0
T01495,U0939,D0433,M079,2026-08-10 12:55:00,4442.94,Delhi,0
T01496,U0181,D0267,M043,2026-08-27 06:47:00,8750.13,Hyderabad,0
T01497,U0906,D0080,M089,2026-08-30 23:38:00,8359.56,Hyderabad,0
T01498,U0381,D0290,M080,2026-08-19 08:35:00,7652.13,Pune,0
T01499,U0701,D0229,M067,2026-08-27 17:06:00,330.07,Bangalore,0
T01500,U0293,D0154,M068,2026-08-26 20:36:00,6335.41,Delhi,0
T01501,U0773,D0369,M076,2026-08-18 08:30:00,2121.63,Mumbai,0
T01502,U0216,D0349,M075,2026-08-09 13:42:00,4800.3,Hyderabad,0
T01503,U0734,D0307,M064,2026-08-05 05:50:00,1797.09,Pune,0
T01504,U0717,D0166,M030,2026-08-28 11:02:00,4937.27,Chennai,0
T01505,U0354,D0111,M075,2026-08-13 22:00:00,2138.33,Hyderabad,0
T01506,U0826,D0344,M034,2026-08-21 16:36:00,668.79,Delhi,0
T01507,U0162,D0163,M067,2026-08-19 16:46:00,3971.94,Bangalore,0
T01508,U0283,D0350,M079,2026-08-22 18:22:00,7457.11,Mumbai,0
T01509,U0362,D0142,M052,2026-08-15 02:20:00,4378.79,Pune,0
T01510,U0831,D0319,M046,2026-08-28 11:24:00,5793.4,Hyderabad,0
T01511,U0752,D0179,M090,2026-08-21 21:18:00,2826.87,Bangalore,0
T01512,U0297,D0304,M034,2026-08-19 04:04:00,6088.0,Chennai,0
T01513,U0689,D0244,M098,2026-08-23 08:15:00,4656.03,Delhi,0
T01514,U0191,D0453,M037,2026-08-14 02:28:00,6498.36,Mumbai,0
T01515,U0506,D0434,M064,2026-08-18 19:10:00,6168.97,Chennai,0
T01516,U0576,D0203,M048,2026-08-29 02:43:00,7359.12,Mumbai,0
T01517,U0544,D0413,M049,2026-08-26 21:04:00,1045.79,Pune,0
T01518,U0195,D0198,M046,2026-08-13 11:02:00,8837.3,Delhi,0
T01519,U0449,D0417,M034,2026-08-10 21:18:00,9096.49,Mumbai,0
T01520,U0931,D0359,M041,2026-08-17 18:45:00,857.68,Bangalore,0
T01521,U0667,D0468,M067,2026-08-19 15:56:00,4564.27,Hyderabad,0
T01522,U0363,D0335,M031,2026-08-22 00:48:00,364.51,Pune,0
T01523,U0862,D0421,M085,2026-08-18 08:19:00,3502.21,Mumbai,0
T01524,U0350,D0279,M030,2026-08-01 11:43:00,2581.0,Pune,0
T01525,U0290,D0243,M085,2026-08-23 01:29:00,4667.43,Bangalore,0
T01526,U0712,D0412,M057,2026-08-20 22:06:00,1488.53,Hyderabad,0
T01527,U0316,D0163,M028,2026-08-28 14:59:00,1095.1,Hyderabad,0
T01528,U0278,D0349,M076,2026-08-08 15:59:00,868.09,Bangalore,0
T01529,U0844,D0215,M045,2026-08-21 01:18:00,3645.06,Chennai,0
T01530,U0882,D0093,M094,2026-08-10 20:06:00,4476.38,Bangalore,0
T01531,U0801,D0491,M092,2026-08-30 04:09:00,6659.15,Pune,0
T01532,U0256,D0275,M065,2026-08-21 04:57:00,618.91,Bangalore,0
T01533,U0200,D0471,M074,2026-08-10 04:21:00,9295.32,Hyderabad,0
T01534,U0395,D0178,M037,2026-08-01 17:31:00,4274.66,Bangalore,0
T01535,U0496,D0496,M050,2026-08-03 21:00:00,2283.62,Bangalore,0
T01536,U0967,D0416,M047,2026-08-08 14:27:00,535.72,Delhi,0
T01537,U0261,D0493,M067,2026-08-15 16:27:00,5664.34,Chennai,0
T01538,U0790,D0182,M095,2026-08-18 23:30:00,9395.34,Bangalore,0
T01539,U0388,D0185,M039,2026-08-17 05:28:00,3301.34,Bangalore,0
T01540,U0562,D0410,M066,2026-08-01 13:05:00,3952.95,Mumbai,0
T01541,U0376,D0109,M061,2026-08-30 13:54:00,6276.7,Bangalore,0
T01542,U0219,D0187,M078,2026-08-14 17:21:00,7698.7,Mumbai,0
T01543,U0255,D0440,M094,2026-08-26 21:43:00,1797.45,Bangalore,0
T01544,U0765,D0242,M075,2026-08-07 01:11:00,3387.26,Pune,0
T01545,U0930,D0428,M066,2026-08-22 22:36:00,768.38,Bangalore,0
T01546,U0774,D0375,M083,2026-08-18 09:39:00,5159.16,Pune,0
T01547,U0389,D0333,M027,2026-08-11 14:04:00,310.01,Bangalore,0
T01548,U0467,D0197,M080,2026-08-12 02:01:00,6235.69,Bangalore,0
T01549,U0291,D0267,M089,2026-08-14 11:58:00,2099.92,Mumbai,0
T01550,U0360,D0404,M030,2026-08-11 20:01:00,9241.75,Delhi,0
T01551,U0605,D0454,M068,2026-08-07 02:39:00,2853.45,Pune,0
T01552,U0956,D0465,M031,2026-08-24 16:55:00,7938.62,Mumbai,0
T01553,U0814,D0492,M062,2026-08-02 01:52:00,2367.2,Pune,0
T01554,U0490,D0251,M057,2026-08-10 08:48:00,5439.19,Pune,0
T01555,U0405,D0486,M054,2026-08-28 16:10:00,8739.79,Delhi,0
T01556,U0480,D0169,M082,2026-08-29 15:53:00,159.82,Mumbai,0
T01557,U0222,D0174,M032,2026-08-29 20:53:00,9920.92,Chennai,0
T01558,U0279,D0122,M048,2026-08-27 23:18:00,5533.59,Chennai,0
T01559,U0392,D0335,M036,2026-08-20 09:34:00,7277.39,Hyderabad,0
T01560,U0319,D0445,M051,2026-08-12 03:31:00,4297.77,Delhi,0
T01561,U0405,D0231,M062,2026-08-27 05:36:00,4537.88,Pune,0
T01562,U0357,D0215,M087,2026-08-04 15:23:00,9515.03,Hyderabad,0
T01563,U0558,D0269,M047,2026-08-22 10:08:00,4469.62,Delhi,0
T01564,U0775,D0452,M081,2026-08-08 02:15:00,8214.08,Mumbai,0
T01565,U0171,D0466,M074,2026-08-20 10:49:00,8555.02,Hyderabad,0
T01566,U0760,D0351,M045,2026-08-26 03:51:00,7293.82,Hyderabad,0
T01567,U0540,D0313,M065,2026-08-21 15:27:00,2903.93,Delhi,0
T01568,U0771,D0322,M035,2026-08-16 03:58:00,1452.9,Mumbai,0
T01569,U0351,D0155,M050,2026-08-01 04:33:00,227.06,Delhi,0
T01570,U0898,D0447,M073,2026-08-23 08:47:00,4105.1,Mumbai,0
T01571,U0555,D0456,M073,2026-08-18 11:28:00,4946.56,Pune,0
T01572,U0753,D0112,M078,2026-08-02 18:24:00,9925.48,Bangalore,0
T01573,U0545,D0365,M046,2026-08-09 20:08:00,7653.21,Hyderabad,0
T01574,U0940,D0460,M070,2026-08-24 04:37:00,7120.37,Pune,0
T01575,U0856,D0264,M033,2026-08-30 14:57:00,3914.8,Mumbai,0
T01576,U0904,D0202,M057,2026-08-22 17:48:00,441.62,Hyderabad,0
T01577,U0797,D0437,M029,2026-08-30 08:52:00,1564.05,Delhi,0
T01578,U0617,D0424,M044,2026-08-12 13:45:00,2549.41,Delhi,0
T01579,U0829,D0158,M027,2026-08-06 07:30:00,7732.62,Pune,0
T01580,U0879,D0272,M076,2026-08-27 16:14:00,9744.04,Bangalore,0
T01581,U0681,D0172,M080,2026-08-08 13:07:00,8314.52,Hyderabad,0
T01582,U0859,D0230,M090,2026-08-25 06:23:00,6619.01,Mumbai,0
T01583,U0751,D0233,M078,2026-08-05 01:04:00,1181.81,Delhi,0
T01584,U0946,D0484,M070,2026-08-07 11:52:00,2763.31,Chennai,0
T01585,U0917,D0279,M065,2026-08-01 07:00:00,9871.55,Mumbai,0
T01586,U0152,D0125,M034,2026-08-20 00:23:00,5297.12,Pune,0
T01587,U0446,D0451,M081,2026-08-08 18:22:00,1846.37,Chennai,0
T01588,U0871,D0144,M051,2026-08-23 03:21:00,1901.64,Bangalore,0
T01589,U0612,D0366,M053,2026-08-09 10:45:00,2089.31,Pune,0
T01590,U0338,D0490,M050,2026-08-12 19:16:00,9831.18,Mumbai,0
T01591,U0602,D0396,M039,2026-08-29 23:09:00,1744.65,Hyderabad,0
T01592,U0238,D0269,M041,2026-08-13 14:17:00,736.2,Bangalore,0
T01593,U0750,D0196,M087,2026-08-23 01:57:00,6760.77,Bangalore,0
T01594,U0160,D0107,M060,2026-08-01 07:53:00,6686.69,Bangalore,0
T01595,U0250,D0184,M092,2026-08-01 07:55:00,3819.09,Delhi,0
T01596,U0930,D0212,M088,2026-08-22 12:53:00,7593.43,Delhi,0
T01597,U0590,D0248,M073,2026-08-16 14:43:00,9994.51,Chennai,0
T01598,U0520,D0416,M077,2026-08-18 05:21:00,6147.01,Hyderabad,0
T01599,U0489,D0488,M038,2026-08-01 03:22:00,4623.5,Pune,0
T01600,U0562,D0447,M043,2026-08-02 04:02:00,6058.9,Delhi,0
T01601,U0437,D0434,M057,2026-08-17 18:25:00,4573.99,Pune,0
T01602,U0825,D0319,M091,2026-08-19 19:14:00,6636.26,Bangalore,0
T01603,U0804,D0492,M067,2026-08-01 18:09:00,6374.4,Bangalore,0
T01604,U0977,D0452,M067,2026-08-21 05:18:00,2412.23,Mumbai,0
T01605,U0560,D0454,M036,2026-08-16 20:28:00,4336.37,Mumbai,0
T01606,U0825,D0434,M038,2026-08-18 12:22:00,3009.24,Chennai,0
T01607,U0880,D0149,M092,2026-08-27 00:39:00,7870.13,Pune,0
T01608,U0667,D0092,M042,2026-08-23 15:52:00,7988.53,Hyderabad,0
T01609,U0840,D0356,M085,2026-08-08 15:33:00,8974.44,Bangalore,0
T01610,U0644,D0415,M095,2026-08-11 23:07:00,2509.22,Chennai,0
T01611,U0922,D0413,M037,2026-08-05 19:12:00,4405.44,Pune,0
T01612,U0180,D0158,M067,2026-08-18 10:52:00,7686.46,Chennai,0
T01613,U0887,D0207,M086,2026-08-06 14:27:00,6688.22,Delhi,0
T01614,U0799,D0447,M088,2026-08-05 02:47:00,7975.85,Hyderabad,0
T01615,U0380,D0370,M034,2026-08-30 07:24:00,3497.94,Pune,0
T01616,U0911,D0452,M074,2026-08-30 18:15:00,6456.81,Delhi,0
T01617,U0598,D0489,M055,2026-08-11 04:10:00,2665.03,Hyderabad,0
T01618,U0240,D0133,M037,2026-08-16 11:37:00,7431.75,Chennai,0
T01619,U0913,D0135,M099,2026-08-17 17:40:00,1361.43,Hyderabad,0
T01620,U0540,D0371,M026,2026-08-15 03:28:00,712.66,Delhi,0
T01621,U0345,D0274,M080,2026-08-15 13:08:00,7735.68,Pune,0
T01622,U0966,D0140,M092,2026-08-28 09:07:00,5948.68,Bangalore,0
T01623,U0555,D0080,M094,2026-08-21 23:06:00,3227.67,Hyderabad,0
T01624,U0375,D0331,M084,2026-08-07 17:01:00,6054.51,Chennai,0
T01625,U0915,D0416,M030,2026-08-28 06:08:00,3269.38,Delhi,0
T01626,U0856,D0139,M061,2026-08-27 02:55:00,4835.0,Chennai,0
T01627,U0657,D0225,M074,2026-08-03 16:14:00,9813.31,Hyderabad,0
T01628,U0307,D0499,M052,2026-08-11 05:50:00,7034.03,Bangalore,0
T01629,U0945,D0167,M088,2026-08-18 19:57:00,3061.11,Pune,0
T01630,U0314,D0087,M096,2026-08-18 20:28:00,3440.36,Pune,0
T01631,U0635,D0254,M076,2026-08-18 19:08:00,811.05,Pune,0
T01632,U0440,D0220,M050,2026-08-25 22:34:00,3998.35,Chennai,0
T01633,U0482,D0461,M100,2026-08-03 11:07:00,8513.12,Pune,0
T01634,U0462,D0310,M046,2026-08-27 06:24:00,1461.85,Pune,0
T01635,U0645,D0225,M044,2026-08-10 13:07:00,2259.55,Pune,0
T01636,U0351,D0452,M027,2026-08-17 11:38:00,7286.98,Delhi,0
T01637,U0255,D0423,M044,2026-08-18 03:17:00,9508.94,Mumbai,0
T01638,U0846,D0162,M033,2026-08-05 08:54:00,3620.28,Mumbai,0
T01639,U0334,D0102,M041,2026-08-24 10:59:00,6535.97,Delhi,0
T01640,U0595,D0152,M077,2026-08-12 03:36:00,436.53,Chennai,0
T01641,U0557,D0326,M064,2026-08-28 03:09:00,9550.1,Pune,0
T01642,U0914,D0268,M037,2026-08-22 02:27:00,8662.47,Pune,0
T01643,U0542,D0216,M082,2026-08-17 17:12:00,214.86,Bangalore,0
T01644,U0235,D0138,M088,2026-08-30 04:35:00,6721.04,Delhi,0
T01645,U0381,D0087,M099,2026-08-27 01:27:00,4847.03,Pune,0
T01646,U0914,D0124,M049,2026-08-18 11:23:00,4893.5,Pune,0
T01647,U0870,D0298,M064,2026-08-27 00:08:00,1339.84,Hyderabad,0
T01648,U0216,D0441,M094,2026-08-09 09:56:00,4112.77,Pune,0
T01649,U0171,D0277,M097,2026-08-25 09:54:00,7856.4,Delhi,0
T01650,U0651,D0108,M092,2026-08-27 14:40:00,5435.92,Pune,0
T01651,U0278,D0461,M052,2026-08-30 23:20:00,8986.26,Chennai,0
T01652,U0764,D0431,M049,2026-08-01 05:48:00,5591.75,Hyderabad,0
T01653,U0276,D0096,M042,2026-08-27 04:08:00,2141.68,Chennai,0
T01654,U0240,D0363,M058,2026-08-02 14:14:00,937.64,Bangalore,0
T01655,U0669,D0228,M072,2026-08-25 18:39:00,1798.87,Pune,0
T01656,U0151,D0203,M064,2026-08-03 02:25:00,9467.52,Delhi,0
T01657,U0952,D0226,M094,2026-08-21 05:58:00,1484.56,Mumbai,0
T01658,U0862,D0236,M092,2026-08-17 00:36:00,6101.1,Delhi,0
T01659,U0365,D0428,M038,2026-08-03 00:51:00,2447.29,Chennai,0
T01660,U0296,D0229,M053,2026-08-07 02:35:00,6061.23,Chennai,0
T01661,U0756,D0259,M061,2026-08-06 20:20:00,7318.13,Mumbai,0
T01662,U0227,D0357,M058,2026-08-12 20:43:00,3879.64,Chennai,0
T01663,U0560,D0309,M036,2026-08-12 13:37:00,6797.6,Pune,0
T01664,U0297,D0350,M052,2026-08-04 05:04:00,6332.73,Hyderabad,0
T01665,U0799,D0432,M050,2026-08-17 22:28:00,5680.06,Pune,0
T01666,U0991,D0337,M046,2026-08-20 02:24:00,8233.52,Hyderabad,0
T01667,U0957,D0298,M074,2026-08-02 04:18:00,9643.78,Chennai,0
T01668,U0230,D0214,M041,2026-08-25 04:30:00,1188.9,Delhi,0
T01669,U0567,D0109,M068,2026-08-30 03:14:00,980.84,Hyderabad,0
T01670,U0947,D0215,M044,2026-08-11 06:35:00,2809.1,Bangalore,0
T01671,U0537,D0189,M074,2026-08-05 18:41:00,7849.06,Bangalore,0
T01672,U0330,D0345,M065,2026-08-27 19:09:00,8231.3,Mumbai,0
T01673,U0248,D0346,M070,2026-08-27 00:56:00,8667.44,Delhi,0
T01674,U0428,D0387,M038,2026-08-03 04:23:00,1790.4,Mumbai,0
T01675,U0336,D0252,M094,2026-08-26 02:34:00,5986.71,Mumbai,0
T01676,U0639,D0379,M042,2026-08-12 18:57:00,194.02,Delhi,0
T01677,U0881,D0155,M042,2026-08-07 11:50:00,3850.13,Pune,0
T01678,U0424,D0103,M073,2026-08-12 08:05:00,6814.33,Mumbai,0
T01679,U0874,D0310,M049,2026-08-20 23:27:00,9863.84,Mumbai,0
T01680,U0665,D0222,M061,2026-08-20 11:14:00,5253.89,Pune,0
T01681,U0984,D0193,M065,2026-08-29 22:16:00,8593.42,Hyderabad,0
T01682,U0567,D0470,M066,2026-08-05 02:27:00,6383.3,Bangalore,0
T01683,U0898,D0198,M037,2026-08-08 12:20:00,5795.64,Bangalore,0
T01684,U0912,D0222,M096,2026-08-23 10:19:00,8102.63,Bangalore,0
T01685,U0585,D0422,M091,2026-08-07 05:00:00,4848.59,Delhi,0
T01686,U0852,D0422,M094,2026-08-06 16:11:00,4114.17,Delhi,0
T01687,U0345,D0457,M026,2026-08-20 08:11:00,7055.66,Pune,0
T01688,U0504,D0201,M093,2026-08-28 17:24:00,519.32,Mumbai,0
T01689,U0323,D0421,M093,2026-08-11 05:50:00,1830.66,Hyderabad,0
T01690,U0287,D0339,M071,2026-08-03 07:36:00,4284.95,Mumbai,0
T01691,U0325,D0267,M040,2026-08-16 09:08:00,9149.05,Chennai,0
T01692,U0703,D0468,M041,2026-08-14 04:49:00,3061.86,Hyderabad,0
T01693,U0422,D0185,M026,2026-08-29 17:24:00,5731.54,Chennai,0
T01694,U0463,D0405,M091,2026-08-02 14:41:00,9360.6,Delhi,0
T01695,U0650,D0105,M071,2026-08-01 06:26:00,6193.75,Hyderabad,0
T01696,U0456,D0257,M039,2026-08-01 05:37:00,3562.24,Pune,0
T01697,U0341,D0281,M071,2026-08-01 09:40:00,1103.24,Mumbai,0
T01698,U0353,D0119,M093,2026-08-24 09:46:00,8995.25,Mumbai,0
T01699,U0277,D0325,M026,2026-08-08 01:59:00,7717.53,Hyderabad,0
T01700,U0382,D0316,M076,2026-08-18 00:50:00,3062.92,Mumbai,0
T01701,U0337,D0350,M060,2026-08-05 22:43:00,9894.76,Pune,0
T01702,U0600,D0158,M043,2026-08-17 02:22:00,7496.2,Bangalore,0
T01703,U0518,D0439,M051,2026-08-06 00:52:00,1976.71,Bangalore,0
T01704,U0287,D0278,M079,2026-08-16 01:46:00,9019.88,Chennai,0
T01705,U0833,D0177,M087,2026-08-13 02:19:00,1276.04,Mumbai,0
T01706,U0714,D0329,M042,2026-08-15 18:51:00,7535.79,Mumbai,0
T01707,U0664,D0447,M075,2026-08-06 23:32:00,1186.35,Bangalore,0
T01708,U0962,D0086,M042,2026-08-08 01:53:00,3506.79,Bangalore,0
T01709,U0936,D0426,M056,2026-08-03 08:50:00,6815.27,Hyderabad,0
T01710,U0590,D0381,M027,2026-08-20 18:24:00,4853.91,Hyderabad,0
T01711,U0648,D0118,M080,2026-08-12 06:36:00,6214.37,Pune,0
T01712,U0674,D0171,M057,2026-08-13 19:04:00,7690.6,Hyderabad,0
T01713,U0868,D0202,M080,2026-08-10 00:43:00,4791.54,Bangalore,0
T01714,U0868,D0449,M090,2026-08-28 19:29:00,1893.76,Delhi,0
T01715,U0795,D0400,M045,2026-08-11 10:32:00,1292.57,Mumbai,0
T01716,U0190,D0216,M050,2026-08-07 15:41:00,4320.4,Delhi,0
T01717,U0355,D0122,M032,2026-08-18 07:26:00,4132.24,Hyderabad,0
T01718,U0867,D0400,M055,2026-08-11 02:14:00,3428.16,Mumbai,0
T01719,U0213,D0337,M080,2026-08-30 07:16:00,611.39,Bangalore,0
T01720,U0426,D0262,M061,2026-08-16 23:24:00,7144.7,Chennai,0
T01721,U0478,D0100,M049,2026-08-02 20:39:00,105.31,Pune,0
T01722,U0913,D0240,M053,2026-08-13 23:38:00,4773.38,Delhi,0
T01723,U0254,D0296,M049,2026-08-12 11:32:00,9488.45,Hyderabad,0
T01724,U0493,D0231,M040,2026-08-05 09:49:00,6722.58,Pune,0
T01725,U0716,D0470,M042,2026-08-16 01:46:00,3669.63,Hyderabad,0
T01726,U0911,D0474,M093,2026-08-28 12:30:00,3778.76,Pune,0
T01727,U0433,D0183,M100,2026-08-18 11:29:00,963.59,Bangalore,0
T01728,U0284,D0398,M041,2026-08-02 20:49:00,5906.96,Pune,0
T01729,U0988,D0173,M050,2026-08-21 06:53:00,9262.46,Bangalore,0
T01730,U0710,D0392,M069,2026-08-14 17:17:00,7280.97,Chennai,0
T01731,U0697,D0445,M045,2026-08-02 23:51:00,1365.54,Mumbai,0
T01732,U0714,D0440,M058,2026-08-26 12:02:00,9753.75,Hyderabad,0
T01733,U0610,D0398,M041,2026-08-20 20:21:00,770.31,Mumbai,0
T01734,U0687,D0333,M028,2026-08-08 14:20:00,6031.62,Pune,0
T01735,U0283,D0224,M031,2026-08-26 18:24:00,701.85,Pune,0
T01736,U0345,D0455,M076,2026-08-23 12:42:00,6878.47,Delhi,0
T01737,U0227,D0160,M082,2026-08-24 04:16:00,3903.09,Mumbai,0
T01738,U0561,D0386,M060,2026-08-10 10:01:00,1922.26,Chennai,0
T01739,U0736,D0187,M027,2026-08-24 08:06:00,4608.87,Pune,0
T01740,U0888,D0344,M059,2026-08-14 19:24:00,8539.5,Hyderabad,0
T01741,U0876,D0213,M096,2026-08-06 10:05:00,1793.98,Bangalore,0
T01742,U0697,D0197,M063,2026-08-02 18:41:00,6432.19,Hyderabad,0
T01743,U0287,D0214,M032,2026-08-30 05:41:00,9802.23,Chennai,0
T01744,U0698,D0135,M026,2026-08-30 12:29:00,3539.87,Delhi,0
T01745,U0528,D0242,M036,2026-08-25 23:57:00,2713.98,Chennai,0
T01746,U0569,D0389,M063,2026-08-15 18:35:00,9854.09,Pune,0
T01747,U0986,D0081,M071,2026-08-10 23:30:00,7331.72,Hyderabad,0
T01748,U0331,D0207,M028,2026-08-25 10:58:00,6607.44,Delhi,0
T01749,U0259,D0445,M074,2026-08-30 18:09:00,2647.72,Pune,0
T01750,U0800,D0385,M096,2026-08-10 09:10:00,8186.79,Chennai,0
T01751,U0483,D0213,M052,2026-08-27 11:19:00,6335.03,Mumbai,0
T01752,U0310,D0304,M055,2026-08-20 17:56:00,3749.54,Mumbai,0
T01753,U0246,D0329,M049,2026-08-21 21:46:00,1931.78,Chennai,0
T01754,U0344,D0367,M088,2026-08-09 05:03:00,6510.89,Bangalore,0
T01755,U0468,D0159,M048,2026-08-18 22:34:00,6904.93,Chennai,0
T01756,U0222,D0149,M035,2026-08-20 09:44:00,2528.01,Pune,0
T01757,U0563,D0127,M093,2026-08-07 05:57:00,7294.97,Bangalore,0
T01758,U0768,D0127,M074,2026-08-18 11:25:00,305.09,Bangalore,0
T01759,U0932,D0405,M031,2026-08-07 00:22:00,2558.6,Bangalore,0
T01760,U0425,D0149,M027,2026-08-01 10:15:00,9580.42,Bangalore,0
T01761,U0706,D0452,M069,2026-08-04 20:48:00,2102.98,Mumbai,0
T01762,U0928,D0364,M082,2026-08-08 10:11:00,3143.11,Mumbai,0
T01763,U0309,D0200,M033,2026-08-25 17:40:00,6951.21,Pune,0
T01764,U0707,D0139,M028,2026-08-03 00:38:00,1117.87,Hyderabad,0
T01765,U0256,D0337,M079,2026-08-07 10:55:00,111.98,Chennai,0
T01766,U0175,D0192,M080,2026-08-18 12:56:00,1559.03,Pune,0
T01767,U0444,D0191,M075,2026-08-06 02:46:00,4969.02,Bangalore,0
T01768,U0380,D0128,M062,2026-08-17 06:16:00,855.27,Hyderabad,0
T01769,U0272,D0260,M036,2026-08-02 23:20:00,6084.61,Chennai,0
T01770,U0589,D0347,M068,2026-08-28 06:56:00,1895.52,Mumbai,0
T01771,U0304,D0417,M064,2026-08-29 10:24:00,8193.87,Hyderabad,0
T01772,U0257,D0214,M089,2026-08-17 19:10:00,9335.53,Pune,0
T01773,U0968,D0115,M026,2026-08-07 18:21:00,7800.06,Chennai,0
T01774,U0478,D0151,M075,2026-08-21 07:54:00,7241.3,Mumbai,0
T01775,U0985,D0110,M040,2026-08-27 07:09:00,4331.79,Pune,0
T01776,U0436,D0150,M037,2026-08-15 16:51:00,9948.24,Chennai,0
T01777,U0936,D0273,M071,2026-08-15 12:46:00,4992.64,Mumbai,0
T01778,U0861,D0287,M068,2026-08-07 06:58:00,8041.2,Pune,0
T01779,U0402,D0272,M079,2026-08-26 00:01:00,5021.31,Delhi,0
T01780,U0655,D0348,M094,2026-08-11 11:20:00,3907.81,Delhi,0
T01781,U0883,D0291,M093,2026-08-27 07:11:00,7788.27,Pune,0
T01782,U0375,D0435,M037,2026-08-11 16:53:00,3680.92,Chennai,0
T01783,U0168,D0261,M097,2026-08-22 13:39:00,9580.4,Bangalore,0
T01784,U0212,D0254,M072,2026-08-07 08:12:00,3017.5,Chennai,0
T01785,U0715,D0291,M057,2026-08-10 14:10:00,8295.44,Bangalore,0
T01786,U0915,D0146,M041,2026-08-07 12:16:00,3836.86,Bangalore,0
T01787,U0863,D0293,M073,2026-08-03 11:04:00,7043.88,Pune,0
T01788,U0746,D0113,M087,2026-08-28 00:43:00,8717.72,Bangalore,0
T01789,U0301,D0263,M044,2026-08-04 14:16:00,2525.95,Bangalore,0
T01790,U0733,D0492,M079,2026-08-07 19:31:00,7677.64,Mumbai,0
T01791,U0912,D0147,M093,2026-08-14 15:08:00,4754.83,Pune,0
T01792,U0496,D0303,M027,2026-08-14 01:13:00,1201.54,Bangalore,0
T01793,U0808,D0092,M048,2026-08-23 21:43:00,1687.45,Mumbai,0
T01794,U0584,D0424,M084,2026-08-26 05:17:00,7142.93,Hyderabad,0
T01795,U0736,D0332,M065,2026-08-11 08:17:00,4294.34,Chennai,0
T01796,U0429,D0123,M092,2026-08-18 04:23:00,9781.47,Chennai,0
T01797,U0911,D0184,M077,2026-08-29 04:09:00,654.37,Mumbai,0
T01798,U0339,D0497,M097,2026-08-28 12:54:00,8432.96,Pune,0
T01799,U0630,D0320,M066,2026-08-30 16:55:00,6454.72,Mumbai,0
T01800,U0319,D0103,M073,2026-08-30 10:18:00,4299.8,Hyderabad,0
T01801,U0262,D0129,M035,2026-08-17 12:10:00,6071.58,Hyderabad,0
T01802,U0179,D0198,M062,2026-08-08 09:46:00,5461.52,Bangalore,0
T01803,U0367,D0381,M027,2026-08-15 01:38:00,1958.66,Chennai,0
T01804,U0804,D0092,M056,2026-08-13 06:00:00,941.89,Delhi,0
T01805,U0729,D0098,M098,2026-08-23 00:26:00,552.24,Hyderabad,0
T01806,U0246,D0234,M027,2026-08-17 05:33:00,7541.63,Mumbai,0
T01807,U0663,D0175,M066,2026-08-18 18:41:00,7284.31,Chennai,0
T01808,U0870,D0421,M038,2026-08-16 01:53:00,4132.14,Pune,0
T01809,U0666,D0127,M090,2026-08-07 20:02:00,334.48,Mumbai,0
T01810,U0639,D0376,M030,2026-08-14 04:53:00,1696.11,Pune,0
T01811,U0625,D0116,M037,2026-08-11 12:56:00,8855.58,Pune,0
T01812,U0820,D0148,M046,2026-08-23 19:54:00,5211.38,Pune,0
T01813,U0774,D0409,M092,2026-08-16 12:54:00,4530.05,Chennai,0
T01814,U0498,D0224,M072,2026-08-29 08:59:00,8573.93,Mumbai,0
T01815,U0191,D0440,M075,2026-08-11 21:10:00,2167.32,Delhi,0
T01816,U0772,D0114,M045,2026-08-26 19:12:00,6315.12,Mumbai,0
T01817,U0250,D0488,M027,2026-08-07 11:46:00,7686.54,Hyderabad,0
T01818,U0711,D0484,M037,2026-08-23 16:56:00,1031.73,Hyderabad,0
T01819,U0324,D0227,M046,2026-08-04 02:27:00,2873.16,Hyderabad,0
T01820,U0512,D0121,M035,2026-08-09 03:43:00,7135.48,Mumbai,0
T01821,U0415,D0318,M058,2026-08-21 02:49:00,6537.89,Chennai,0
T01822,U0277,D0367,M088,2026-08-02 19:14:00,3698.37,Hyderabad,0
T01823,U0561,D0285,M042,2026-08-21 01:30:00,3730.65,Delhi,0
T01824,U0472,D0267,M036,2026-08-19 19:19:00,5108.83,Hyderabad,0
T01825,U0849,D0097,M033,2026-08-12 03:24:00,7027.48,Delhi,0
T01826,U0159,D0155,M039,2026-08-14 05:28:00,3820.63,Delhi,0
T01827,U0559,D0113,M054,2026-08-18 16:02:00,8754.17,Pune,0
T01828,U0246,D0254,M085,2026-08-22 07:42:00,6460.6,Mumbai,0
T01829,U0262,D0119,M049,2026-08-05 22:20:00,9182.86,Mumbai,0
T01830,U0937,D0297,M051,2026-08-19 06:34:00,3354.33,Hyderabad,0
T01831,U0501,D0385,M088,2026-08-10 16:15:00,7052.68,Mumbai,0
T01832,U0268,D0218,M084,2026-08-02 17:48:00,5496.3,Mumbai,0
T01833,U0300,D0403,M053,2026-08-15 13:43:00,5725.25,Delhi,0
T01834,U0943,D0270,M033,2026-08-17 10:50:00,7916.64,Mumbai,0
T01835,U0369,D0103,M053,2026-08-02 01:03:00,9531.19,Pune,0
T01836,U0584,D0214,M058,2026-08-29 22:20:00,1843.45,Chennai,0
T01837,U0221,D0216,M077,2026-08-04 17:14:00,3053.53,Pune,0
T01838,U0613,D0290,M093,2026-08-10 17:51:00,6729.48,Hyderabad,0
T01839,U0339,D0103,M037,2026-08-20 12:04:00,3485.99,Hyderabad,0
T01840,U0319,D0177,M070,2026-08-20 01:46:00,4868.09,Delhi,0
T01841,U0856,D0477,M046,2026-08-20 21:05:00,3611.45,Pune,0
T01842,U0735,D0275,M027,2026-08-26 12:39:00,7852.42,Delhi,0
T01843,U0354,D0115,M100,2026-08-29 01:23:00,1531.71,Pune,0
T01844,U0994,D0451,M066,2026-08-01 15:29:00,1590.01,Mumbai,0
T01845,U0302,D0331,M066,2026-08-06 04:05:00,7940.97,Pune,0
T01846,U0567,D0210,M092,2026-08-01 04:00:00,9883.56,Chennai,0
T01847,U0800,D0306,M100,2026-08-05 10:26:00,461.21,Pune,0
T01848,U0343,D0291,M095,2026-08-08 13:25:00,6049.34,Chennai,0
T01849,U0507,D0183,M050,2026-08-27 06:03:00,9555.53,Hyderabad,0
T01850,U0984,D0262,M028,2026-08-14 17:48:00,8976.88,Delhi,0
T01851,U0989,D0139,M089,2026-08-30 12:47:00,9990.58,Mumbai,0
T01852,U0571,D0256,M071,2026-08-25 16:31:00,4315.91,Hyderabad,0
T01853,U0267,D0166,M084,2026-08-20 11:54:00,3793.9,Delhi,0
T01854,U0760,D0159,M095,2026-08-20 20:05:00,3877.48,Pune,0
T01855,U0856,D0424,M081,2026-08-29 20:36:00,2904.16,Delhi,0
T01856,U0252,D0120,M039,2026-08-05 01:54:00,6531.28,Delhi,0
T01857,U0572,D0129,M089,2026-08-29 09:23:00,9279.57,Bangalore,0
T01858,U0799,D0303,M090,2026-08-27 10:51:00,8078.12,Pune,0
T01859,U0447,D0291,M053,2026-08-11 03:26:00,7791.11,Delhi,0
T01860,U0541,D0134,M051,2026-08-22 08:54:00,9510.46,Hyderabad,0
T01861,U0963,D0313,M078,2026-08-30 08:21:00,7067.97,Pune,0
T01862,U0556,D0079,M073,2026-08-11 04:35:00,5124.85,Hyderabad,0
T01863,U0825,D0211,M065,2026-08-19 20:58:00,6765.68,Bangalore,0
T01864,U0575,D0092,M027,2026-08-02 04:40:00,1618.42,Hyderabad,0
T01865,U0987,D0341,M066,2026-08-16 06:00:00,1787.07,Delhi,0
T01866,U0591,D0199,M097,2026-08-18 19:28:00,2007.34,Pune,0
T01867,U0553,D0500,M032,2026-08-27 07:10:00,4348.11,Pune,0
T01868,U0550,D0448,M048,2026-08-19 08:18:00,9051.3,Delhi,0
T01869,U0313,D0299,M055,2026-08-05 12:45:00,7129.25,Chennai,0
T01870,U0667,D0136,M099,2026-08-18 20:10:00,8446.0,Pune,0
T01871,U0417,D0359,M046,2026-08-15 16:09:00,2117.25,Bangalore,0
T01872,U0177,D0299,M027,2026-08-29 14:55:00,7723.32,Chennai,0
T01873,U0179,D0392,M095,2026-08-04 14:02:00,5760.76,Bangalore,0
T01874,U0911,D0451,M042,2026-08-21 15:34:00,6381.19,Hyderabad,0
T01875,U0342,D0198,M054,2026-08-14 12:19:00,2018.91,Chennai,0
T01876,U0894,D0475,M074,2026-08-12 20:30:00,6626.65,Hyderabad,0
T01877,U0235,D0149,M028,2026-08-30 01:17:00,9849.5,Bangalore,0
T01878,U0264,D0311,M041,2026-08-05 20:57:00,1504.17,Hyderabad,0
T01879,U0335,D0123,M035,2026-08-23 11:50:00,8461.77,Chennai,0
T01880,U0551,D0127,M088,2026-08-01 23:58:00,4196.08,Mumbai,0
T01881,U0791,D0115,M052,2026-08-20 02:39:00,3815.02,Hyderabad,0
T01882,U0799,D0306,M046,2026-08-09 04:23:00,3057.67,Chennai,0
T01883,U0826,D0366,M030,2026-08-06 08:01:00,9761.57,Hyderabad,0
T01884,U0646,D0390,M095,2026-08-01 05:28:00,1668.04,Pune,0
T01885,U0411,D0138,M050,2026-08-28 14:02:00,392.6,Bangalore,0
T01886,U0681,D0338,M045,2026-08-10 20:15:00,8682.06,Bangalore,0
T01887,U0373,D0091,M067,2026-08-07 07:20:00,2275.64,Pune,0
T01888,U0859,D0140,M060,2026-08-13 10:55:00,4867.59,Bangalore,0
T01889,U0507,D0438,M096,2026-08-30 16:04:00,3013.78,Pune,0
T01890,U0979,D0329,M081,2026-08-24 07:57:00,9468.82,Chennai,0
T01891,U0407,D0164,M051,2026-08-13 19:01:00,9622.53,Bangalore,0
T01892,U0748,D0482,M065,2026-08-08 12:56:00,7961.59,Pune,0
T01893,U0650,D0297,M083,2026-08-20 06:50:00,6003.66,Hyderabad,0
T01894,U0986,D0239,M039,2026-08-28 15:19:00,3892.15,Chennai,0
T01895,U0731,D0256,M073,2026-08-29 19:04:00,8211.48,Mumbai,0
T01896,U0322,D0093,M091,2026-08-12 12:24:00,5910.01,Hyderabad,0
T01897,U0769,D0499,M093,2026-08-17 00:45:00,4043.24,Bangalore,0
T01898,U0335,D0490,M067,2026-08-20 13:00:00,7929.87,Hyderabad,0
T01899,U0402,D0113,M053,2026-08-30 21:34:00,3779.44,Chennai,0
T01900,U0949,D0236,M041,2026-08-01 10:31:00,3254.03,Bangalore,0
T01901,U0885,D0244,M053,2026-08-22 04:18:00,5717.95,Hyderabad,0
T01902,U0389,D0363,M034,2026-08-18 13:10:00,2907.78,Chennai,0
T01903,U0690,D0187,M039,2026-08-26 12:42:00,2852.68,Delhi,0
T01904,U0977,D0419,M035,2026-08-27 02:54:00,8937.37,Mumbai,0
T01905,U0849,D0463,M081,2026-08-15 11:06:00,8152.61,Chennai,0
T01906,U0352,D0101,M089,2026-08-23 16:39:00,563.24,Hyderabad,0
T01907,U0582,D0137,M041,2026-08-21 14:33:00,1794.28,Hyderabad,0
T01908,U0756,D0272,M056,2026-08-27 05:35:00,310.56,Bangalore,0
T01909,U0810,D0477,M099,2026-08-01 05:04:00,9125.27,Hyderabad,0
T01910,U0285,D0282,M030,2026-08-25 06:41:00,9188.54,Bangalore,0
T01911,U0496,D0406,M028,2026-08-04 03:51:00,4751.94,Mumbai,0
T01912,U0891,D0230,M061,2026-08-15 10:27:00,7561.55,Mumbai,0
T01913,U0232,D0360,M066,2026-08-23 11:22:00,6161.97,Mumbai,0
T01914,U0456,D0432,M084,2026-08-23 10:51:00,8501.86,Bangalore,0
T01915,U0533,D0392,M039,2026-08-02 07:59:00,2317.74,Bangalore,0
T01916,U0293,D0129,M067,2026-08-20 19:52:00,2340.78,Bangalore,0
T01917,U0346,D0446,M073,2026-08-25 11:09:00,9896.69,Pune,0
T01918,U0204,D0208,M031,2026-08-06 01:01:00,575.23,Hyderabad,0
T01919,U0227,D0211,M068,2026-08-28 21:17:00,7937.12,Mumbai,0
T01920,U0427,D0433,M047,2026-08-07 06:28:00,5876.19,Bangalore,0
T01921,U0280,D0239,M044,2026-08-27 14:01:00,8889.2,Mumbai,0
T01922,U0803,D0304,M041,2026-08-24 17:54:00,5323.13,Delhi,0
T01923,U0640,D0414,M088,2026-08-13 18:25:00,3286.92,Pune,0
T01924,U0645,D0191,M037,2026-08-13 00:09:00,7685.4,Pune,0
T01925,U0235,D0256,M097,2026-08-12 00:44:00,6628.86,Pune,0
T01926,U0361,D0431,M035,2026-08-04 10:04:00,9720.48,Bangalore,0
T01927,U0368,D0082,M053,2026-08-22 07:20:00,8203.26,Chennai,0
T01928,U0650,D0129,M069,2026-08-10 11:54:00,8158.55,Delhi,0
T01929,U0677,D0236,M065,2026-08-21 15:54:00,6587.36,Delhi,0
T01930,U0259,D0142,M054,2026-08-17 13:11:00,3917.2,Mumbai,0
T01931,U0786,D0338,M051,2026-08-19 05:07:00,1960.74,Hyderabad,0
T01932,U0584,D0160,M065,2026-08-27 06:30:00,6518.99,Chennai,0
T01933,U0623,D0130,M040,2026-08-11 22:45:00,264.22,Mumbai,0
T01934,U0342,D0212,M029,2026-08-22 16:10:00,6652.67,Mumbai,0
T01935,U0511,D0211,M041,2026-08-26 01:04:00,932.26,Mumbai,0
T01936,U0368,D0153,M076,2026-08-23 20:31:00,4365.4,Hyderabad,0
T01937,U0205,D0301,M060,2026-08-17 19:53:00,1068.35,Pune,0
T01938,U0542,D0450,M080,2026-08-09 19:49:00,3010.66,Mumbai,0
T01939,U0331,D0380,M061,2026-08-25 02:25:00,6113.74,Delhi,0
T01940,U0594,D0131,M032,2026-08-30 09:58:00,2564.55,Bangalore,0
T01941,U0375,D0134,M032,2026-08-02 14:58:00,5794.78,Chennai,0
T01942,U0218,D0348,M038,2026-08-13 12:52:00,2342.0,Delhi,0
T01943,U0867,D0442,M077,2026-08-18 20:04:00,3989.57,Chennai,0
T01944,U0902,D0497,M060,2026-08-23 12:51:00,2136.48,Chennai,0
T01945,U0506,D0402,M062,2026-08-28 03:19:00,2950.99,Bangalore,0
T01946,U0247,D0170,M090,2026-08-29 07:31:00,4819.91,Hyderabad,0
T01947,U0855,D0198,M047,2026-08-15 08:11:00,6846.28,Chennai,0
T01948,U0342,D0246,M084,2026-08-07 10:55:00,9626.21,Pune,0
T01949,U0636,D0295,M068,2026-08-01 22:44:00,1857.4,Hyderabad,0
T01950,U0229,D0163,M027,2026-08-28 00:48:00,3586.22,Mumbai,0
T01951,U0748,D0076,M088,2026-08-12 06:20:00,4778.43,Bangalore,0
T01952,U0989,D0084,M098,2026-08-14 05:28:00,8370.05,Delhi,0
T01953,U0666,D0161,M044,2026-08-05 06:34:00,1089.93,Pune,0
T01954,U0494,D0307,M088,2026-08-16 23:08:00,9898.95,Hyderabad,0
T01955,U0830,D0325,M058,2026-08-17 13:54:00,4641.63,Hyderabad,0
T01956,U0459,D0439,M068,2026-08-24 13:36:00,7767.81,Delhi,0
T01957,U0646,D0133,M060,2026-08-24 15:13:00,7309.33,Bangalore,0
T01958,U0302,D0286,M054,2026-08-07 10:42:00,3636.22,Bangalore,0
T01959,U0401,D0371,M081,2026-08-17 08:34:00,2142.44,Bangalore,0
T01960,U0349,D0269,M039,2026-08-13 11:11:00,8783.73,Pune,0
T01961,U0708,D0306,M093,2026-08-08 23:05:00,2726.56,Pune,0
T01962,U0508,D0245,M076,2026-08-27 19:30:00,4231.21,Hyderabad,0
T01963,U0467,D0173,M031,2026-08-27 08:59:00,5248.77,Hyderabad,0
T01964,U0778,D0138,M081,2026-08-21 17:00:00,5709.96,Hyderabad,0
T01965,U0446,D0132,M027,2026-08-23 16:57:00,9279.61,Chennai,0
T01966,U0628,D0424,M045,2026-08-24 19:27:00,9670.05,Delhi,0
T01967,U0722,D0416,M046,2026-08-14 19:39:00,4919.57,Bangalore,0
T01968,U0969,D0226,M027,2026-08-21 15:44:00,505.44,Hyderabad,0
T01969,U0996,D0379,M041,2026-08-03 10:06:00,4934.83,Bangalore,0
T01970,U0591,D0256,M026,2026-08-03 06:30:00,2589.19,Hyderabad,0
T01971,U0441,D0478,M090,2026-08-26 12:29:00,1634.87,Bangalore,0
T01972,U0881,D0214,M044,2026-08-09 22:52:00,4377.3,Bangalore,0
T01973,U0448,D0188,M030,2026-08-22 12:50:00,9336.05,Chennai,0
T01974,U0982,D0423,M075,2026-08-20 05:33:00,4051.22,Bangalore,0
T01975,U0418,D0230,M065,2026-08-08 21:17:00,5682.69,Pune,0
T01976,U0481,D0487,M100,2026-08-07 08:01:00,6864.88,Chennai,0
T01977,U0407,D0145,M079,2026-08-26 05:25:00,2075.28,Hyderabad,0
T01978,U0238,D0228,M098,2026-08-29 14:17:00,4665.43,Chennai,0
T01979,U0535,D0476,M081,2026-08-05 08:54:00,1472.24,Mumbai,0
T01980,U0861,D0236,M090,2026-08-17 06:32:00,4736.95,Mumbai,0
T01981,U0628,D0291,M078,2026-08-21 23:50:00,373.96,Delhi,0
T01982,U0178,D0468,M079,2026-08-05 00:35:00,7582.98,Delhi,0
T01983,U0460,D0478,M057,2026-08-27 09:52:00,5170.85,Chennai,0
T01984,U0786,D0354,M098,2026-08-14 08:24:00,630.01,Mumbai,0
T01985,U0279,D0282,M026,2026-08-22 01:30:00,8094.06,Delhi,0
T01986,U0622,D0103,M036,2026-08-03 11:44:00,2774.73,Pune,0
T01987,U0260,D0246,M038,2026-08-14 05:23:00,5697.89,Pune,0
T01988,U0490,D0107,M041,2026-08-27 14:33:00,6776.69,Pune,0
T01989,U0885,D0103,M052,2026-08-24 11:53:00,1527.1,Pune,0
T01990,U0658,D0145,M054,2026-08-30 02:41:00,8537.33,Hyderabad,0
T01991,U0794,D0235,M026,2026-08-23 01:42:00,6274.27,Chennai,0
T01992,U0268,D0110,M026,2026-08-07 23:08:00,6077.53,Bangalore,0
T01993,U0683,D0125,M057,2026-08-10 07:08:00,1125.71,Bangalore,0
T01994,U0668,D0303,M076,2026-08-03 12:47:00,9267.84,Hyderabad,0
T01995,U0565,D0323,M049,2026-08-11 16:36:00,8433.04,Delhi,0
T01996,U0417,D0496,M082,2026-08-30 22:53:00,6209.87,Mumbai,0
T01997,U0300,D0401,M028,2026-08-09 09:51:00,1502.69,Pune,0
T01998,U0824,D0199,M047,2026-08-24 06:42:00,7442.48,Delhi,0
T01999,U0356,D0319,M087,2026-08-14 04:47:00,2965.55,Bangalore,0
T02000,U0753,D0328,M073,2026-08-13 12:34:00,3972.77,Pune,0
T02001,U0970,D0130,M085,2026-08-19 23:21:00,8153.59,Chennai,0
T02002,U0179,D0221,M084,2026-08-06 11:12:00,5685.67,Bangalore,0
T02003,U0745,D0231,M030,2026-08-30 08:37:00,6539.18,Pune,0
T02004,U0785,D0303,M031,2026-08-17 03:27:00,9631.69,Mumbai,0
T02005,U0891,D0310,M061,2026-08-01 09:57:00,9819.36,Hyderabad,0
T02006,U0663,D0333,M052,2026-08-16 21:01:00,9035.25,Delhi,0
T02007,U0550,D0338,M034,2026-08-08 22:35:00,6593.6,Hyderabad,0
T02008,U0822,D0444,M098,2026-08-16 10:35:00,4648.87,Chennai,0
T02009,U0436,D0477,M064,2026-08-18 22:16:00,775.28,Pune,0
T02010,U0646,D0268,M086,2026-08-28 13:44:00,6623.82,Delhi,0
T02011,U0876,D0335,M093,2026-08-12 19:08:00,1381.28,Hyderabad,0
T02012,U0753,D0373,M070,2026-08-27 14:25:00,6213.0,Mumbai,0
T02013,U0220,D0099,M029,2026-08-08 05:51:00,2393.87,Pune,0
T02014,U0259,D0331,M086,2026-08-15 17:31:00,7623.1,Pune,0
T02015,U0965,D0197,M039,2026-08-08 22:03:00,7308.82,Mumbai,0
T02016,U0924,D0291,M034,2026-08-03 19:38:00,6157.85,Bangalore,0
T02017,U0189,D0459,M035,2026-08-21 02:16:00,7657.18,Delhi,0
T02018,U0797,D0091,M048,2026-08-15 14:47:00,1165.84,Mumbai,0
T02019,U0537,D0144,M099,2026-08-26 07:48:00,2077.37,Hyderabad,0
T02020,U0653,D0300,M062,2026-08-11 06:18:00,2091.81,Chennai,0
T02021,U0595,D0492,M093,2026-08-09 18:02:00,951.58,Bangalore,0
T02022,U0795,D0418,M038,2026-08-10 06:19:00,429.07,Chennai,0
T02023,U0156,D0260,M078,2026-08-26 20:43:00,5511.15,Bangalore,0
T02024,U0499,D0170,M093,2026-08-23 13:57:00,1982.36,Chennai,0
T02025,U0735,D0499,M086,2026-08-23 19:03:00,3585.85,Delhi,0
T02026,U0723,D0146,M034,2026-08-20 23:22:00,4332.37,Mumbai,0
T02027,U0223,D0367,M036,2026-08-06 18:55:00,7845.63,Hyderabad,0
T02028,U0254,D0136,M089,2026-08-11 11:50:00,609.64,Delhi,0
T02029,U0489,D0087,M054,2026-08-14 04:38:00,9230.51,Hyderabad,0
T02030,U0550,D0436,M071,2026-08-04 02:13:00,8737.18,Chennai,0
T02031,U0445,D0114,M094,2026-08-27 04:26:00,2489.84,Delhi,0
T02032,U0776,D0332,M065,2026-08-19 04:03:00,6224.58,Delhi,0
T02033,U0865,D0132,M100,2026-08-22 10:26:00,9375.58,Hyderabad,0
T02034,U0819,D0091,M030,2026-08-16 09:14:00,4271.92,Chennai,0
T02035,U0493,D0467,M033,2026-08-07 08:08:00,2121.91,Pune,0
T02036,U0488,D0463,M033,2026-08-11 17:21:00,4986.2,Delhi,0
T02037,U0775,D0435,M030,2026-08-16 17:45:00,9812.45,Mumbai,0
T02038,U0763,D0454,M036,2026-08-26 02:18:00,4839.84,Chennai,0
T02039,U0428,D0446,M031,2026-08-05 17:39:00,452.44,Delhi,0
T02040,U0381,D0408,M070,2026-08-20 15:19:00,4828.17,Chennai,0
T02041,U0172,D0104,M029,2026-08-09 22:16:00,5388.44,Mumbai,0
T02042,U0849,D0426,M028,2026-08-26 03:28:00,4873.52,Mumbai,0
T02043,U0935,D0269,M042,2026-08-20 13:22:00,7043.24,Delhi,0
T02044,U0292,D0135,M082,2026-08-06 08:52:00,8981.75,Hyderabad,0
T02045,U0511,D0175,M069,2026-08-20 20:48:00,9188.88,Chennai,0
T02046,U0388,D0123,M027,2026-08-11 08:04:00,4189.35,Delhi,0
T02047,U0732,D0099,M027,2026-08-12 08:58:00,8144.96,Bangalore,0
T02048,U0209,D0140,M082,2026-08-09 05:15:00,2897.7,Hyderabad,0
T02049,U0509,D0384,M057,2026-08-14 07:23:00,1384.19,Mumbai,0
T02050,U0641,D0412,M041,2026-08-30 21:10:00,860.36,Hyderabad,0
T02051,U0707,D0181,M089,2026-08-17 05:53:00,8986.64,Chennai,0
T02052,U0605,D0441,M064,2026-08-17 16:47:00,7824.06,Hyderabad,0
T02053,U0820,D0201,M093,2026-08-13 04:13:00,3256.7,Delhi,0
T02054,U0666,D0129,M032,2026-08-16 18:37:00,9014.21,Pune,0
T02055,U0787,D0324,M061,2026-08-04 13:41:00,2115.19,Chennai,0
T02056,U0684,D0194,M065,2026-08-26 03:59:00,2186.62,Hyderabad,0
T02057,U0893,D0493,M044,2026-08-02 15:10:00,9781.31,Pune,0
T02058,U0601,D0408,M084,2026-08-06 04:46:00,310.77,Bangalore,0
T02059,U0427,D0218,M075,2026-08-14 16:07:00,8289.07,Bangalore,0
T02060,U0212,D0218,M075,2026-08-23 13:03:00,286.6,Mumbai,0
T02061,U0544,D0303,M031,2026-08-11 05:09:00,2136.73,Chennai,0
T02062,U0826,D0296,M094,2026-08-03 09:04:00,6637.98,Bangalore,0
T02063,U0705,D0466,M070,2026-08-02 04:23:00,9109.53,Hyderabad,0
T02064,U0999,D0210,M053,2026-08-02 05:52:00,3475.35,Delhi,0
T02065,U0595,D0294,M033,2026-08-05 23:17:00,5577.61,Pune,0
T02066,U0845,D0223,M094,2026-08-22 02:16:00,4295.97,Pune,0
T02067,U0732,D0469,M092,2026-08-12 20:05:00,1709.23,Mumbai,0
T02068,U0629,D0457,M056,2026-08-07 00:02:00,9086.35,Hyderabad,0
T02069,U0969,D0425,M061,2026-08-04 21:25:00,9988.18,Delhi,0
T02070,U0453,D0248,M099,2026-08-18 23:00:00,482.2,Hyderabad,0
T02071,U0521,D0213,M058,2026-08-30 17:17:00,8121.57,Delhi,0
T02072,U0163,D0139,M065,2026-08-26 20:53:00,6641.69,Hyderabad,0
T02073,U0334,D0303,M085,2026-08-01 18:51:00,4455.1,Mumbai,0
T02074,U0188,D0259,M087,2026-08-30 00:35:00,8458.82,Chennai,0
T02075,U0569,D0105,M100,2026-08-04 14:53:00,2836.81,Delhi,0
T02076,U0715,D0236,M034,2026-08-21 01:04:00,1880.06,Hyderabad,0
T02077,U0416,D0329,M042,2026-08-11 08:24:00,6340.35,Chennai,0
T02078,U0783,D0411,M032,2026-08-11 14:08:00,1233.02,Bangalore,0
T02079,U0339,D0426,M090,2026-08-21 00:56:00,5840.92,Bangalore,0
T02080,U0717,D0443,M055,2026-08-03 18:25:00,9521.87,Hyderabad,0
T02081,U0414,D0084,M071,2026-08-25 14:18:00,7211.36,Delhi,0
T02082,U0391,D0255,M039,2026-08-04 12:37:00,5118.69,Bangalore,0
T02083,U0674,D0115,M056,2026-08-10 06:52:00,3325.31,Hyderabad,0
T02084,U1000,D0497,M079,2026-08-04 05:58:00,6454.68,Hyderabad,0
T02085,U0297,D0088,M067,2026-08-28 14:58:00,7902.83,Hyderabad,0
T02086,U0568,D0409,M073,2026-08-22 10:06:00,9430.55,Hyderabad,0
T02087,U0787,D0091,M046,2026-08-17 18:17:00,541.64,Chennai,0
T02088,U0756,D0089,M039,2026-08-28 17:13:00,2193.65,Hyderabad,0
T02089,U0674,D0442,M091,2026-08-27 11:08:00,7157.12,Chennai,0
T02090,U0538,D0374,M030,2026-08-30 21:41:00,7289.97,Mumbai,0
T02091,U0931,D0408,M036,2026-08-04 12:26:00,9590.39,Chennai,0
T02092,U0729,D0333,M099,2026-08-29 16:28:00,5527.51,Mumbai,0
T02093,U0702,D0451,M041,2026-08-25 00:27:00,8002.23,Delhi,0
T02094,U0634,D0413,M093,2026-08-24 16:20:00,4466.07,Hyderabad,0
T02095,U0350,D0370,M063,2026-08-12 02:32:00,3353.98,Hyderabad,0
T02096,U0387,D0309,M066,2026-08-06 06:03:00,6961.42,Mumbai,0
T02097,U0901,D0285,M072,2026-08-04 15:02:00,3584.65,Delhi,0
T02098,U0229,D0261,M087,2026-08-28 13:03:00,2380.46,Mumbai,0
T02099,U0386,D0367,M042,2026-08-25 11:13:00,2524.94,Mumbai,0
T02100,U0841,D0375,M043,2026-08-28 13:25:00,2676.76,Hyderabad,0
T02101,U0500,D0236,M041,2026-08-04 17:01:00,4144.18,Delhi,0
T02102,U0302,D0370,M089,2026-08-29 19:00:00,8826.27,Chennai,0
T02103,U0335,D0308,M027,2026-08-08 14:09:00,1295.81,Hyderabad,0
T02104,U0934,D0359,M086,2026-08-05 14:18:00,1351.34,Bangalore,0
T02105,U0592,D0088,M047,2026-08-04 07:45:00,1410.54,Delhi,0
T02106,U0548,D0292,M071,2026-08-06 19:12:00,4082.94,Delhi,0
T02107,U0398,D0440,M063,2026-08-06 10:00:00,3434.4,Hyderabad,0
T02108,U0756,D0387,M039,2026-08-03 01:24:00,830.15,Hyderabad,0
T02109,U0610,D0285,M083,2026-08-20 19:53:00,2963.98,Mumbai,0
T02110,U0867,D0144,M049,2026-08-27 19:57:00,9171.78,Delhi,0
T02111,U0236,D0153,M026,2026-08-28 00:19:00,5971.18,Pune,0
T02112,U0815,D0308,M074,2026-08-15 14:00:00,4442.01,Delhi,0
T02113,U0890,D0377,M061,2026-08-05 09:50:00,2399.41,Mumbai,0
T02114,U0500,D0100,M098,2026-08-24 13:26:00,8983.29,Delhi,0
T02115,U0671,D0294,M062,2026-08-15 16:35:00,3902.27,Chennai,0
T02116,U0297,D0097,M052,2026-08-20 14:15:00,5239.44,Delhi,0
T02117,U0781,D0236,M038,2026-08-16 19:23:00,2919.43,Bangalore,0
T02118,U0445,D0216,M088,2026-08-20 23:24:00,2313.97,Chennai,0
T02119,U0446,D0208,M039,2026-08-11 13:03:00,6697.69,Chennai,0
T02120,U0249,D0181,M096,2026-08-24 03:38:00,7573.16,Bangalore,0
T02121,U0763,D0096,M095,2026-08-25 11:32:00,8010.02,Bangalore,0
T02122,U0651,D0497,M029,2026-08-17 19:38:00,2111.1,Delhi,0
T02123,U0587,D0450,M082,2026-08-24 16:57:00,1349.17,Mumbai,0
T02124,U0453,D0132,M041,2026-08-21 05:24:00,8899.91,Mumbai,0
T02125,U0420,D0120,M043,2026-08-13 16:08:00,7343.17,Bangalore,0
T02126,U0513,D0487,M036,2026-08-11 02:57:00,7300.88,Hyderabad,0
T02127,U0311,D0335,M068,2026-08-13 13:35:00,4589.29,Pune,0
T02128,U0676,D0420,M035,2026-08-15 07:51:00,8933.5,Bangalore,0
T02129,U0594,D0127,M092,2026-08-15 10:49:00,1984.95,Delhi,0
T02130,U0827,D0396,M030,2026-08-29 21:02:00,6310.12,Chennai,0
T02131,U0291,D0376,M074,2026-08-11 00:31:00,6766.14,Hyderabad,0
T02132,U0632,D0153,M088,2026-08-09 12:22:00,7362.25,Hyderabad,0
T02133,U0285,D0177,M037,2026-08-24 11:56:00,8585.85,Pune,0
T02134,U0370,D0077,M081,2026-08-04 01:28:00,4957.84,Delhi,0
T02135,U0364,D0439,M048,2026-08-02 18:23:00,4239.78,Hyderabad,0
T02136,U0779,D0270,M100,2026-08-11 16:22:00,6413.37,Mumbai,0
T02137,U0694,D0412,M049,2026-08-14 15:47:00,8422.85,Hyderabad,0
T02138,U0835,D0324,M088,2026-08-29 16:09:00,3982.88,Hyderabad,0
T02139,U0707,D0322,M063,2026-08-05 09:26:00,2267.41,Hyderabad,0
T02140,U0580,D0304,M067,2026-08-12 06:13:00,6657.94,Bangalore,0
T02141,U0331,D0313,M066,2026-08-06 04:00:00,3541.03,Mumbai,0
T02142,U0872,D0141,M087,2026-08-23 06:18:00,6050.48,Pune,0
T02143,U0391,D0090,M063,2026-08-13 04:38:00,5124.13,Mumbai,0
T02144,U0213,D0363,M067,2026-08-12 21:44:00,6782.39,Mumbai,0
T02145,U0551,D0490,M082,2026-08-20 08:25:00,4046.93,Bangalore,0
T02146,U0425,D0324,M054,2026-08-16 11:11:00,6399.04,Bangalore,0
T02147,U0466,D0305,M078,2026-08-11 01:43:00,5767.81,Chennai,0
T02148,U0699,D0181,M040,2026-08-28 21:53:00,6146.44,Chennai,0
T02149,U0770,D0352,M028,2026-08-01 23:03:00,8043.89,Bangalore,0
T02150,U0950,D0436,M068,2026-08-17 01:14:00,7691.74,Delhi,0
T02151,U0215,D0411,M032,2026-08-24 14:30:00,2183.59,Delhi,0
T02152,U0354,D0156,M094,2026-08-19 00:01:00,8611.26,Chennai,0
T02153,U0448,D0486,M046,2026-08-18 00:22:00,3381.87,Chennai,0
T02154,U0717,D0451,M057,2026-08-01 14:53:00,457.14,Bangalore,0
T02155,U0924,D0345,M039,2026-08-23 19:46:00,4039.58,Mumbai,0
T02156,U0194,D0156,M062,2026-08-14 17:16:00,340.02,Pune,0
T02157,U0941,D0428,M057,2026-08-02 12:53:00,2797.34,Bangalore,0
T02158,U0983,D0477,M074,2026-08-30 19:44:00,4067.43,Pune,0
T02159,U0427,D0119,M035,2026-08-04 08:42:00,5094.65,Pune,0
T02160,U0931,D0451,M079,2026-08-01 22:00:00,245.94,Delhi,0
T02161,U0770,D0153,M038,2026-08-27 18:27:00,7946.94,Chennai,0
T02162,U0771,D0235,M067,2026-08-20 08:22:00,5172.32,Bangalore,0
T02163,U0460,D0216,M084,2026-08-10 05:21:00,1086.82,Pune,0
T02164,U0741,D0317,M074,2026-08-14 06:06:00,4352.39,Chennai,0
T02165,U0567,D0363,M061,2026-08-22 23:56:00,2915.79,Pune,0
T02166,U0697,D0335,M057,2026-08-18 09:41:00,270.4,Mumbai,0
T02167,U0896,D0277,M073,2026-08-25 21:00:00,7174.33,Mumbai,0
T02168,U0380,D0371,M029,2026-08-19 02:00:00,7734.94,Mumbai,0
T02169,U0529,D0320,M098,2026-08-05 23:00:00,6463.9,Hyderabad,0
T02170,U0298,D0490,M036,2026-08-05 08:11:00,5652.77,Chennai,0
T02171,U0652,D0379,M057,2026-08-04 19:37:00,1499.17,Delhi,0
T02172,U0635,D0343,M098,2026-08-11 13:52:00,683.44,Mumbai,0
T02173,U0409,D0286,M065,2026-08-16 09:02:00,8359.8,Bangalore,0
T02174,U0480,D0428,M098,2026-08-28 05:58:00,4124.69,Bangalore,0
T02175,U0425,D0429,M052,2026-08-26 14:18:00,7967.49,Delhi,0
T02176,U0662,D0236,M056,2026-08-15 15:31:00,4667.58,Mumbai,0
T02177,U0677,D0360,M036,2026-08-05 18:44:00,4314.45,Bangalore,0
T02178,U0535,D0141,M027,2026-08-08 09:02:00,5247.4,Bangalore,0
T02179,U0321,D0177,M082,2026-08-06 04:09:00,486.71,Mumbai,0
T02180,U0658,D0163,M093,2026-08-23 04:08:00,1484.67,Delhi,0
T02181,U0579,D0280,M027,2026-08-14 12:07:00,1264.07,Hyderabad,0
T02182,U0888,D0422,M060,2026-08-24 18:41:00,3291.62,Hyderabad,0
T02183,U0728,D0408,M047,2026-08-07 10:34:00,2972.95,Pune,0
T02184,U0360,D0487,M073,2026-08-24 15:18:00,6084.73,Mumbai,0
T02185,U0624,D0183,M068,2026-08-07 03:49:00,1725.96,Pune,0
T02186,U1000,D0318,M027,2026-08-15 11:00:00,4221.4,Chennai,0
T02187,U0632,D0110,M026,2026-08-15 04:36:00,7044.5,Chennai,0
T02188,U0861,D0124,M094,2026-08-21 20:54:00,3377.25,Bangalore,0
T02189,U0790,D0315,M046,2026-08-04 00:55:00,3569.48,Delhi,0
T02190,U0382,D0252,M027,2026-08-09 18:24:00,2818.35,Mumbai,0
T02191,U0749,D0449,M065,2026-08-17 17:09:00,6282.56,Mumbai,0
T02192,U0411,D0363,M095,2026-08-30 04:47:00,6627.74,Bangalore,0
T02193,U0757,D0154,M039,2026-08-10 20:24:00,2871.86,Hyderabad,0
T02194,U0728,D0128,M042,2026-08-24 18:30:00,5914.44,Mumbai,0
T02195,U0489,D0370,M061,2026-08-29 00:42:00,6718.12,Mumbai,0
T02196,U0365,D0162,M026,2026-08-11 13:13:00,9891.96,Bangalore,0
T02197,U0973,D0390,M044,2026-08-07 12:33:00,1731.7,Bangalore,0
T02198,U0482,D0115,M032,2026-08-07 05:36:00,5165.88,Mumbai,0
T02199,U0586,D0416,M086,2026-08-15 21:16:00,3095.33,Bangalore,0
T02200,U0397,D0362,M076,2026-08-18 04:07:00,7761.8,Pune,0
T02201,U0636,D0257,M065,2026-08-24 18:08:00,3238.02,Bangalore,0
T02202,U0770,D0185,M047,2026-08-29 20:14:00,8352.69,Pune,0
T02203,U0297,D0299,M097,2026-08-21 02:23:00,4951.93,Hyderabad,0
T02204,U0852,D0137,M097,2026-08-20 19:35:00,6555.71,Chennai,0
T02205,U0176,D0263,M085,2026-08-16 17:54:00,7312.07,Chennai,0
T02206,U0782,D0362,M050,2026-08-18 09:44:00,3804.64,Pune,0
T02207,U0161,D0176,M082,2026-08-17 10:17:00,5307.43,Bangalore,0
T02208,U0751,D0234,M068,2026-08-05 06:47:00,9119.3,Hyderabad,0
T02209,U0665,D0082,M060,2026-08-02 12:37:00,6507.46,Pune,0
T02210,U0641,D0279,M031,2026-08-12 12:23:00,2814.32,Bangalore,0
T02211,U0736,D0497,M029,2026-08-22 10:14:00,9972.59,Pune,0
T02212,U0616,D0327,M048,2026-08-22 13:07:00,7524.37,Pune,0
T02213,U0919,D0355,M039,2026-08-02 17:43:00,3758.39,Delhi,0
T02214,U0881,D0154,M048,2026-08-06 23:47:00,919.96,Bangalore,0
T02215,U0208,D0303,M033,2026-08-15 07:13:00,1065.01,Delhi,0
T02216,U0435,D0175,M028,2026-08-16 03:21:00,8389.01,Hyderabad,0
T02217,U0877,D0162,M072,2026-08-24 11:58:00,240.3,Pune,0
T02218,U0563,D0289,M033,2026-08-03 22:56:00,2010.11,Delhi,0
T02219,U0302,D0449,M060,2026-08-04 19:42:00,1808.59,Bangalore,0
T02220,U0433,D0387,M051,2026-08-24 00:06:00,4151.59,Pune,0
T02221,U0915,D0077,M065,2026-08-13 11:01:00,5649.54,Bangalore,0
T02222,U0500,D0314,M098,2026-08-04 22:02:00,5705.27,Mumbai,0
T02223,U0241,D0135,M037,2026-08-09 07:20:00,7322.55,Chennai,0
T02224,U0476,D0378,M028,2026-08-08 16:57:00,7908.49,Chennai,0
T02225,U0804,D0267,M084,2026-08-04 16:46:00,8784.26,Chennai,0
T02226,U0466,D0424,M050,2026-08-07 00:58:00,3173.82,Mumbai,0
T02227,U0873,D0222,M048,2026-08-13 16:42:00,1490.22,Hyderabad,0
T02228,U0574,D0191,M050,2026-08-13 09:58:00,8847.33,Chennai,0
T02229,U0453,D0208,M082,2026-08-13 00:57:00,1014.88,Hyderabad,0
T02230,U0743,D0262,M070,2026-08-30 05:02:00,5278.12,Pune,0
T02231,U0854,D0163,M030,2026-08-27 15:13:00,3918.24,Delhi,0
T02232,U0733,D0183,M081,2026-08-16 18:55:00,6495.48,Pune,0
T02233,U0966,D0223,M052,2026-08-16 13:45:00,7026.57,Delhi,0
T02234,U0715,D0500,M060,2026-08-05 03:07:00,5181.4,Chennai,0
T02235,U0415,D0187,M085,2026-08-12 20:54:00,411.34,Bangalore,0
T02236,U0680,D0413,M049,2026-08-22 15:03:00,1484.17,Delhi,0
T02237,U0481,D0266,M098,2026-08-18 04:46:00,6617.22,Bangalore,0
T02238,U0481,D0435,M039,2026-08-29 15:33:00,3652.95,Bangalore,0
T02239,U0313,D0291,M086,2026-08-16 05:35:00,3433.05,Bangalore,0
T02240,U0342,D0259,M065,2026-08-08 09:45:00,4721.73,Chennai,0
T02241,U0921,D0087,M082,2026-08-29 01:30:00,4618.81,Delhi,0
T02242,U0862,D0298,M077,2026-08-22 13:16:00,8357.55,Hyderabad,0
T02243,U0891,D0267,M069,2026-08-22 23:04:00,6817.7,Hyderabad,0
T02244,U0192,D0195,M090,2026-08-05 21:48:00,4267.76,Hyderabad,0
T02245,U0742,D0281,M029,2026-08-08 11:09:00,5170.82,Hyderabad,0
T02246,U0762,D0433,M093,2026-08-10 00:46:00,9519.79,Delhi,0
T02247,U0920,D0147,M042,2026-08-16 03:53:00,7906.84,Bangalore,0
T02248,U0243,D0234,M044,2026-08-16 18:02:00,4641.26,Chennai,0
T02249,U0622,D0076,M044,2026-08-10 02:53:00,8841.25,Hyderabad,0
T02250,U0465,D0117,M049,2026-08-11 17:58:00,8591.85,Mumbai,0
T02251,U0243,D0446,M057,2026-08-08 00:21:00,6878.66,Hyderabad,0
T02252,U0156,D0320,M046,2026-08-16 16:31:00,1089.14,Delhi,0
T02253,U0854,D0277,M053,2026-08-22 11:53:00,6717.52,Mumbai,0
T02254,U0874,D0200,M038,2026-08-18 15:20:00,1372.17,Chennai,0
T02255,U0560,D0471,M067,2026-08-13 21:19:00,8215.93,Pune,0
T02256,U0585,D0381,M076,2026-08-25 07:23:00,809.4,Mumbai,0
T02257,U0836,D0455,M029,2026-08-11 02:08:00,8867.32,Chennai,0
T02258,U0937,D0196,M073,2026-08-17 11:42:00,3464.52,Bangalore,0
T02259,U0776,D0382,M076,2026-08-04 12:23:00,6491.21,Chennai,0
T02260,U0662,D0172,M031,2026-08-10 14:43:00,3089.19,Bangalore,0
T02261,U0498,D0272,M049,2026-08-20 08:59:00,1592.4,Hyderabad,0
T02262,U0547,D0421,M087,2026-08-02 14:02:00,2684.09,Mumbai,0
T02263,U0334,D0159,M076,2026-08-24 13:04:00,8358.9,Mumbai,0
T02264,U0976,D0118,M070,2026-08-05 14:45:00,6593.1,Mumbai,0
T02265,U0973,D0489,M027,2026-08-08 07:43:00,3258.36,Delhi,0
T02266,U0670,D0272,M084,2026-08-01 12:39:00,4912.78,Pune,0
T02267,U0562,D0292,M032,2026-08-14 18:54:00,4307.31,Pune,0
T02268,U0800,D0135,M083,2026-08-23 20:23:00,3790.97,Mumbai,0
T02269,U0880,D0247,M094,2026-08-17 14:31:00,1205.55,Chennai,0
T02270,U0585,D0348,M075,2026-08-04 15:23:00,1588.83,Hyderabad,0
T02271,U0875,D0378,M059,2026-08-09 23:50:00,5197.47,Delhi,0
T02272,U0896,D0308,M081,2026-08-03 05:01:00,4701.16,Bangalore,0
T02273,U0275,D0326,M084,2026-08-17 16:58:00,595.73,Delhi,0
T02274,U0853,D0265,M058,2026-08-20 08:58:00,3440.87,Hyderabad,0
T02275,U0936,D0495,M029,2026-08-25 16:49:00,2745.63,Hyderabad,0
T02276,U0516,D0289,M028,2026-08-21 07:59:00,3313.86,Pune,0
T02277,U0187,D0381,M040,2026-08-17 06:12:00,7345.85,Delhi,0
T02278,U0907,D0278,M057,2026-08-08 23:24:00,932.06,Bangalore,0
T02279,U0280,D0448,M044,2026-08-29 19:19:00,4985.16,Hyderabad,0
T02280,U0504,D0310,M057,2026-08-24 19:51:00,5733.78,Bangalore,0
T02281,U0229,D0243,M073,2026-08-02 17:49:00,1552.83,Pune,0
T02282,U0804,D0491,M038,2026-08-18 09:09:00,5175.06,Pune,0
T02283,U0231,D0248,M064,2026-08-20 05:30:00,4067.32,Chennai,0
T02284,U0915,D0207,M036,2026-08-20 17:25:00,9655.08,Chennai,0
T02285,U0735,D0209,M064,2026-08-29 00:22:00,5188.99,Chennai,0
T02286,U0861,D0485,M032,2026-08-18 00:45:00,5776.03,Chennai,0
T02287,U0929,D0299,M061,2026-08-09 10:50:00,2840.85,Pune,0
T02288,U0197,D0385,M077,2026-08-09 05:59:00,6814.26,Hyderabad,0
T02289,U0156,D0284,M052,2026-08-01 20:26:00,7842.3,Pune,0
T02290,U0283,D0216,M060,2026-08-22 01:06:00,6030.89,Pune,0
T02291,U0476,D0125,M054,2026-08-11 05:34:00,278.92,Hyderabad,0
T02292,U0377,D0108,M062,2026-08-28 17:32:00,8287.05,Delhi,0
T02293,U0581,D0401,M068,2026-08-25 15:24:00,3951.49,Delhi,0
T02294,U0163,D0251,M069,2026-08-15 13:08:00,3529.03,Mumbai,0
T02295,U0306,D0312,M089,2026-08-10 14:04:00,5369.18,Chennai,0
T02296,U0840,D0275,M058,2026-08-19 08:06:00,419.44,Delhi,0
T02297,U0231,D0399,M088,2026-08-26 13:07:00,9850.98,Bangalore,0
T02298,U0363,D0458,M093,2026-08-17 19:15:00,3109.92,Hyderabad,0
T02299,U0613,D0421,M085,2026-08-02 08:17:00,1643.41,Delhi,0
T02300,U0321,D0395,M071,2026-08-26 17:00:00,4372.15,Bangalore,0
T02301,U0920,D0221,M097,2026-08-23 08:02:00,9897.83,Mumbai,0
T02302,U0701,D0143,M074,2026-08-28 15:08:00,9493.31,Bangalore,0
T02303,U0250,D0278,M053,2026-08-10 14:48:00,9922.1,Delhi,0
T02304,U0447,D0167,M046,2026-08-19 06:07:00,5545.7,Hyderabad,0
T02305,U0920,D0187,M079,2026-08-28 06:32:00,2860.91,Hyderabad,0
T02306,U0796,D0130,M066,2026-08-23 20:39:00,5402.71,Mumbai,0
T02307,U0381,D0282,M089,2026-08-22 02:43:00,2934.21,Mumbai,0
T02308,U0311,D0166,M077,2026-08-14 03:01:00,133.04,Hyderabad,0
T02309,U0932,D0313,M048,2026-08-05 11:23:00,3895.2,Pune,0
T02310,U0579,D0290,M078,2026-08-09 14:18:00,6400.53,Delhi,0
T02311,U0380,D0146,M090,2026-08-04 15:56:00,6035.72,Pune,0
T02312,U0569,D0087,M067,2026-08-28 18:04:00,2574.41,Delhi,0
T02313,U0791,D0317,M037,2026-08-17 20:27:00,324.92,Delhi,0
T02314,U0959,D0410,M075,2026-08-26 02:59:00,5162.22,Chennai,0
T02315,U0316,D0310,M073,2026-08-11 21:23:00,1834.59,Pune,0
T02316,U0355,D0241,M042,2026-08-14 08:00:00,741.65,Bangalore,0
T02317,U0362,D0371,M085,2026-08-21 21:33:00,2525.97,Delhi,0
T02318,U0605,D0199,M048,2026-08-21 23:58:00,5052.13,Bangalore,0
T02319,U0973,D0385,M068,2026-08-08 05:57:00,2524.15,Pune,0
T02320,U0222,D0079,M030,2026-08-19 11:50:00,8683.92,Mumbai,0
T02321,U0545,D0112,M079,2026-08-12 20:01:00,8845.23,Delhi,0
T02322,U0274,D0442,M094,2026-08-02 01:54:00,4441.36,Pune,0
T02323,U0212,D0225,M076,2026-08-02 19:35:00,3697.4,Pune,0
T02324,U0674,D0398,M082,2026-08-20 12:07:00,7895.49,Bangalore,0
T02325,U0300,D0210,M100,2026-08-06 02:05:00,7247.74,Hyderabad,0
T02326,U0573,D0412,M069,2026-08-07 11:02:00,9138.45,Mumbai,0
T02327,U0366,D0211,M038,2026-08-16 00:28:00,6456.15,Bangalore,0
T02328,U0620,D0439,M088,2026-08-12 03:18:00,7594.11,Hyderabad,0
T02329,U0453,D0428,M082,2026-08-16 01:10:00,7895.0,Pune,0
T02330,U0415,D0366,M061,2026-08-28 01:16:00,453.87,Chennai,0
T02331,U0302,D0343,M062,2026-08-02 04:20:00,2288.11,Hyderabad,0
T02332,U0728,D0261,M063,2026-08-14 22:57:00,9453.44,Chennai,0
T02333,U0732,D0400,M065,2026-08-22 15:08:00,7159.48,Pune,0
T02334,U0452,D0155,M042,2026-08-07 16:02:00,6113.75,Mumbai,0
T02335,U0414,D0402,M055,2026-08-02 06:35:00,8524.1,Delhi,0
T02336,U0461,D0151,M100,2026-08-01 13:10:00,2668.27,Pune,0
T02337,U0671,D0457,M092,2026-08-19 11:17:00,4822.05,Chennai,0
T02338,U0503,D0405,M045,2026-08-27 17:18:00,8540.84,Hyderabad,0
T02339,U0686,D0267,M074,2026-08-23 02:01:00,6518.93,Delhi,0
T02340,U0644,D0165,M087,2026-08-18 06:55:00,240.9,Bangalore,0
T02341,U0501,D0191,M065,2026-08-10 09:28:00,2320.67,Hyderabad,0
T02342,U0774,D0474,M041,2026-08-30 13:58:00,2049.73,Mumbai,0
T02343,U0621,D0367,M027,2026-08-24 20:28:00,8991.53,Pune,0
T02344,U0358,D0262,M030,2026-08-19 03:15:00,6301.38,Hyderabad,0
T02345,U0670,D0110,M060,2026-08-26 04:20:00,9620.4,Pune,0
T02346,U0701,D0116,M033,2026-08-21 07:50:00,5710.35,Chennai,0
T02347,U0401,D0207,M049,2026-08-30 14:51:00,8589.47,Chennai,0
T02348,U0857,D0443,M084,2026-08-09 01:48:00,498.3,Delhi,0
T02349,U0423,D0358,M061,2026-08-05 03:47:00,7456.79,Pune,0
T02350,U0216,D0143,M092,2026-08-14 18:41:00,702.56,Chennai,0
T02351,U0400,D0375,M100,2026-08-22 17:19:00,4696.29,Delhi,0
T02352,U0951,D0102,M066,2026-08-29 20:23:00,823.24,Mumbai,0
T02353,U0270,D0302,M036,2026-08-22 15:57:00,2054.22,Delhi,0
T02354,U0754,D0186,M088,2026-08-14 15:38:00,5736.36,Delhi,0
T02355,U0591,D0133,M082,2026-08-30 05:55:00,2028.51,Pune,0
T02356,U0780,D0462,M084,2026-08-01 00:32:00,2592.3,Mumbai,0
T02357,U0766,D0214,M089,2026-08-29 17:21:00,1847.67,Delhi,0
T02358,U0645,D0339,M062,2026-08-30 08:49:00,3066.41,Delhi,0
T02359,U0405,D0250,M061,2026-08-26 13:03:00,5080.32,Pune,0
T02360,U0601,D0133,M049,2026-08-23 04:34:00,164.52,Delhi,0
T02361,U0632,D0329,M046,2026-08-09 03:17:00,749.04,Mumbai,0
T02362,U0840,D0231,M038,2026-08-21 04:05:00,3490.07,Pune,0
T02363,U0702,D0497,M049,2026-08-09 19:27:00,7810.04,Chennai,0
T02364,U0369,D0233,M090,2026-08-14 21:33:00,3268.16,Delhi,0
T02365,U0634,D0128,M064,2026-08-28 17:45:00,2181.89,Pune,0
T02366,U0309,D0241,M046,2026-08-09 17:36:00,7687.33,Chennai,0
T02367,U0312,D0388,M046,2026-08-15 19:43:00,9571.4,Mumbai,0
T02368,U0820,D0380,M079,2026-08-13 06:14:00,2364.36,Hyderabad,0
T02369,U0634,D0231,M073,2026-08-07 14:21:00,3131.7,Pune,0
T02370,U0513,D0500,M066,2026-08-21 11:12:00,3149.37,Delhi,0
T02371,U0553,D0466,M079,2026-08-01 06:11:00,7646.01,Mumbai,0
T02372,U0207,D0285,M071,2026-08-30 09:22:00,8073.17,Mumbai,0
T02373,U0936,D0216,M028,2026-08-10 04:52:00,2165.23,Pune,0
T02374,U0413,D0226,M073,2026-08-02 01:51:00,3286.27,Mumbai,0
T02375,U0484,D0361,M097,2026-08-10 01:51:00,7995.0,Delhi,0
T02376,U0666,D0301,M061,2026-08-05 20:41:00,836.83,Chennai,0
T02377,U0484,D0446,M087,2026-08-27 23:38:00,4751.73,Bangalore,0
T02378,U0950,D0413,M075,2026-08-23 03:58:00,2573.48,Delhi,0
T02379,U0751,D0268,M033,2026-08-05 14:47:00,655.53,Hyderabad,0
T02380,U0433,D0351,M073,2026-08-20 22:32:00,9243.7,Bangalore,0
T02381,U0634,D0144,M035,2026-08-15 18:29:00,9774.07,Pune,0
T02382,U0574,D0498,M045,2026-08-07 20:17:00,5939.1,Delhi,0
T02383,U0355,D0363,M037,2026-08-20 22:41:00,2527.74,Delhi,0
T02384,U0710,D0466,M059,2026-08-26 08:02:00,5357.17,Hyderabad,0
T02385,U0857,D0087,M043,2026-08-04 02:16:00,8720.18,Pune,0
T02386,U0879,D0454,M066,2026-08-17 10:33:00,9060.52,Mumbai,0
T02387,U0916,D0185,M049,2026-08-15 14:54:00,4736.43,Mumbai,0
T02388,U0521,D0246,M051,2026-08-12 18:55:00,2628.04,Pune,0
T02389,U0174,D0147,M041,2026-08-30 05:29:00,4166.71,Mumbai,0
T02390,U0976,D0325,M032,2026-08-25 01:09:00,696.83,Delhi,0
T02391,U0533,D0084,M098,2026-08-20 21:32:00,9956.98,Delhi,0
T02392,U0968,D0243,M094,2026-08-23 09:24:00,2898.2,Hyderabad,0
T02393,U0800,D0110,M035,2026-08-26 17:27:00,1012.22,Delhi,0
T02394,U0950,D0133,M094,2026-08-08 04:49:00,8006.05,Bangalore,0
T02395,U0738,D0315,M050,2026-08-04 07:49:00,7694.44,Mumbai,0
T02396,U0988,D0217,M085,2026-08-21 12:55:00,8904.62,Pune,0
T02397,U0306,D0409,M068,2026-08-04 07:45:00,1898.57,Delhi,0
T02398,U0498,D0308,M093,2026-08-20 16:17:00,8905.03,Mumbai,0
T02399,U0739,D0226,M026,2026-08-29 09:14:00,8299.4,Bangalore,0
T02400,U0159,D0191,M067,2026-08-20 10:33:00,1589.9,Chennai,0
T02401,U0749,D0421,M067,2026-08-25 05:29:00,4631.76,Pune,0
T02402,U0356,D0470,M099,2026-08-17 03:22:00,8943.11,Pune,0
T02403,U0741,D0154,M050,2026-08-07 17:57:00,2140.83,Chennai,0
T02404,U0254,D0089,M094,2026-08-28 09:27:00,9450.5,Bangalore,0
T02405,U0949,D0141,M095,2026-08-16 20:40:00,9551.14,Hyderabad,0
T02406,U0473,D0193,M052,2026-08-10 04:18:00,3099.0,Mumbai,0
T02407,U0428,D0195,M053,2026-08-17 04:07:00,370.23,Mumbai,0
T02408,U0277,D0268,M029,2026-08-21 04:54:00,8688.57,Pune,0
T02409,U0364,D0270,M032,2026-08-21 08:02:00,4441.61,Chennai,0
T02410,U0361,D0470,M074,2026-08-27 20:40:00,8163.54,Bangalore,0
T02411,U0330,D0335,M100,2026-08-24 12:09:00,1304.87,Chennai,0
T02412,U0274,D0326,M071,2026-08-15 10:07:00,4209.77,Chennai,0
T02413,U0243,D0485,M090,2026-08-17 09:03:00,4831.99,Delhi,0
T02414,U0265,D0309,M028,2026-08-01 07:55:00,3862.29,Mumbai,0
T02415,U0560,D0127,M071,2026-08-17 09:38:00,9462.74,Bangalore,0
T02416,U0595,D0409,M064,2026-08-11 10:31:00,9997.09,Bangalore,0
T02417,U0817,D0405,M075,2026-08-22 10:51:00,256.92,Hyderabad,0
T02418,U0898,D0407,M067,2026-08-03 01:33:00,1493.28,Chennai,0
T02419,U0332,D0365,M027,2026-08-06 19:45:00,5234.36,Chennai,0
T02420,U0862,D0316,M030,2026-08-03 18:49:00,6002.42,Chennai,0
T02421,U0908,D0414,M063,2026-08-17 21:59:00,6213.79,Chennai,0
T02422,U0580,D0164,M048,2026-08-24 14:26:00,9656.47,Pune,0
T02423,U0979,D0490,M049,2026-08-17 14:45:00,8802.87,Bangalore,0
T02424,U0956,D0159,M029,2026-08-23 15:27:00,2120.36,Mumbai,0
T02425,U0791,D0267,M059,2026-08-29 07:17:00,3278.62,Bangalore,0
T02426,U0490,D0090,M086,2026-08-02 13:22:00,7376.01,Chennai,0
T02427,U0568,D0099,M095,2026-08-18 03:49:00,7648.77,Pune,0
T02428,U0688,D0162,M046,2026-08-05 13:21:00,247.89,Chennai,0
T02429,U0245,D0290,M034,2026-08-06 02:46:00,9690.43,Mumbai,0
T02430,U0576,D0350,M082,2026-08-07 02:48:00,8583.47,Pune,0
T02431,U0151,D0235,M086,2026-08-22 08:48:00,9005.54,Hyderabad,0
T02432,U0282,D0241,M095,2026-08-17 15:18:00,9573.36,Pune,0
T02433,U0884,D0125,M087,2026-08-23 10:16:00,7512.32,Delhi,0
T02434,U0351,D0140,M054,2026-08-24 10:13:00,1385.1,Chennai,0
T02435,U0381,D0413,M036,2026-08-05 07:32:00,7200.95,Hyderabad,0
T02436,U0780,D0129,M057,2026-08-11 07:05:00,2581.64,Pune,0
T02437,U0826,D0230,M068,2026-08-22 00:47:00,6716.73,Delhi,0
T02438,U0680,D0371,M060,2026-08-06 23:51:00,3346.65,Hyderabad,0
T02439,U0828,D0150,M100,2026-08-02 13:22:00,7504.57,Mumbai,0
T02440,U0798,D0100,M051,2026-08-09 06:58:00,241.79,Pune,0
T02441,U0185,D0482,M056,2026-08-08 08:49:00,4027.96,Bangalore,0
T02442,U0736,D0322,M087,2026-08-16 15:37:00,1958.71,Delhi,0
T02443,U0566,D0307,M053,2026-08-21 15:00:00,6250.99,Delhi,0
T02444,U0601,D0136,M061,2026-08-30 19:56:00,7708.26,Hyderabad,0
T02445,U0496,D0171,M058,2026-08-16 12:26:00,8089.19,Mumbai,0
T02446,U0941,D0357,M084,2026-08-05 09:24:00,6713.33,Hyderabad,0
T02447,U0932,D0341,M059,2026-08-03 20:56:00,7841.35,Mumbai,0
T02448,U0808,D0089,M095,2026-08-06 17:52:00,1036.38,Mumbai,0
T02449,U1000,D0132,M041,2026-08-26 01:15:00,7155.68,Chennai,0
T02450,U0506,D0233,M083,2026-08-20 20:24:00,5577.66,Bangalore,0
T02451,U0667,D0169,M076,2026-08-24 06:02:00,2029.29,Pune,0
T02452,U0378,D0473,M028,2026-08-10 01:00:00,7360.78,Hyderabad,0
T02453,U0689,D0383,M045,2026-08-26 14:49:00,8613.27,Delhi,0
T02454,U0199,D0485,M094,2026-08-17 12:07:00,5440.63,Pune,0
T02455,U0694,D0161,M073,2026-08-08 05:23:00,1091.37,Chennai,0
T02456,U0801,D0400,M054,2026-08-07 22:04:00,5454.13,Delhi,0
T02457,U0585,D0179,M061,2026-08-03 05:25:00,9594.66,Mumbai,0
T02458,U0454,D0275,M092,2026-08-20 04:07:00,8948.07,Mumbai,0
T02459,U0480,D0145,M064,2026-08-01 00:23:00,841.22,Pune,0
T02460,U0720,D0418,M065,2026-08-10 12:00:00,9238.22,Delhi,0
T02461,U0759,D0110,M033,2026-08-19 16:14:00,1489.0,Mumbai,0
T02462,U0993,D0158,M057,2026-08-18 19:20:00,7884.5,Pune,0
T02463,U0580,D0276,M050,2026-08-12 07:30:00,8359.86,Bangalore,0
T02464,U0382,D0217,M043,2026-08-19 06:28:00,1322.37,Pune,0
T02465,U0750,D0420,M045,2026-08-10 08:49:00,4489.48,Pune,0
T02466,U0433,D0465,M067,2026-08-01 11:45:00,6403.89,Delhi,0
T02467,U0469,D0344,M039,2026-08-29 14:32:00,6024.62,Chennai,0
T02468,U0827,D0300,M064,2026-08-06 16:23:00,5458.47,Delhi,0
T02469,U0616,D0154,M035,2026-08-16 12:52:00,8764.83,Bangalore,0
T02470,U0541,D0206,M040,2026-08-29 12:44:00,4718.6,Delhi,0
T02471,U0323,D0439,M088,2026-08-14 05:57:00,2323.87,Bangalore,0
T02472,U0241,D0450,M072,2026-08-11 23:33:00,8706.68,Pune,0
T02473,U0657,D0435,M081,2026-08-20 04:34:00,660.86,Bangalore,0
T02474,U0939,D0219,M061,2026-08-12 10:53:00,6438.63,Hyderabad,0
T02475,U0580,D0417,M058,2026-08-17 05:34:00,922.62,Bangalore,0
T02476,U0881,D0488,M088,2026-08-12 01:08:00,5899.26,Chennai,0
T02477,U0756,D0298,M060,2026-08-05 17:33:00,9973.3,Pune,0
T02478,U0650,D0363,M098,2026-08-18 02:29:00,6105.62,Pune,0
T02479,U0542,D0097,M039,2026-08-27 20:48:00,8398.24,Pune,0
T02480,U0251,D0370,M038,2026-08-06 08:18:00,9670.62,Chennai,0
T02481,U0520,D0373,M079,2026-08-18 22:04:00,7211.06,Bangalore,0
T02482,U0506,D0407,M082,2026-08-21 23:15:00,5776.11,Delhi,0
T02483,U0189,D0280,M081,2026-08-02 04:00:00,2238.79,Chennai,0
T02484,U0175,D0398,M068,2026-08-05 11:55:00,2993.54,Mumbai,0
T02485,U0972,D0090,M084,2026-08-12 12:54:00,3650.03,Pune,0
T02486,U0503,D0256,M057,2026-08-13 14:09:00,4515.47,Bangalore,0
T02487,U0483,D0310,M059,2026-08-08 07:24:00,2172.87,Delhi,0
T02488,U0814,D0240,M077,2026-08-16 20:41:00,7831.59,Chennai,0
T02489,U0662,D0121,M068,2026-08-17 00:15:00,6202.39,Pune,0
T02490,U0975,D0192,M066,2026-08-14 22:03:00,1102.85,Pune,0
T02491,U0243,D0403,M077,2026-08-15 05:47:00,6255.82,Pune,0
T02492,U0341,D0463,M074,2026-08-10 04:48:00,2720.34,Pune,0
T02493,U0648,D0255,M069,2026-08-20 22:09:00,8968.22,Chennai,0
T02494,U0323,D0241,M028,2026-08-06 01:45:00,1978.92,Hyderabad,0
T02495,U0669,D0434,M097,2026-08-14 11:32:00,7592.03,Delhi,0
T02496,U0333,D0279,M035,2026-08-10 00:56:00,1024.3,Pune,0
T02497,U0763,D0415,M077,2026-08-12 23:40:00,1543.08,Hyderabad,0
T02498,U0696,D0257,M076,2026-08-07 01:18:00,9220.46,Bangalore,0
T02499,U0904,D0493,M063,2026-08-28 22:01:00,5744.06,Bangalore,0
T02500,U0482,D0191,M082,2026-08-02 20:32:00,2534.45,Chennai,0
T02501,U0834,D0216,M029,2026-08-23 12:07:00,2322.24,Pune,0
T02502,U0375,D0201,M054,2026-08-21 00:59:00,6514.16,Chennai,0
T02503,U0299,D0082,M063,2026-08-12 02:09:00,9649.45,Delhi,0
T02504,U0645,D0300,M079,2026-08-26 07:39:00,5557.14,Delhi,0
T02505,U0347,D0287,M049,2026-08-24 14:25:00,5850.87,Pune,0
T02506,U0740,D0274,M059,2026-08-17 13:33:00,8053.92,Hyderabad,0
T02507,U0592,D0265,M072,2026-08-11 16:21:00,3269.53,Hyderabad,0
T02508,U0229,D0430,M043,2026-08-15 15:20:00,8613.45,Pune,0
T02509,U0403,D0483,M094,2026-08-27 08:22:00,1374.77,Delhi,0
T02510,U0876,D0319,M094,2026-08-15 06:24:00,1137.6,Delhi,0
T02511,U0384,D0444,M070,2026-08-30 08:28:00,9767.28,Chennai,0
T02512,U0627,D0213,M099,2026-08-03 10:06:00,4656.36,Mumbai,0
T02513,U0660,D0378,M081,2026-08-03 22:37:00,9536.32,Chennai,0
T02514,U0173,D0362,M083,2026-08-26 10:34:00,6537.75,Hyderabad,0
T02515,U0639,D0437,M044,2026-08-03 21:39:00,6851.87,Bangalore,0
T02516,U0887,D0217,M098,2026-08-12 11:15:00,9478.78,Pune,0
T02517,U0179,D0441,M088,2026-08-20 14:34:00,7071.76,Chennai,0
T02518,U0556,D0186,M083,2026-08-15 02:24:00,5430.12,Pune,0
T02519,U0462,D0245,M055,2026-08-26 22:26:00,8004.32,Delhi,0
T02520,U0567,D0149,M095,2026-08-27 17:01:00,3213.14,Bangalore,0
T02521,U0775,D0103,M071,2026-08-27 17:38:00,1284.87,Bangalore,0
T02522,U0779,D0108,M093,2026-08-19 19:52:00,7330.77,Pune,0
T02523,U0350,D0203,M048,2026-08-09 05:57:00,391.93,Mumbai,0
T02524,U0897,D0137,M068,2026-08-05 01:19:00,1032.2,Mumbai,0
T02525,U0738,D0434,M075,2026-08-19 13:10:00,3874.78,Mumbai,0
T02526,U0292,D0251,M049,2026-08-05 08:42:00,3180.83,Chennai,0
T02527,U0875,D0296,M058,2026-08-23 17:47:00,998.27,Hyderabad,0
T02528,U0562,D0178,M055,2026-08-16 23:36:00,9857.8,Pune,0
T02529,U0234,D0249,M083,2026-08-05 06:42:00,5286.29,Bangalore,0
T02530,U0771,D0107,M097,2026-08-03 16:36:00,6858.83,Bangalore,0
T02531,U0323,D0076,M093,2026-08-01 13:44:00,146.14,Mumbai,0
T02532,U0464,D0090,M098,2026-08-26 15:20:00,3810.88,Bangalore,0
T02533,U0327,D0172,M089,2026-08-09 06:33:00,5398.62,Hyderabad,0
T02534,U0250,D0425,M045,2026-08-28 07:03:00,3804.27,Chennai,0
T02535,U0602,D0437,M048,2026-08-24 02:08:00,1573.61,Mumbai,0
T02536,U0182,D0394,M030,2026-08-25 11:11:00,8893.51,Bangalore,0
T02537,U0977,D0235,M063,2026-08-05 21:43:00,3555.63,Chennai,0
T02538,U0755,D0341,M047,2026-08-05 12:55:00,5026.75,Delhi,0
T02539,U0309,D0389,M069,2026-08-21 16:37:00,9293.2,Delhi,0
T02540,U0549,D0477,M083,2026-08-06 07:07:00,6720.18,Bangalore,0
T02541,U0497,D0202,M072,2026-08-07 10:25:00,2470.57,Mumbai,0
T02542,U0343,D0482,M077,2026-08-02 21:25:00,3647.38,Mumbai,0
T02543,U0981,D0413,M038,2026-08-24 15:48:00,1000.44,Pune,0
T02544,U0479,D0345,M098,2026-08-27 04:08:00,7051.84,Delhi,0
T02545,U0554,D0463,M095,2026-08-30 06:32:00,2089.23,Hyderabad,0
T02546,U0289,D0305,M051,2026-08-14 07:59:00,9448.05,Mumbai,0
T02547,U0564,D0298,M074,2026-08-04 17:59:00,4955.61,Mumbai,0
T02548,U0257,D0240,M097,2026-08-23 00:46:00,6135.67,Hyderabad,0
T02549,U0660,D0478,M062,2026-08-03 12:12:00,5322.75,Bangalore,0
T02550,U0343,D0121,M065,2026-08-27 17:40:00,7503.73,Delhi,0
T02551,U0706,D0164,M066,2026-08-03 04:22:00,5389.49,Bangalore,0
T02552,U0461,D0273,M050,2026-08-17 00:13:00,9645.45,Bangalore,0
T02553,U0994,D0498,M081,2026-08-24 03:16:00,5287.45,Chennai,0
T02554,U0671,D0265,M031,2026-08-10 18:17:00,1076.64,Chennai,0
T02555,U0377,D0440,M066,2026-08-04 07:41:00,7168.94,Mumbai,0
T02556,U0362,D0368,M027,2026-08-03 01:24:00,9228.65,Chennai,0
T02557,U0856,D0135,M063,2026-08-01 05:10:00,9053.52,Pune,0
T02558,U0984,D0245,M048,2026-08-18 17:53:00,8283.06,Hyderabad,0
T02559,U0562,D0098,M045,2026-08-07 10:44:00,6027.64,Delhi,0
T02560,U0835,D0208,M080,2026-08-26 23:10:00,7130.71,Pune,0
T02561,U0468,D0180,M060,2026-08-19 14:57:00,6933.78,Mumbai,0
T02562,U0994,D0287,M074,2026-08-13 15:44:00,8442.08,Chennai,0
T02563,U0987,D0474,M088,2026-08-12 12:48:00,6041.28,Pune,0
T02564,U0860,D0278,M031,2026-08-21 10:34:00,1375.99,Pune,0
T02565,U0379,D0112,M040,2026-08-06 05:54:00,1673.35,Mumbai,0
T02566,U0219,D0169,M094,2026-08-15 21:35:00,1756.93,Pune,0
T02567,U0413,D0424,M076,2026-08-13 23:05:00,5408.97,Hyderabad,0
T02568,U0734,D0209,M039,2026-08-06 10:25:00,4009.57,Chennai,0
T02569,U0239,D0360,M089,2026-08-10 03:18:00,1358.44,Bangalore,0
T02570,U0631,D0321,M039,2026-08-06 01:41:00,2363.59,Mumbai,0
T02571,U0339,D0118,M034,2026-08-12 00:03:00,4415.89,Hyderabad,0
T02572,U0599,D0454,M044,2026-08-21 02:48:00,6010.31,Bangalore,0
T02573,U0829,D0333,M050,2026-08-10 13:50:00,7276.61,Bangalore,0
T02574,U0733,D0083,M045,2026-08-16 12:50:00,8608.93,Hyderabad,0
T02575,U0330,D0255,M085,2026-08-10 03:09:00,9025.47,Bangalore,0
T02576,U0551,D0270,M045,2026-08-14 06:43:00,5105.39,Chennai,0
T02577,U0339,D0397,M050,2026-08-16 06:52:00,6614.32,Mumbai,0
T02578,U0176,D0301,M034,2026-08-12 04:27:00,6056.43,Hyderabad,0
T02579,U0721,D0158,M044,2026-08-25 21:36:00,9645.35,Bangalore,0
T02580,U0265,D0426,M034,2026-08-19 15:44:00,5228.67,Bangalore,0
T02581,U0784,D0444,M047,2026-08-15 15:20:00,3766.68,Chennai,0
T02582,U0257,D0426,M055,2026-08-01 06:26:00,3874.01,Delhi,0
T02583,U0210,D0492,M075,2026-08-26 19:15:00,1284.46,Chennai,0
T02584,U0931,D0397,M030,2026-08-26 15:38:00,5501.27,Bangalore,0
T02585,U0815,D0497,M086,2026-08-27 00:13:00,6483.42,Hyderabad,0
T02586,U0853,D0391,M075,2026-08-21 11:09:00,9111.39,Chennai,0
T02587,U0850,D0327,M058,2026-08-16 16:59:00,9803.3,Pune,0
T02588,U0616,D0321,M045,2026-08-21 16:07:00,5410.9,Hyderabad,0
T02589,U0380,D0149,M062,2026-08-29 23:52:00,7336.69,Mumbai,0
T02590,U0414,D0158,M073,2026-08-01 22:52:00,4374.19,Hyderabad,0
T02591,U0298,D0097,M084,2026-08-19 16:14:00,7135.79,Delhi,0
T02592,U0383,D0281,M042,2026-08-29 12:18:00,3594.12,Mumbai,0
T02593,U0582,D0289,M084,2026-08-21 14:02:00,4494.54,Mumbai,0
T02594,U0625,D0262,M069,2026-08-15 20:05:00,6687.2,Chennai,0
T02595,U0891,D0347,M052,2026-08-12 04:42:00,2247.9,Chennai,0
T02596,U0733,D0175,M072,2026-08-22 02:07:00,5527.23,Mumbai,0
T02597,U0534,D0405,M065,2026-08-10 17:12:00,3989.01,Mumbai,0
T02598,U0262,D0353,M083,2026-08-14 16:01:00,9056.29,Delhi,0
T02599,U0573,D0102,M051,2026-08-10 21:12:00,3443.06,Chennai,0
T02600,U0826,D0272,M092,2026-08-20 15:37:00,1885.12,Mumbai,0
T02601,U0175,D0431,M052,2026-08-18 13:34:00,5717.19,Chennai,0
T02602,U0430,D0457,M098,2026-08-08 02:14:00,6448.26,Delhi,0
T02603,U0951,D0486,M051,2026-08-07 20:35:00,4171.77,Mumbai,0
T02604,U0402,D0454,M042,2026-08-23 03:35:00,3230.52,Delhi,0
T02605,U0694,D0452,M030,2026-08-05 10:01:00,7890.93,Bangalore,0
T02606,U0172,D0080,M032,2026-08-16 02:05:00,8540.75,Hyderabad,0
T02607,U0516,D0179,M045,2026-08-10 16:39:00,3144.86,Bangalore,0
T02608,U0522,D0395,M066,2026-08-27 13:16:00,9054.7,Mumbai,0
T02609,U0637,D0249,M048,2026-08-14 04:28:00,3102.08,Delhi,0
T02610,U0314,D0153,M046,2026-08-19 21:29:00,1272.56,Delhi,0
T02611,U0570,D0157,M097,2026-08-26 03:16:00,6323.96,Pune,0
T02612,U0438,D0429,M057,2026-08-06 03:49:00,6672.3,Chennai,0
T02613,U0606,D0125,M031,2026-08-07 04:06:00,8814.29,Mumbai,0
T02614,U0539,D0320,M047,2026-08-01 21:47:00,5903.14,Hyderabad,0
T02615,U0602,D0375,M099,2026-08-09 06:36:00,4528.6,Bangalore,0
T02616,U0654,D0419,M098,2026-08-16 15:33:00,8867.48,Bangalore,0
T02617,U0529,D0111,M048,2026-08-07 03:23:00,6277.91,Pune,0
T02618,U0554,D0152,M040,2026-08-09 23:19:00,9619.59,Hyderabad,0
T02619,U0450,D0440,M036,2026-08-17 03:26:00,6067.84,Mumbai,0
T02620,U0167,D0394,M079,2026-08-08 16:39:00,3715.64,Hyderabad,0
T02621,U0347,D0338,M061,2026-08-24 16:27:00,9052.37,Bangalore,0
T02622,U0652,D0239,M047,2026-08-03 08:48:00,6529.11,Pune,0
T02623,U0464,D0210,M083,2026-08-20 16:53:00,3441.43,Hyderabad,0
T02624,U0918,D0464,M084,2026-08-04 15:38:00,3395.9,Bangalore,0
T02625,U0284,D0395,M027,2026-08-27 02:34:00,290.2,Mumbai,0
T02626,U0355,D0316,M074,2026-08-18 16:13:00,456.23,Pune,0
T02627,U0427,D0432,M074,2026-08-16 06:36:00,3731.26,Delhi,0
T02628,U0953,D0293,M078,2026-08-16 13:41:00,1410.17,Hyderabad,0
T02629,U0887,D0209,M096,2026-08-09 18:42:00,4939.42,Hyderabad,0
T02630,U0236,D0306,M036,2026-08-15 12:00:00,8628.64,Bangalore,0
T02631,U0174,D0491,M042,2026-08-05 20:55:00,2505.31,Chennai,0
T02632,U0533,D0109,M045,2026-08-27 00:40:00,8034.42,Bangalore,0
T02633,U0228,D0080,M027,2026-08-16 12:36:00,8714.58,Delhi,0
T02634,U0223,D0155,M100,2026-08-29 11:53:00,9659.88,Mumbai,0
T02635,U0797,D0245,M039,2026-08-28 21:05:00,1307.59,Pune,0
T02636,U0293,D0178,M036,2026-08-09 10:41:00,1007.87,Bangalore,0
T02637,U0154,D0297,M055,2026-08-10 13:36:00,594.99,Bangalore,0
T02638,U0547,D0240,M093,2026-08-09 18:24:00,4812.84,Chennai,0
T02639,U0876,D0329,M049,2026-08-22 08:30:00,2951.83,Pune,0
T02640,U0757,D0107,M082,2026-08-09 09:59:00,5125.09,Bangalore,0
T02641,U0331,D0177,M059,2026-08-07 13:10:00,8793.95,Delhi,0
T02642,U0344,D0434,M041,2026-08-04 10:46:00,1963.17,Hyderabad,0
T02643,U0925,D0192,M046,2026-08-18 23:04:00,6389.44,Delhi,0
T02644,U0454,D0383,M078,2026-08-24 01:24:00,6441.89,Chennai,0
T02645,U0587,D0204,M070,2026-08-11 22:59:00,5352.45,Pune,0
T02646,U0850,D0204,M062,2026-08-08 08:08:00,740.07,Bangalore,0
T02647,U0656,D0252,M033,2026-08-29 05:02:00,7580.94,Mumbai,0
T02648,U0232,D0421,M083,2026-08-01 13:06:00,9773.96,Pune,0
T02649,U0241,D0239,M072,2026-08-28 13:22:00,6814.14,Bangalore,0
T02650,U0733,D0210,M066,2026-08-21 12:22:00,3645.31,Mumbai,0
T02651,U0530,D0331,M064,2026-08-23 06:12:00,3203.4,Pune,0
T02652,U0345,D0192,M047,2026-08-02 22:38:00,6939.56,Mumbai,0
T02653,U0627,D0312,M067,2026-08-19 08:26:00,4689.88,Mumbai,0
T02654,U0614,D0154,M044,2026-08-18 13:08:00,4254.01,Bangalore,0
T02655,U0293,D0479,M066,2026-08-18 08:39:00,9898.65,Pune,0
T02656,U0303,D0280,M072,2026-08-01 15:14:00,4400.37,Pune,0
T02657,U0327,D0153,M049,2026-08-10 21:00:00,1038.98,Mumbai,0
T02658,U0634,D0152,M060,2026-08-16 08:26:00,2057.79,Mumbai,0
T02659,U0552,D0157,M064,2026-08-26 00:00:00,2848.93,Chennai,0
T02660,U0649,D0386,M089,2026-08-20 16:47:00,4407.56,Chennai,0
T02661,U0650,D0416,M033,2026-08-17 01:58:00,9618.25,Bangalore,0
T02662,U0482,D0437,M087,2026-08-28 15:53:00,2964.29,Chennai,0
T02663,U0682,D0329,M053,2026-08-19 22:45:00,4956.02,Hyderabad,0
T02664,U0797,D0157,M069,2026-08-29 16:37:00,3175.06,Delhi,0
T02665,U0590,D0389,M041,2026-08-28 06:23:00,1381.34,Hyderabad,0
T02666,U0500,D0447,M073,2026-08-06 19:57:00,3758.72,Mumbai,0
T02667,U0215,D0085,M083,2026-08-17 20:08:00,4228.31,Chennai,0
T02668,U0485,D0428,M055,2026-08-15 05:22:00,6375.33,Mumbai,0
T02669,U0956,D0219,M097,2026-08-16 12:11:00,5814.48,Hyderabad,0
T02670,U0866,D0175,M042,2026-08-15 15:31:00,7837.79,Delhi,0
T02671,U0385,D0438,M056,2026-08-12 08:04:00,4937.02,Mumbai,0
T02672,U0170,D0236,M091,2026-08-05 08:24:00,3903.02,Chennai,0
T02673,U0789,D0240,M036,2026-08-25 02:03:00,4960.31,Delhi,0
T02674,U0896,D0212,M034,2026-08-21 10:57:00,3956.81,Chennai,0
T02675,U0961,D0470,M061,2026-08-07 12:17:00,3701.45,Bangalore,0
T02676,U0636,D0202,M054,2026-08-29 19:28:00,130.23,Hyderabad,0
T02677,U0995,D0393,M087,2026-08-26 13:43:00,1546.59,Hyderabad,0
T02678,U0478,D0324,M066,2026-08-28 12:34:00,8843.81,Chennai,0
T02679,U0994,D0491,M050,2026-08-28 04:43:00,6090.31,Hyderabad,0
T02680,U0902,D0107,M050,2026-08-24 19:48:00,8008.6,Hyderabad,0
T02681,U0405,D0480,M074,2026-08-20 06:01:00,7036.4,Bangalore,0
T02682,U0456,D0209,M052,2026-08-07 13:21:00,3031.42,Bangalore,0
T02683,U0818,D0405,M079,2026-08-04 13:58:00,3749.45,Chennai,0
T02684,U0608,D0396,M074,2026-08-26 06:29:00,1654.09,Mumbai,0
T02685,U0927,D0236,M039,2026-08-13 10:47:00,4613.84,Chennai,0
T02686,U0874,D0386,M084,2026-08-13 23:02:00,1712.72,Chennai,0
T02687,U0481,D0084,M041,2026-08-03 09:15:00,8690.6,Delhi,0
T02688,U0639,D0264,M044,2026-08-15 08:21:00,8334.86,Mumbai,0
T02689,U0714,D0089,M081,2026-08-30 09:57:00,3306.45,Chennai,0
T02690,U0485,D0389,M030,2026-08-30 07:00:00,2900.8,Delhi,0
T02691,U0925,D0367,M031,2026-08-24 06:55:00,653.01,Pune,0
T02692,U0881,D0143,M089,2026-08-03 21:46:00,9276.79,Chennai,0
T02693,U0306,D0128,M092,2026-08-08 10:27:00,9407.22,Chennai,0
T02694,U0245,D0462,M072,2026-08-17 06:01:00,3447.76,Mumbai,0
T02695,U0502,D0460,M034,2026-08-23 09:53:00,4065.54,Bangalore,0
T02696,U0688,D0289,M076,2026-08-08 01:17:00,5526.17,Bangalore,0
T02697,U0984,D0182,M083,2026-08-08 05:44:00,1240.97,Hyderabad,0
T02698,U0383,D0198,M033,2026-08-30 08:14:00,6866.87,Bangalore,0
T02699,U0204,D0405,M054,2026-08-22 18:51:00,519.71,Chennai,0
T02700,U0927,D0195,M045,2026-08-07 06:22:00,5055.78,Hyderabad,0
T02701,U0547,D0463,M076,2026-08-01 21:01:00,5151.44,Hyderabad,0
T02702,U0655,D0088,M079,2026-08-26 00:46:00,772.82,Chennai,0
T02703,U0754,D0094,M052,2026-08-11 10:40:00,5869.12,Bangalore,0
T02704,U0508,D0435,M036,2026-08-27 11:14:00,8828.3,Delhi,0
T02705,U0999,D0160,M076,2026-08-10 16:24:00,1607.33,Bangalore,0
T02706,U0793,D0457,M062,2026-08-13 02:09:00,5607.0,Delhi,0
T02707,U0548,D0157,M051,2026-08-28 15:40:00,2637.15,Chennai,0
T02708,U0485,D0209,M076,2026-08-06 10:09:00,6539.58,Mumbai,0
T02709,U0180,D0304,M091,2026-08-19 11:07:00,2125.44,Bangalore,0
T02710,U0193,D0274,M039,2026-08-10 08:33:00,2081.41,Delhi,0
T02711,U0904,D0458,M064,2026-08-10 18:07:00,8877.86,Hyderabad,0
T02712,U0520,D0313,M032,2026-08-30 11:36:00,6298.56,Delhi,0
T02713,U0409,D0187,M091,2026-08-02 02:00:00,3168.03,Chennai,0
T02714,U1000,D0168,M068,2026-08-10 09:23:00,5045.97,Pune,0
T02715,U0548,D0444,M067,2026-08-21 20:07:00,9843.87,Delhi,0
T02716,U0922,D0160,M088,2026-08-22 20:28:00,5652.22,Hyderabad,0
T02717,U0965,D0417,M057,2026-08-04 12:50:00,6202.07,Bangalore,0
T02718,U0182,D0393,M032,2026-08-01 12:14:00,9473.19,Bangalore,0
T02719,U0461,D0303,M074,2026-08-26 20:31:00,9615.96,Bangalore,0
T02720,U0205,D0264,M053,2026-08-30 09:21:00,1988.78,Mumbai,0
T02721,U0910,D0266,M035,2026-08-13 17:48:00,4233.12,Bangalore,0
T02722,U0455,D0470,M030,2026-08-06 11:09:00,3090.3,Hyderabad,0
T02723,U0618,D0485,M052,2026-08-06 11:25:00,9202.12,Pune,0
T02724,U0849,D0481,M029,2026-08-22 16:28:00,1828.35,Bangalore,0
T02725,U0239,D0447,M056,2026-08-21 17:14:00,8710.94,Delhi,0
T02726,U0862,D0361,M060,2026-08-13 06:59:00,323.33,Delhi,0
T02727,U0642,D0108,M045,2026-08-10 19:21:00,745.06,Pune,0
T02728,U0537,D0091,M030,2026-08-23 15:19:00,4381.63,Mumbai,0
T02729,U0573,D0165,M027,2026-08-27 05:58:00,8984.34,Pune,0
T02730,U0215,D0470,M061,2026-08-13 19:32:00,7216.82,Chennai,0
T02731,U0972,D0212,M029,2026-08-13 09:03:00,9635.58,Chennai,0
T02732,U0391,D0429,M083,2026-08-01 02:07:00,9958.79,Bangalore,0
T02733,U0727,D0298,M097,2026-08-23 05:36:00,7940.44,Pune,0
T02734,U0911,D0100,M062,2026-08-17 13:37:00,975.32,Hyderabad,0
T02735,U0618,D0496,M086,2026-08-25 18:50:00,1722.56,Pune,0
T02736,U0531,D0447,M096,2026-08-25 14:39:00,1542.39,Pune,0
T02737,U0805,D0253,M078,2026-08-08 22:00:00,5844.1,Hyderabad,0
T02738,U0629,D0253,M063,2026-08-07 17:15:00,8160.85,Mumbai,0
T02739,U0842,D0353,M078,2026-08-17 09:34:00,9617.73,Bangalore,0
T02740,U0767,D0205,M043,2026-08-16 03:30:00,9254.72,Pune,0
T02741,U0628,D0306,M095,2026-08-08 11:26:00,8908.43,Hyderabad,0
T02742,U0669,D0396,M044,2026-08-28 06:02:00,3482.33,Pune,0
T02743,U0913,D0157,M099,2026-08-07 08:23:00,9774.6,Chennai,0
T02744,U0995,D0430,M076,2026-08-04 17:17:00,8252.09,Bangalore,0
T02745,U0664,D0354,M031,2026-08-24 15:30:00,1127.77,Bangalore,0
T02746,U0411,D0357,M047,2026-08-11 07:42:00,6871.71,Hyderabad,0
T02747,U0651,D0135,M067,2026-08-17 23:46:00,5529.66,Mumbai,0
T02748,U0686,D0412,M076,2026-08-10 23:17:00,5812.49,Pune,0
T02749,U0568,D0428,M039,2026-08-11 06:38:00,6440.65,Mumbai,0
T02750,U0310,D0431,M050,2026-08-01 00:39:00,8942.52,Delhi,0
T02751,U0970,D0131,M089,2026-08-07 13:40:00,9166.85,Pune,0
T02752,U0464,D0199,M077,2026-08-14 18:48:00,8269.8,Delhi,0
T02753,U0804,D0125,M050,2026-08-02 01:40:00,260.58,Hyderabad,0
T02754,U0274,D0182,M049,2026-08-04 05:55:00,763.52,Mumbai,0
T02755,U0272,D0292,M071,2026-08-19 08:11:00,204.63,Delhi,0
T02756,U0458,D0251,M075,2026-08-18 01:30:00,2163.64,Mumbai,0
T02757,U0785,D0377,M087,2026-08-29 21:49:00,6186.55,Bangalore,0
T02758,U0846,D0327,M030,2026-08-23 18:07:00,3264.36,Bangalore,0
T02759,U0412,D0434,M086,2026-08-18 11:09:00,7553.89,Bangalore,0
T02760,U0583,D0428,M070,2026-08-23 07:32:00,9946.92,Mumbai,0
T02761,U0190,D0325,M037,2026-08-22 14:41:00,2596.35,Bangalore,0
T02762,U0235,D0201,M038,2026-08-21 16:38:00,3860.53,Hyderabad,0
T02763,U0398,D0385,M086,2026-08-02 13:30:00,3296.44,Delhi,0
T02764,U0946,D0436,M083,2026-08-10 20:32:00,6175.8,Bangalore,0
T02765,U0161,D0426,M042,2026-08-28 00:10:00,8640.9,Bangalore,0
T02766,U0669,D0303,M034,2026-08-23 20:23:00,1894.21,Hyderabad,0
T02767,U0864,D0365,M075,2026-08-25 09:05:00,6571.65,Bangalore,0
T02768,U0410,D0375,M041,2026-08-24 12:24:00,4961.88,Mumbai,0
T02769,U0451,D0159,M031,2026-08-14 05:04:00,6051.09,Mumbai,0
T02770,U0263,D0427,M045,2026-08-04 11:54:00,2071.32,Mumbai,0
T02771,U0406,D0078,M075,2026-08-30 18:12:00,9063.56,Mumbai,0
T02772,U0195,D0230,M049,2026-08-11 04:02:00,3466.7,Pune,0
T02773,U0748,D0328,M055,2026-08-21 05:41:00,8103.34,Bangalore,0
T02774,U0254,D0160,M043,2026-08-07 00:10:00,7429.53,Delhi,0
T02775,U0727,D0088,M082,2026-08-23 13:55:00,3730.09,Pune,0
T02776,U0591,D0086,M093,2026-08-17 18:16:00,6384.84,Bangalore,0
T02777,U0579,D0318,M030,2026-08-13 16:38:00,4419.28,Pune,0
T02778,U0583,D0110,M034,2026-08-04 23:17:00,2701.48,Pune,0
T02779,U0517,D0319,M077,2026-08-24 01:54:00,9200.82,Chennai,0
T02780,U0274,D0088,M046,2026-08-04 22:20:00,5747.16,Pune,0
T02781,U0352,D0304,M095,2026-08-17 23:45:00,5617.95,Mumbai,0
T02782,U0219,D0480,M049,2026-08-27 11:49:00,4191.23,Delhi,0
T02783,U0191,D0194,M051,2026-08-07 16:59:00,3073.4,Pune,0
T02784,U0869,D0276,M027,2026-08-17 22:10:00,693.94,Bangalore,0
T02785,U0266,D0344,M060,2026-08-27 15:36:00,5352.14,Hyderabad,0
T02786,U0981,D0146,M066,2026-08-12 02:09:00,8619.8,Chennai,0
T02787,U0344,D0415,M086,2026-08-22 18:24:00,4839.47,Bangalore,0
T02788,U0327,D0274,M096,2026-08-29 19:50:00,6307.59,Bangalore,0
T02789,U0300,D0417,M042,2026-08-24 04:54:00,1539.49,Bangalore,0
T02790,U0640,D0338,M035,2026-08-26 18:23:00,1730.85,Pune,0
T02791,U0922,D0287,M072,2026-08-11 06:08:00,8296.96,Mumbai,0
T02792,U0212,D0461,M081,2026-08-02 22:52:00,8719.62,Mumbai,0
T02793,U0179,D0174,M073,2026-08-18 18:49:00,4553.3,Chennai,0
T02794,U0917,D0141,M087,2026-08-28 23:37:00,9498.94,Delhi,0
T02795,U0567,D0406,M046,2026-08-11 23:36:00,6029.89,Hyderabad,0
T02796,U0660,D0471,M035,2026-08-20 16:40:00,6038.24,Mumbai,0
T02797,U0218,D0363,M036,2026-08-07 14:59:00,7751.89,Bangalore,0
T02798,U0529,D0218,M076,2026-08-13 18:44:00,4698.62,Hyderabad,0
T02799,U0461,D0350,M067,2026-08-15 00:34:00,8568.25,Mumbai,0
T02800,U0674,D0325,M075,2026-08-27 19:57:00,6982.97,Pune,0
T02801,U0770,D0382,M099,2026-08-07 05:55:00,4746.35,Bangalore,0
T02802,U0859,D0326,M069,2026-08-25 05:53:00,5218.28,Pune,0
T02803,U0215,D0204,M060,2026-08-13 08:16:00,8760.04,Delhi,0
T02804,U0676,D0192,M066,2026-08-15 18:04:00,9081.45,Delhi,0
T02805,U0346,D0254,M065,2026-08-09 17:32:00,8274.78,Delhi,0
T02806,U0843,D0286,M061,2026-08-13 00:15:00,6017.83,Pune,0
T02807,U0825,D0172,M043,2026-08-14 10:14:00,1980.66,Pune,0
T02808,U0521,D0440,M095,2026-08-26 03:55:00,3279.31,Mumbai,0
T02809,U0746,D0342,M048,2026-08-06 08:01:00,7273.47,Hyderabad,0
T02810,U0804,D0202,M052,2026-08-28 05:19:00,7920.46,Hyderabad,0
T02811,U0338,D0407,M089,2026-08-18 01:35:00,2531.77,Mumbai,0
T02812,U0885,D0214,M098,2026-08-21 21:26:00,5420.35,Chennai,0
T02813,U0411,D0386,M035,2026-08-12 11:50:00,1331.85,Mumbai,0
T02814,U0983,D0357,M076,2026-08-01 03:34:00,758.81,Hyderabad,0
T02815,U0657,D0308,M096,2026-08-27 13:25:00,8229.47,Delhi,0
T02816,U0732,D0291,M051,2026-08-13 02:12:00,604.83,Mumbai,0
T02817,U0794,D0326,M039,2026-08-22 16:19:00,4428.01,Hyderabad,0
T02818,U0273,D0147,M049,2026-08-06 14:15:00,3677.22,Bangalore,0
T02819,U0193,D0111,M061,2026-08-05 21:22:00,5530.06,Hyderabad,0
T02820,U0281,D0477,M038,2026-08-20 06:19:00,2128.44,Pune,0
T02821,U0731,D0106,M027,2026-08-06 01:42:00,3442.3,Delhi,0
T02822,U0887,D0217,M062,2026-08-20 13:27:00,2482.73,Chennai,0
T02823,U0784,D0385,M099,2026-08-13 03:20:00,9285.73,Hyderabad,0
T02824,U0393,D0153,M028,2026-08-26 04:47:00,5882.79,Chennai,0
T02825,U0326,D0488,M075,2026-08-10 05:53:00,5462.94,Bangalore,0
T02826,U0315,D0122,M099,2026-08-28 22:47:00,9788.86,Hyderabad,0
T02827,U0979,D0324,M041,2026-08-05 08:30:00,2537.31,Mumbai,0
T02828,U0377,D0199,M084,2026-08-28 17:51:00,1739.86,Chennai,0
T02829,U0376,D0219,M039,2026-08-01 03:27:00,2463.83,Hyderabad,0
T02830,U0596,D0372,M075,2026-08-21 07:19:00,2212.54,Bangalore,0
T02831,U0234,D0285,M082,2026-08-21 03:21:00,1588.82,Mumbai,0
T02832,U0780,D0460,M074,2026-08-02 01:09:00,5458.52,Hyderabad,0
T02833,U0361,D0420,M088,2026-08-20 20:56:00,7916.92,Delhi,0
T02834,U0501,D0240,M028,2026-08-23 17:04:00,5124.84,Mumbai,0
T02835,U0603,D0386,M052,2026-08-17 23:22:00,1530.71,Bangalore,0
T02836,U0766,D0433,M074,2026-08-08 15:55:00,7901.89,Chennai,0
T02837,U0374,D0236,M071,2026-08-19 10:28:00,2814.0,Pune,0
T02838,U0448,D0194,M074,2026-08-28 07:50:00,8789.53,Bangalore,0
T02839,U0853,D0364,M057,2026-08-30 09:01:00,7006.05,Mumbai,0
T02840,U0881,D0485,M028,2026-08-18 16:44:00,5759.4,Hyderabad,0
T02841,U0541,D0086,M088,2026-08-20 20:32:00,7269.37,Mumbai,0
T02842,U0242,D0299,M058,2026-08-16 20:21:00,2362.71,Hyderabad,0
T02843,U0417,D0321,M046,2026-08-08 16:05:00,2269.45,Delhi,0
T02844,U0811,D0340,M093,2026-08-09 21:46:00,8474.44,Mumbai,0
T02845,U0524,D0100,M055,2026-08-05 02:16:00,7100.34,Chennai,0
T02846,U0245,D0391,M096,2026-08-03 06:41:00,2578.87,Delhi,0
T02847,U0412,D0307,M045,2026-08-14 08:12:00,1502.18,Mumbai,0
T02848,U0436,D0171,M055,2026-08-19 15:14:00,3184.82,Delhi,0
T02849,U0219,D0194,M037,2026-08-29 06:14:00,616.25,Pune,0
T02850,U0952,D0477,M048,2026-08-14 02:50:00,5524.59,Mumbai,0
T02851,U0322,D0196,M028,2026-08-09 21:24:00,6066.08,Bangalore,0
T02852,U0219,D0471,M038,2026-08-13 05:52:00,8191.17,Chennai,0
T02853,U0697,D0139,M085,2026-08-26 04:30:00,7632.52,Pune,0
T02854,U0334,D0154,M094,2026-08-09 12:02:00,2531.9,Bangalore,0
T02855,U0484,D0163,M060,2026-08-24 08:36:00,8151.73,Delhi,0
T02856,U0667,D0105,M076,2026-08-07 03:24:00,1753.31,Mumbai,0
T02857,U0310,D0143,M056,2026-08-28 17:09:00,8359.37,Delhi,0
T02858,U0952,D0218,M085,2026-08-12 04:28:00,4603.95,Pune,0
T02859,U0263,D0441,M057,2026-08-08 09:02:00,6437.35,Bangalore,0
T02860,U0219,D0269,M043,2026-08-01 00:37:00,2943.3,Delhi,0
T02861,U0969,D0326,M076,2026-08-26 01:05:00,5460.54,Mumbai,0
T02862,U0688,D0314,M092,2026-08-17 02:35:00,7885.21,Delhi,0
T02863,U0886,D0459,M077,2026-08-12 10:37:00,5282.36,Mumbai,0
T02864,U0321,D0333,M089,2026-08-06 17:53:00,8067.9,Chennai,0
T02865,U0226,D0383,M073,2026-08-14 13:58:00,1243.81,Mumbai,0
T02866,U0542,D0268,M064,2026-08-18 00:05:00,336.37,Mumbai,0
T02867,U0354,D0460,M028,2026-08-10 19:27:00,4411.82,Pune,0
T02868,U0919,D0151,M083,2026-08-27 20:54:00,7926.19,Pune,0
T02869,U0294,D0408,M064,2026-08-19 00:55:00,2520.47,Bangalore,0
T02870,U0383,D0300,M058,2026-08-23 03:41:00,4052.47,Pune,0
T02871,U0627,D0266,M052,2026-08-22 02:02:00,1391.1,Bangalore,0
T02872,U0402,D0150,M038,2026-08-14 10:40:00,3802.95,Hyderabad,0
T02873,U0627,D0273,M081,2026-08-04 13:19:00,6022.54,Hyderabad,0
T02874,U0991,D0338,M096,2026-08-22 17:07:00,501.19,Mumbai,0
T02875,U0220,D0256,M068,2026-08-09 19:19:00,3172.38,Delhi,0
T02876,U0320,D0081,M038,2026-08-07 15:24:00,7468.94,Delhi,0
T02877,U0427,D0106,M029,2026-08-24 04:31:00,2265.07,Delhi,0
T02878,U0531,D0088,M083,2026-08-19 08:38:00,3407.01,Delhi,0
T02879,U0622,D0253,M067,2026-08-13 23:12:00,3742.88,Delhi,0
T02880,U0750,D0139,M082,2026-08-23 04:29:00,4390.74,Delhi,0
T02881,U0188,D0417,M096,2026-08-26 18:36:00,5108.88,Chennai,0
T02882,U0995,D0269,M068,2026-08-21 00:26:00,7341.35,Pune,0
T02883,U0424,D0149,M044,2026-08-09 22:26:00,1022.58,Mumbai,0
T02884,U0433,D0277,M054,2026-08-02 21:45:00,535.73,Bangalore,0
T02885,U0287,D0175,M079,2026-08-26 21:49:00,2017.28,Chennai,0
T02886,U0588,D0356,M098,2026-08-12 14:41:00,9905.22,Chennai,0
T02887,U0151,D0109,M046,2026-08-02 16:55:00,2728.53,Mumbai,0
T02888,U0956,D0109,M054,2026-08-22 07:30:00,9159.83,Chennai,0
T02889,U0839,D0328,M040,2026-08-04 15:20:00,6727.23,Hyderabad,0
T02890,U0782,D0448,M073,2026-08-22 08:11:00,9561.12,Hyderabad,0
T02891,U0741,D0361,M096,2026-08-16 01:06:00,6352.09,Hyderabad,0
T02892,U0690,D0155,M092,2026-08-13 16:42:00,8081.27,Chennai,0
T02893,U0382,D0493,M028,2026-08-20 17:54:00,4885.62,Hyderabad,0
T02894,U0672,D0229,M089,2026-08-19 10:03:00,607.74,Delhi,0
T02895,U0458,D0486,M058,2026-08-05 20:19:00,8258.28,Delhi,0
T02896,U0379,D0477,M054,2026-08-12 07:41:00,4697.04,Chennai,0
T02897,U0251,D0433,M095,2026-08-24 00:30:00,3693.63,Pune,0
T02898,U0560,D0290,M098,2026-08-16 01:46:00,3060.94,Chennai,0
T02899,U0317,D0395,M087,2026-08-04 00:26:00,7772.16,Bangalore,0
T02900,U0597,D0283,M081,2026-08-08 00:15:00,4200.81,Bangalore,0
T02901,U0492,D0265,M041,2026-08-15 00:25:00,2433.25,Mumbai,0
T02902,U0556,D0377,M053,2026-08-19 10:42:00,4358.05,Chennai,0
T02903,U0444,D0200,M047,2026-08-16 07:07:00,1676.0,Hyderabad,0
T02904,U0758,D0268,M036,2026-08-05 13:56:00,912.74,Pune,0
T02905,U0159,D0152,M095,2026-08-20 12:04:00,4977.22,Bangalore,0
T02906,U0963,D0489,M045,2026-08-03 08:05:00,120.66,Chennai,0
T02907,U0184,D0144,M063,2026-08-17 16:36:00,6819.52,Pune,0
T02908,U0516,D0417,M099,2026-08-04 23:35:00,500.26,Hyderabad,0
T02909,U0489,D0127,M030,2026-08-27 12:38:00,915.22,Bangalore,0
T02910,U0780,D0076,M050,2026-08-08 17:36:00,8980.86,Mumbai,0
T02911,U0261,D0212,M063,2026-08-29 00:13:00,8384.81,Bangalore,0
T02912,U0778,D0221,M043,2026-08-03 22:56:00,4677.13,Hyderabad,0
T02913,U0312,D0405,M091,2026-08-05 08:59:00,5014.51,Chennai,0
T02914,U0856,D0221,M030,2026-08-18 21:41:00,8536.35,Pune,0
T02915,U0317,D0431,M086,2026-08-21 14:15:00,3651.64,Delhi,0
T02916,U0464,D0226,M077,2026-08-20 00:32:00,8088.96,Chennai,0
T02917,U0964,D0234,M067,2026-08-10 13:58:00,2482.74,Chennai,0
T02918,U0871,D0155,M030,2026-08-04 14:47:00,681.61,Bangalore,0
T02919,U0302,D0131,M083,2026-08-06 17:44:00,1578.34,Bangalore,0
T02920,U0440,D0470,M068,2026-08-15 13:28:00,5834.78,Pune,0
T02921,U0644,D0298,M078,2026-08-06 13:55:00,9305.75,Pune,0
T02922,U0838,D0358,M064,2026-08-10 13:07:00,8966.34,Pune,0
T02923,U0185,D0262,M046,2026-08-18 18:51:00,1995.74,Bangalore,0
T02924,U0201,D0092,M058,2026-08-18 17:30:00,1946.97,Mumbai,0
T02925,U0625,D0413,M076,2026-08-15 17:26:00,4551.16,Hyderabad,0
T02926,U0914,D0438,M080,2026-08-30 23:09:00,3216.4,Delhi,0
T02927,U0867,D0170,M026,2026-08-08 11:19:00,9547.47,Mumbai,0
T02928,U0246,D0325,M068,2026-08-07 17:50:00,516.05,Chennai,0
T02929,U0396,D0338,M089,2026-08-13 15:29:00,9082.34,Pune,0
T02930,U0335,D0289,M030,2026-08-01 10:04:00,6352.23,Pune,0
T02931,U0502,D0485,M073,2026-08-16 08:17:00,127.1,Mumbai,0
T02932,U0941,D0498,M090,2026-08-10 04:19:00,2189.51,Hyderabad,0
T02933,U0847,D0413,M090,2026-08-13 10:40:00,5355.6,Delhi,0
T02934,U0755,D0389,M051,2026-08-20 19:04:00,7720.15,Pune,0
T02935,U0970,D0096,M084,2026-08-27 21:30:00,5516.52,Delhi,0
T02936,U0924,D0309,M031,2026-08-13 22:44:00,3392.79,Mumbai,0
T02937,U0754,D0397,M034,2026-08-22 14:17:00,8312.57,Mumbai,0
T02938,U0625,D0387,M099,2026-08-11 12:15:00,9238.59,Delhi,0
T02939,U0379,D0306,M059,2026-08-14 15:59:00,8925.98,Bangalore,0
T02940,U0987,D0193,M100,2026-08-12 13:35:00,4008.64,Bangalore,0
T02941,U0694,D0193,M031,2026-08-11 02:15:00,9524.89,Mumbai,0
T02942,U0395,D0279,M026,2026-08-20 13:41:00,572.86,Bangalore,0
T02943,U0972,D0487,M061,2026-08-25 08:38:00,8162.8,Delhi,0
T02944,U0577,D0084,M090,2026-08-30 03:04:00,7901.14,Delhi,0
T02945,U0830,D0102,M089,2026-08-27 09:42:00,2212.8,Pune,0
T02946,U0716,D0223,M040,2026-08-11 16:30:00,9263.73,Mumbai,0
T02947,U0725,D0447,M068,2026-08-09 01:35:00,5496.13,Chennai,0
T02948,U0165,D0426,M080,2026-08-04 15:01:00,3354.87,Chennai,0
T02949,U0642,D0086,M038,2026-08-06 21:51:00,9317.71,Pune,0
T02950,U0415,D0162,M063,2026-08-12 16:48:00,4214.2,Mumbai,0
T02951,U0359,D0449,M046,2026-08-17 10:46:00,1066.28,Hyderabad,0
T02952,U0467,D0353,M096,2026-08-30 01:58:00,779.04,Chennai,0
T02953,U0275,D0077,M056,2026-08-04 00:04:00,7808.78,Hyderabad,0
T02954,U0334,D0134,M083,2026-08-16 08:40:00,1302.25,Delhi,0
T02955,U0627,D0337,M041,2026-08-22 21:38:00,6713.18,Hyderabad,0
T02956,U0955,D0118,M071,2026-08-05 04:31:00,3597.08,Mumbai,0
T02957,U0976,D0172,M095,2026-08-12 09:22:00,7280.62,Delhi,0
T02958,U0974,D0482,M037,2026-08-03 21:17:00,1706.69,Hyderabad,0
T02959,U0315,D0343,M094,2026-08-09 20:05:00,4839.03,Pune,0
T02960,U0510,D0091,M069,2026-08-18 17:11:00,7947.39,Mumbai,0
T02961,U0257,D0489,M091,2026-08-19 07:35:00,2202.36,Chennai,0
T02962,U0786,D0402,M087,2026-08-27 16:27:00,7502.57,Bangalore,0
T02963,U0913,D0192,M089,2026-08-26 08:53:00,7731.31,Mumbai,0
T02964,U0480,D0404,M073,2026-08-10 01:29:00,9009.71,Bangalore,0
T02965,U0614,D0172,M026,2026-08-26 23:37:00,3618.67,Pune,0
T02966,U0532,D0408,M069,2026-08-19 21:52:00,7522.35,Bangalore,0
T02967,U0473,D0313,M036,2026-08-07 02:27:00,8445.92,Delhi,0
T02968,U0684,D0363,M040,2026-08-27 23:35:00,1444.13,Mumbai,0
T02969,U0717,D0358,M069,2026-08-06 10:48:00,6286.97,Bangalore,0
T02970,U0956,D0402,M066,2026-08-12 04:44:00,3189.38,Mumbai,0
T02971,U0451,D0095,M039,2026-08-03 11:58:00,9396.58,Pune,0
T02972,U0291,D0432,M059,2026-08-18 06:36:00,9992.88,Hyderabad,0
T02973,U0499,D0286,M035,2026-08-25 03:57:00,3701.47,Mumbai,0
T02974,U0466,D0454,M064,2026-08-19 12:24:00,325.05,Hyderabad,0
T02975,U0486,D0170,M037,2026-08-07 06:06:00,9320.96,Delhi,0
T02976,U0764,D0127,M072,2026-08-06 03:50:00,1042.06,Hyderabad,0
T02977,U0937,D0246,M066,2026-08-06 15:08:00,1907.93,Chennai,0
T02978,U0747,D0485,M036,2026-08-11 12:52:00,585.88,Hyderabad,0
T02979,U0929,D0357,M095,2026-08-04 15:00:00,8134.61,Delhi,0
T02980,U0742,D0429,M095,2026-08-14 12:37:00,9072.56,Pune,0
T02981,U0455,D0127,M077,2026-08-02 20:29:00,3187.73,Mumbai,0
T02982,U0246,D0412,M068,2026-08-13 05:52:00,7436.83,Chennai,0
T02983,U0221,D0124,M026,2026-08-05 20:41:00,8924.88,Bangalore,0
T02984,U0631,D0490,M072,2026-08-19 11:26:00,5465.45,Hyderabad,0
T02985,U0313,D0378,M097,2026-08-12 06:25:00,911.89,Chennai,0
T02986,U0340,D0408,M098,2026-08-05 17:27:00,6345.3,Bangalore,0
T02987,U0632,D0187,M042,2026-08-08 16:59:00,7404.83,Pune,0
T02988,U0672,D0198,M078,2026-08-01 05:46:00,6845.97,Hyderabad,0
T02989,U0741,D0482,M050,2026-08-23 10:06:00,5520.88,Bangalore,0
T02990,U0591,D0184,M075,2026-08-09 18:13:00,8267.75,Hyderabad,0
T02991,U0503,D0145,M077,2026-08-27 21:16:00,4174.28,Delhi,0
T02992,U0445,D0213,M057,2026-08-29 01:15:00,8575.79,Bangalore,0
T02993,U0874,D0291,M058,2026-08-30 12:09:00,6092.03,Bangalore,0
T02994,U0268,D0283,M050,2026-08-12 12:16:00,6943.87,Delhi,0
T02995,U0339,D0492,M100,2026-08-06 11:02:00,9675.03,Chennai,0
T02996,U0286,D0440,M031,2026-08-11 12:09:00,9981.64,Pune,0
T02997,U0198,D0450,M035,2026-08-18 23:08:00,1416.32,Chennai,0
T02998,U0434,D0133,M099,2026-08-01 03:04:00,6553.34,Pune,0
T02999,U0264,D0500,M027,2026-08-19 19:29:00,1158.84,Chennai,0
T03000,U0608,D0149,M044,2026-08-30 11:44:00,7877.42,Hyderabad,0
T03001,U0483,D0286,M074,2026-08-24 14:44:00,6835.11,Mumbai,0
T03002,U0830,D0179,M044,2026-08-10 09:51:00,3953.19,Chennai,0
T03003,U0832,D0415,M057,2026-08-23 07:06:00,4940.24,Hyderabad,0
T03004,U0598,D0101,M058,2026-08-01 03:20:00,4389.6,Chennai,0
T03005,U0213,D0476,M033,2026-08-21 21:04:00,5290.39,Chennai,0
T03006,U0574,D0132,M062,2026-08-07 09:40:00,2906.12,Chennai,0
T03007,U0587,D0469,M027,2026-08-22 12:53:00,7878.38,Delhi,0
T03008,U0217,D0376,M084,2026-08-16 19:56:00,3101.64,Chennai,0
T03009,U0611,D0178,M061,2026-08-22 16:49:00,9638.73,Hyderabad,0
T03010,U0315,D0321,M054,2026-08-20 22:33:00,9057.58,Bangalore,0
T03011,U0950,D0196,M088,2026-08-18 12:03:00,2266.84,Delhi,0
T03012,U0672,D0404,M044,2026-08-05 23:57:00,2749.99,Hyderabad,0
T03013,U0685,D0206,M038,2026-08-13 08:53:00,8633.82,Delhi,0
T03014,U0969,D0234,M077,2026-08-01 22:10:00,723.38,Bangalore,0
T03015,U0398,D0220,M058,2026-08-12 02:50:00,7601.6,Pune,0
T03016,U0720,D0390,M099,2026-08-25 02:48:00,9226.09,Pune,0
T03017,U0659,D0346,M026,2026-08-07 18:51:00,9590.35,Hyderabad,0
T03018,U0937,D0429,M096,2026-08-20 02:27:00,5722.72,Bangalore,0
T03019,U0643,D0175,M049,2026-08-05 22:28:00,7352.93,Pune,0
T03020,U0933,D0293,M058,2026-08-13 09:01:00,5903.3,Pune,0
T03021,U0562,D0418,M098,2026-08-26 16:03:00,3633.19,Mumbai,0
T03022,U0634,D0395,M051,2026-08-12 03:28:00,3314.68,Hyderabad,0
T03023,U0516,D0317,M056,2026-08-25 05:37:00,3400.95,Chennai,0
T03024,U0592,D0363,M028,2026-08-04 11:18:00,1121.6,Chennai,0
T03025,U0387,D0286,M031,2026-08-10 07:52:00,4724.12,Delhi,0
T03026,U0907,D0113,M039,2026-08-25 23:10:00,4468.68,Chennai,0
T03027,U0377,D0453,M053,2026-08-10 22:37:00,3771.68,Bangalore,0
T03028,U0413,D0081,M078,2026-08-06 11:22:00,9914.02,Pune,0
T03029,U0753,D0306,M052,2026-08-05 06:06:00,3474.06,Chennai,0
T03030,U0777,D0136,M037,2026-08-12 09:24:00,7931.89,Delhi,0
T03031,U0915,D0398,M056,2026-08-03 00:14:00,4812.52,Hyderabad,0
T03032,U0705,D0161,M026,2026-08-23 06:43:00,8188.95,Chennai,0
T03033,U0965,D0286,M068,2026-08-05 13:19:00,978.23,Delhi,0
T03034,U0385,D0370,M061,2026-08-01 00:06:00,4328.35,Hyderabad,0
T03035,U0516,D0461,M083,2026-08-26 07:36:00,6989.8,Bangalore,0
T03036,U0907,D0125,M099,2026-08-01 23:19:00,6706.26,Chennai,0
T03037,U0327,D0497,M046,2026-08-11 15:49:00,7401.0,Pune,0
T03038,U0334,D0176,M052,2026-08-09 23:52:00,1413.02,Mumbai,0
T03039,U0213,D0414,M083,2026-08-11 06:26:00,6224.6,Bangalore,0
T03040,U0271,D0447,M052,2026-08-17 16:28:00,6308.59,Hyderabad,0
T03041,U0854,D0297,M045,2026-08-03 21:06:00,8352.83,Chennai,0
T03042,U0636,D0269,M026,2026-08-08 19:11:00,3807.9,Delhi,0
T03043,U0330,D0426,M079,2026-08-05 22:32:00,939.79,Chennai,0
T03044,U0367,D0113,M045,2026-08-19 21:20:00,1173.55,Chennai,0
T03045,U0867,D0492,M047,2026-08-13 02:41:00,7165.6,Pune,0
T03046,U0719,D0422,M093,2026-08-27 22:16:00,8999.85,Delhi,0
T03047,U0488,D0307,M046,2026-08-28 01:06:00,5375.19,Delhi,0
T03048,U0371,D0305,M080,2026-08-08 20:01:00,6148.39,Mumbai,0
T03049,U0436,D0237,M059,2026-08-28 14:13:00,2220.06,Pune,0
T03050,U0968,D0471,M028,2026-08-09 22:22:00,4117.58,Mumbai,0
T03051,U0942,D0350,M085,2026-08-05 03:25:00,8759.77,Bangalore,0
T03052,U0966,D0431,M042,2026-08-03 10:45:00,2374.4,Pune,0
T03053,U0697,D0133,M097,2026-08-22 19:32:00,4006.61,Pune,0
T03054,U0745,D0440,M043,2026-08-03 09:42:00,5227.75,Delhi,0
T03055,U0388,D0485,M042,2026-08-11 22:40:00,9089.21,Delhi,0
T03056,U0772,D0354,M035,2026-08-11 23:46:00,5436.13,Bangalore,0
T03057,U0498,D0344,M094,2026-08-05 06:10:00,2670.62,Hyderabad,0
T03058,U0713,D0145,M048,2026-08-03 00:04:00,4334.43,Chennai,0
T03059,U0294,D0487,M054,2026-08-29 22:57:00,984.89,Chennai,0
T03060,U0790,D0302,M035,2026-08-20 05:04:00,7237.11,Delhi,0
T03061,U0233,D0453,M067,2026-08-21 23:25:00,1729.88,Hyderabad,0
T03062,U0496,D0091,M030,2026-08-01 12:35:00,7822.47,Pune,0
T03063,U0858,D0088,M029,2026-08-04 19:21:00,3292.72,Pune,0
T03064,U0978,D0402,M100,2026-08-04 16:32:00,918.06,Chennai,0
T03065,U0643,D0488,M038,2026-08-20 23:28:00,7858.13,Delhi,0
T03066,U0814,D0266,M033,2026-08-29 17:03:00,7509.87,Delhi,0
T03067,U0177,D0444,M045,2026-08-17 01:56:00,3197.16,Pune,0
T03068,U0268,D0482,M090,2026-08-30 09:10:00,2969.63,Hyderabad,0
T03069,U0418,D0157,M036,2026-08-25 20:07:00,8146.38,Delhi,0
T03070,U0835,D0371,M095,2026-08-22 16:46:00,2943.12,Delhi,0
T03071,U0937,D0115,M045,2026-08-08 23:56:00,8261.13,Hyderabad,0
T03072,U0664,D0394,M031,2026-08-15 07:05:00,3856.51,Bangalore,0
T03073,U0670,D0298,M085,2026-08-02 04:40:00,537.05,Bangalore,0
T03074,U0153,D0414,M059,2026-08-12 04:16:00,3841.17,Pune,0
T03075,U0500,D0121,M072,2026-08-24 11:29:00,2823.29,Chennai,0
T03076,U0565,D0269,M098,2026-08-06 14:17:00,2434.44,Chennai,0
T03077,U0967,D0213,M091,2026-08-11 08:52:00,9907.61,Hyderabad,0
T03078,U0828,D0101,M072,2026-08-15 02:44:00,8233.62,Delhi,0
T03079,U0535,D0449,M031,2026-08-26 03:31:00,7171.45,Pune,0
T03080,U0632,D0103,M078,2026-08-10 11:06:00,2479.86,Delhi,0
T03081,U0779,D0361,M084,2026-08-29 03:07:00,3615.26,Bangalore,0
T03082,U0941,D0395,M093,2026-08-09 09:48:00,1345.09,Bangalore,0
T03083,U0425,D0486,M032,2026-08-06 13:42:00,8665.99,Hyderabad,0
T03084,U0692,D0139,M097,2026-08-25 02:07:00,7411.21,Hyderabad,0
T03085,U0791,D0451,M059,2026-08-30 07:10:00,1856.71,Mumbai,0
T03086,U0661,D0203,M092,2026-08-09 19:44:00,3843.07,Chennai,0
T03087,U0692,D0407,M034,2026-08-19 04:35:00,2751.21,Chennai,0
T03088,U0840,D0109,M044,2026-08-19 04:59:00,6228.84,Hyderabad,0
T03089,U0894,D0163,M092,2026-08-27 00:08:00,6487.34,Pune,0
T03090,U0899,D0233,M078,2026-08-14 13:02:00,1670.07,Chennai,0
T03091,U0580,D0463,M042,2026-08-17 18:14:00,7250.27,Delhi,0
T03092,U0592,D0185,M039,2026-08-15 02:08:00,9611.66,Hyderabad,0
T03093,U0235,D0312,M031,2026-08-18 18:11:00,2987.09,Pune,0
T03094,U0550,D0156,M071,2026-08-18 00:08:00,7600.81,Bangalore,0
T03095,U0342,D0282,M055,2026-08-17 19:05:00,3465.31,Pune,0
T03096,U0342,D0226,M050,2026-08-02 01:24:00,6719.78,Mumbai,0
T03097,U0537,D0233,M078,2026-08-13 17:36:00,8644.53,Delhi,0
T03098,U0740,D0493,M093,2026-08-23 23:49:00,9171.12,Bangalore,0
T03099,U0941,D0191,M039,2026-08-17 18:21:00,2490.29,Pune,0
T03100,U0663,D0341,M048,2026-08-13 12:50:00,3382.36,Chennai,0
T03101,U0627,D0388,M033,2026-08-16 11:17:00,471.66,Pune,0
T03102,U0805,D0105,M063,2026-08-11 20:51:00,2125.93,Chennai,0
T03103,U0364,D0467,M071,2026-08-09 20:15:00,8302.4,Hyderabad,0
T03104,U0752,D0237,M041,2026-08-18 23:08:00,7311.67,Chennai,0
T03105,U0976,D0128,M037,2026-08-05 07:18:00,7141.92,Mumbai,0
T03106,U0689,D0314,M041,2026-08-25 18:36:00,578.47,Chennai,0
T03107,U0397,D0379,M037,2026-08-29 17:04:00,6819.95,Mumbai,0
T03108,U0372,D0144,M077,2026-08-30 07:27:00,3297.9,Chennai,0
T03109,U0191,D0284,M030,2026-08-04 11:55:00,9566.48,Delhi,0
T03110,U0930,D0334,M089,2026-08-15 21:39:00,9915.08,Bangalore,0
T03111,U0623,D0332,M078,2026-08-26 03:31:00,7230.83,Delhi,0
T03112,U0159,D0081,M049,2026-08-10 11:57:00,8221.45,Bangalore,0
T03113,U0751,D0130,M068,2026-08-19 21:18:00,1208.94,Chennai,0
T03114,U0762,D0344,M027,2026-08-12 02:56:00,6915.13,Hyderabad,0
T03115,U0634,D0402,M089,2026-08-13 00:14:00,7319.69,Delhi,0
T03116,U0273,D0447,M079,2026-08-01 03:21:00,8834.58,Pune,0
T03117,U0369,D0276,M073,2026-08-28 18:00:00,7941.62,Chennai,0
T03118,U0210,D0115,M065,2026-08-28 11:23:00,802.04,Bangalore,0
T03119,U0689,D0403,M099,2026-08-14 01:18:00,1177.68,Hyderabad,0
T03120,U0382,D0194,M076,2026-08-25 02:46:00,4825.73,Bangalore,0
T03121,U0751,D0147,M078,2026-08-09 20:40:00,1788.95,Pune,0
T03122,U0312,D0186,M090,2026-08-07 17:31:00,827.67,Mumbai,0
T03123,U0432,D0247,M069,2026-08-20 00:51:00,859.77,Hyderabad,0
T03124,U0188,D0432,M063,2026-08-06 22:03:00,5244.83,Mumbai,0
T03125,U0916,D0097,M072,2026-08-29 16:39:00,310.42,Hyderabad,0
T03126,U0394,D0328,M076,2026-08-20 12:13:00,4410.18,Pune,0
T03127,U0198,D0341,M038,2026-08-06 07:15:00,7488.79,Mumbai,0
T03128,U0950,D0085,M031,2026-08-09 18:44:00,8760.81,Bangalore,0
T03129,U0683,D0180,M072,2026-08-18 18:37:00,4038.52,Delhi,0
T03130,U0241,D0494,M029,2026-08-18 13:55:00,1624.52,Mumbai,0
T03131,U0225,D0240,M053,2026-08-05 13:10:00,9532.59,Chennai,0
T03132,U0411,D0250,M071,2026-08-03 08:51:00,8192.24,Delhi,0
T03133,U0714,D0169,M081,2026-08-27 00:49:00,1176.86,Pune,0
T03134,U0647,D0293,M097,2026-08-30 07:35:00,9033.94,Delhi,0
T03135,U0366,D0344,M059,2026-08-14 05:11:00,7521.67,Bangalore,0
T03136,U0269,D0199,M064,2026-08-26 05:41:00,149.09,Delhi,0
T03137,U0609,D0475,M050,2026-08-16 14:13:00,3054.56,Mumbai,0
T03138,U0834,D0357,M093,2026-08-07 05:05:00,4133.83,Chennai,0
T03139,U0390,D0406,M073,2026-08-28 23:12:00,7266.19,Bangalore,0
T03140,U0255,D0417,M073,2026-08-21 13:11:00,6941.97,Bangalore,0
T03141,U0771,D0496,M032,2026-08-24 02:12:00,3745.6,Delhi,0
T03142,U0745,D0438,M034,2026-08-14 04:02:00,2929.07,Chennai,0
T03143,U0167,D0441,M083,2026-08-12 14:47:00,5870.7,Chennai,0
T03144,U0563,D0463,M099,2026-08-29 09:19:00,9431.65,Mumbai,0
T03145,U0936,D0395,M099,2026-08-18 02:32:00,8708.84,Pune,0
T03146,U0454,D0358,M084,2026-08-05 01:55:00,8902.6,Hyderabad,0
T03147,U0299,D0350,M072,2026-08-27 08:43:00,3902.58,Delhi,0
T03148,U0405,D0151,M068,2026-08-26 17:30:00,1119.15,Bangalore,0
T03149,U0941,D0332,M065,2026-08-26 22:01:00,6225.96,Chennai,0
T03150,U0330,D0173,M039,2026-08-09 10:01:00,8407.95,Chennai,0
T03151,U0452,D0475,M044,2026-08-20 13:32:00,4101.7,Delhi,0
T03152,U0207,D0284,M028,2026-08-26 09:23:00,4782.48,Mumbai,0
T03153,U0806,D0136,M084,2026-08-20 00:14:00,9726.19,Bangalore,0
T03154,U0808,D0302,M048,2026-08-10 19:49:00,3164.07,Pune,0
T03155,U0384,D0342,M054,2026-08-15 19:50:00,6734.45,Delhi,0
T03156,U0521,D0408,M057,2026-08-24 16:12:00,1471.38,Delhi,0
T03157,U0926,D0084,M062,2026-08-01 03:21:00,8982.78,Mumbai,0
T03158,U0830,D0136,M044,2026-08-26 18:30:00,6139.07,Hyderabad,0
T03159,U0181,D0357,M044,2026-08-19 11:42:00,5946.07,Hyderabad,0
T03160,U0708,D0422,M044,2026-08-20 18:12:00,6643.09,Bangalore,0
T03161,U0953,D0357,M074,2026-08-27 01:46:00,3845.13,Mumbai,0
T03162,U0796,D0113,M053,2026-08-01 16:18:00,5661.76,Mumbai,0
T03163,U0251,D0420,M044,2026-08-09 15:50:00,8091.6,Hyderabad,0
T03164,U0736,D0248,M041,2026-08-12 11:10:00,8448.75,Hyderabad,0
T03165,U0559,D0353,M045,2026-08-11 22:48:00,5917.35,Hyderabad,0
T03166,U0672,D0215,M031,2026-08-02 08:10:00,8342.05,Chennai,0
T03167,U0640,D0461,M054,2026-08-01 01:04:00,164.48,Delhi,0
T03168,U0595,D0383,M076,2026-08-18 17:12:00,719.79,Bangalore,0
T03169,U0270,D0466,M075,2026-08-23 22:23:00,2100.38,Bangalore,0
T03170,U0835,D0174,M068,2026-08-02 03:50:00,574.37,Bangalore,0
T03171,U0535,D0346,M033,2026-08-28 20:32:00,6518.02,Bangalore,0
T03172,U0451,D0398,M035,2026-08-15 15:02:00,637.8,Mumbai,0
T03173,U0943,D0166,M092,2026-08-09 21:58:00,8731.22,Mumbai,0
T03174,U0808,D0286,M044,2026-08-03 06:56:00,7326.77,Chennai,0
T03175,U0803,D0219,M060,2026-08-01 18:22:00,8967.61,Mumbai,0
T03176,U0604,D0382,M062,2026-08-18 18:47:00,1706.89,Pune,0
T03177,U0610,D0147,M077,2026-08-19 17:37:00,6746.79,Delhi,0
T03178,U0291,D0252,M028,2026-08-26 06:42:00,8006.8,Pune,0
T03179,U0654,D0447,M086,2026-08-18 11:56:00,9238.59,Chennai,0
T03180,U0729,D0434,M034,2026-08-12 23:51:00,325.08,Delhi,0
T03181,U0841,D0349,M059,2026-08-04 01:21:00,9705.94,Chennai,0
T03182,U0358,D0308,M055,2026-08-05 01:24:00,9378.69,Hyderabad,0
T03183,U0517,D0442,M047,2026-08-10 05:18:00,3512.94,Mumbai,0
T03184,U0262,D0315,M095,2026-08-04 14:27:00,4696.12,Chennai,0
T03185,U0319,D0423,M039,2026-08-04 13:50:00,6068.98,Bangalore,0
T03186,U0539,D0133,M054,2026-08-20 04:49:00,2455.93,Delhi,0
T03187,U0836,D0238,M042,2026-08-22 06:53:00,5007.91,Delhi,0
T03188,U0504,D0268,M041,2026-08-09 15:57:00,2260.71,Bangalore,0
T03189,U0834,D0355,M063,2026-08-14 23:25:00,2719.53,Bangalore,0
T03190,U0894,D0162,M100,2026-08-15 16:49:00,573.08,Mumbai,0
T03191,U0452,D0337,M031,2026-08-05 07:14:00,4368.48,Hyderabad,0
T03192,U0205,D0197,M083,2026-08-10 07:47:00,6852.28,Bangalore,0
T03193,U0558,D0316,M094,2026-08-05 22:16:00,9284.07,Mumbai,0
T03194,U0909,D0480,M089,2026-08-24 08:45:00,1786.15,Chennai,0
T03195,U0227,D0083,M046,2026-08-30 02:01:00,1013.46,Mumbai,0
T03196,U0991,D0377,M094,2026-08-09 07:13:00,1113.15,Chennai,0
T03197,U0418,D0341,M079,2026-08-08 19:27:00,5767.95,Hyderabad,0
T03198,U0903,D0500,M088,2026-08-28 14:27:00,4435.52,Mumbai,0
T03199,U0997,D0194,M095,2026-08-12 01:27:00,8778.77,Delhi,0
T03200,U0332,D0354,M066,2026-08-19 14:06:00,388.65,Chennai,0
T03201,U0737,D0460,M083,2026-08-02 01:01:00,4978.98,Pune,0
T03202,U0753,D0354,M080,2026-08-19 07:56:00,6839.38,Bangalore,0
T03203,U0615,D0320,M033,2026-08-19 07:48:00,8622.95,Mumbai,0
T03204,U0392,D0283,M092,2026-08-07 16:03:00,8615.0,Bangalore,0
T03205,U0524,D0467,M026,2026-08-18 02:49:00,5452.14,Bangalore,0
T03206,U0825,D0163,M049,2026-08-11 04:34:00,6328.83,Hyderabad,0
T03207,U0841,D0157,M037,2026-08-18 21:39:00,6819.6,Pune,0
T03208,U0525,D0083,M068,2026-08-25 12:48:00,9889.85,Bangalore,0
T03209,U0854,D0211,M077,2026-08-26 21:58:00,1588.37,Bangalore,0
T03210,U0686,D0409,M048,2026-08-04 07:27:00,9818.85,Chennai,0
T03211,U0486,D0366,M076,2026-08-21 18:51:00,7574.13,Bangalore,0
T03212,U0721,D0378,M094,2026-08-13 05:17:00,2428.67,Delhi,0
T03213,U0774,D0353,M062,2026-08-25 21:10:00,8693.97,Chennai,0
T03214,U0280,D0095,M068,2026-08-02 13:02:00,9518.86,Pune,0
T03215,U0898,D0193,M095,2026-08-20 17:06:00,9752.59,Delhi,0
T03216,U0884,D0430,M058,2026-08-24 02:10:00,9693.75,Pune,0
T03217,U0284,D0228,M069,2026-08-28 17:59:00,5170.84,Pune,0
T03218,U0218,D0407,M036,2026-08-13 21:43:00,3533.12,Pune,0
T03219,U0709,D0335,M084,2026-08-02 15:06:00,6983.28,Mumbai,0
T03220,U0244,D0258,M048,2026-08-11 16:59:00,8962.44,Mumbai,0
T03221,U0609,D0275,M087,2026-08-09 22:04:00,5438.77,Pune,0
T03222,U0342,D0089,M083,2026-08-13 12:15:00,3866.44,Bangalore,0
T03223,U0779,D0108,M085,2026-08-23 12:33:00,6143.28,Mumbai,0
T03224,U0544,D0353,M045,2026-08-29 09:10:00,5788.47,Mumbai,0
T03225,U0668,D0330,M045,2026-08-06 21:26:00,3269.15,Delhi,0
T03226,U0351,D0328,M030,2026-08-30 06:39:00,5368.19,Pune,0
T03227,U0687,D0076,M077,2026-08-30 06:55:00,1943.75,Pune,0
T03228,U0962,D0197,M073,2026-08-03 08:39:00,6985.47,Bangalore,0
T03229,U0830,D0260,M075,2026-08-18 08:05:00,7304.12,Hyderabad,0
T03230,U0853,D0309,M098,2026-08-02 17:51:00,403.28,Bangalore,0
T03231,U0322,D0219,M095,2026-08-09 00:08:00,7805.95,Hyderabad,0
T03232,U0534,D0213,M058,2026-08-09 07:23:00,9348.89,Mumbai,0
T03233,U0622,D0379,M076,2026-08-09 22:12:00,1489.51,Delhi,0
T03234,U0452,D0171,M057,2026-08-29 20:26:00,9521.23,Pune,0
T03235,U0696,D0454,M099,2026-08-13 06:05:00,7916.4,Chennai,0
T03236,U0350,D0355,M099,2026-08-05 16:36:00,3467.84,Chennai,0
T03237,U0417,D0116,M067,2026-08-09 11:49:00,5377.1,Hyderabad,0
T03238,U0890,D0323,M048,2026-08-16 15:01:00,3951.86,Delhi,0
T03239,U0326,D0282,M054,2026-08-11 02:46:00,3498.92,Delhi,0
T03240,U0951,D0427,M073,2026-08-05 15:39:00,2313.18,Delhi,0
T03241,U0259,D0362,M076,2026-08-17 19:17:00,3721.46,Pune,0
T03242,U0652,D0341,M059,2026-08-18 13:55:00,9500.81,Delhi,0
T03243,U0483,D0084,M067,2026-08-23 04:46:00,7752.73,Hyderabad,0
T03244,U0995,D0209,M054,2026-08-01 08:18:00,2022.18,Pune,0
T03245,U0789,D0137,M091,2026-08-27 06:11:00,837.65,Bangalore,0
T03246,U0643,D0382,M087,2026-08-08 12:01:00,564.21,Delhi,0
T03247,U0872,D0246,M100,2026-08-11 17:47:00,2764.42,Bangalore,0
T03248,U0239,D0262,M052,2026-08-18 22:55:00,3145.05,Hyderabad,0
T03249,U0451,D0308,M039,2026-08-15 20:55:00,8293.23,Chennai,0
T03250,U0260,D0186,M048,2026-08-17 15:53:00,6231.86,Chennai,0
T03251,U0988,D0290,M086,2026-08-24 20:55:00,1064.04,Mumbai,0
T03252,U0609,D0238,M031,2026-08-01 17:32:00,9602.02,Hyderabad,0
T03253,U0304,D0432,M039,2026-08-13 21:38:00,9508.83,Bangalore,0
T03254,U0187,D0473,M071,2026-08-09 01:41:00,4620.67,Delhi,0
T03255,U0692,D0138,M093,2026-08-22 12:31:00,5658.71,Delhi,0
T03256,U0901,D0143,M087,2026-08-01 07:20:00,2789.65,Chennai,0
T03257,U0391,D0339,M093,2026-08-26 09:16:00,8578.89,Hyderabad,0
T03258,U0562,D0159,M043,2026-08-16 01:25:00,5618.33,Mumbai,0
T03259,U0577,D0105,M067,2026-08-27 13:24:00,5113.75,Mumbai,0
T03260,U0702,D0302,M061,2026-08-14 14:12:00,8639.67,Chennai,0
T03261,U0655,D0437,M069,2026-08-24 05:17:00,3439.12,Pune,0
T03262,U0836,D0219,M095,2026-08-29 18:30:00,3461.41,Delhi,0
T03263,U0583,D0262,M066,2026-08-28 22:16:00,2951.52,Delhi,0
T03264,U0282,D0231,M041,2026-08-04 18:38:00,8142.94,Mumbai,0
T03265,U0491,D0089,M043,2026-08-01 06:50:00,8836.65,Bangalore,0
T03266,U0310,D0486,M065,2026-08-17 22:52:00,6427.73,Delhi,0
T03267,U0813,D0194,M035,2026-08-11 18:14:00,1398.17,Bangalore,0
T03268,U0969,D0242,M066,2026-08-04 03:37:00,2162.6,Hyderabad,0
T03269,U0499,D0322,M030,2026-08-24 17:55:00,2120.5,Pune,0
T03270,U0586,D0360,M049,2026-08-05 13:37:00,2910.7,Hyderabad,0
T03271,U0683,D0344,M075,2026-08-18 13:25:00,5905.69,Pune,0
T03272,U0653,D0149,M089,2026-08-11 02:34:00,4288.42,Pune,0
T03273,U0958,D0301,M063,2026-08-30 06:29:00,4191.47,Pune,0
T03274,U0157,D0142,M072,2026-08-24 10:51:00,9849.42,Pune,0
T03275,U0322,D0264,M062,2026-08-10 12:26:00,9502.06,Bangalore,0
T03276,U0689,D0187,M048,2026-08-25 17:29:00,8096.52,Bangalore,0
T03277,U0905,D0144,M050,2026-08-03 20:43:00,1350.32,Delhi,0
T03278,U0297,D0406,M026,2026-08-29 12:45:00,3118.21,Bangalore,0
T03279,U0211,D0269,M027,2026-08-05 02:08:00,5243.95,Mumbai,0
T03280,U0419,D0326,M046,2026-08-10 06:46:00,7203.69,Mumbai,0
T03281,U0504,D0088,M094,2026-08-08 12:17:00,7692.66,Mumbai,0
T03282,U0682,D0437,M037,2026-08-21 18:06:00,1851.72,Chennai,0
T03283,U0509,D0321,M085,2026-08-15 14:27:00,2677.37,Hyderabad,0
T03284,U0726,D0397,M060,2026-08-23 00:28:00,1443.1,Chennai,0
T03285,U0735,D0092,M067,2026-08-07 11:35:00,6224.25,Delhi,0
T03286,U0987,D0473,M084,2026-08-18 09:41:00,9006.55,Delhi,0
T03287,U0397,D0449,M039,2026-08-18 20:42:00,625.65,Chennai,0
T03288,U0886,D0301,M041,2026-08-30 08:58:00,4740.85,Bangalore,0
T03289,U0619,D0427,M053,2026-08-10 00:37:00,4484.69,Pune,0
T03290,U0896,D0187,M098,2026-08-30 19:52:00,5867.29,Chennai,0
T03291,U0180,D0242,M049,2026-08-08 20:27:00,1636.4,Delhi,0
T03292,U0780,D0185,M078,2026-08-08 18:59:00,9557.89,Pune,0
T03293,U0588,D0485,M067,2026-08-30 21:53:00,8553.29,Bangalore,0
T03294,U0806,D0231,M056,2026-08-26 04:10:00,5551.52,Chennai,0
T03295,U0321,D0242,M072,2026-08-12 03:04:00,7914.58,Delhi,0
T03296,U0359,D0239,M097,2026-08-15 00:29:00,2741.1,Bangalore,0
T03297,U0651,D0447,M085,2026-08-23 10:35:00,2266.77,Mumbai,0
T03298,U0447,D0202,M028,2026-08-26 23:43:00,3392.98,Hyderabad,0
T03299,U0742,D0491,M089,2026-08-28 19:36:00,7183.36,Bangalore,0
T03300,U0335,D0304,M100,2026-08-20 23:16:00,126.61,Delhi,0
T03301,U0329,D0301,M034,2026-08-08 09:02:00,648.83,Chennai,0
T03302,U0833,D0381,M085,2026-08-24 23:37:00,9115.57,Pune,0
T03303,U0266,D0185,M088,2026-08-15 21:02:00,1468.93,Delhi,0
T03304,U0682,D0200,M042,2026-08-07 19:00:00,377.98,Pune,0
T03305,U0921,D0126,M043,2026-08-17 13:55:00,4031.6,Pune,0
T03306,U0206,D0356,M050,2026-08-08 21:15:00,472.81,Bangalore,0
T03307,U0422,D0465,M096,2026-08-23 06:03:00,6105.14,Pune,0
T03308,U0627,D0341,M090,2026-08-24 00:35:00,8649.87,Mumbai,0
T03309,U0508,D0426,M052,2026-08-17 22:32:00,6706.74,Hyderabad,0
T03310,U0340,D0197,M094,2026-08-18 22:43:00,9250.6,Bangalore,0
T03311,U0357,D0084,M061,2026-08-14 17:58:00,2439.24,Mumbai,0
T03312,U0811,D0117,M099,2026-08-27 02:47:00,3275.27,Mumbai,0
T03313,U0219,D0253,M046,2026-08-10 13:25:00,8732.87,Delhi,0
T03314,U0246,D0087,M045,2026-08-30 06:13:00,5814.17,Pune,0
T03315,U0751,D0459,M070,2026-08-02 02:14:00,1015.5,Chennai,0
T03316,U0640,D0217,M091,2026-08-09 18:38:00,661.22,Chennai,0
T03317,U0156,D0371,M079,2026-08-22 09:28:00,918.21,Pune,0
T03318,U0758,D0331,M037,2026-08-28 16:51:00,9677.4,Chennai,0
T03319,U0558,D0100,M045,2026-08-07 21:47:00,1244.04,Chennai,0
T03320,U0271,D0427,M084,2026-08-19 15:57:00,4718.87,Pune,0
T03321,U0293,D0103,M040,2026-08-28 13:44:00,7736.63,Pune,0
T03322,U0242,D0135,M040,2026-08-18 09:52:00,4086.69,Chennai,0
T03323,U0336,D0097,M041,2026-08-29 02:29:00,7244.54,Mumbai,0
T03324,U0290,D0446,M069,2026-08-25 01:58:00,7623.52,Chennai,0
T03325,U0353,D0394,M053,2026-08-02 16:26:00,3006.76,Chennai,0
T03326,U0592,D0270,M069,2026-08-10 11:37:00,5407.87,Pune,0
T03327,U0334,D0309,M064,2026-08-24 17:03:00,1125.93,Hyderabad,0
T03328,U0331,D0127,M037,2026-08-13 22:41:00,324.82,Delhi,0
T03329,U0850,D0278,M093,2026-08-07 09:35:00,9227.1,Bangalore,0
T03330,U0741,D0416,M067,2026-08-07 03:03:00,1586.27,Hyderabad,0
T03331,U0535,D0141,M028,2026-08-27 21:58:00,2017.17,Hyderabad,0
T03332,U0509,D0445,M074,2026-08-04 00:06:00,8123.6,Pune,0
T03333,U0821,D0076,M053,2026-08-26 21:21:00,6002.41,Chennai,0
T03334,U0948,D0431,M100,2026-08-23 14:22:00,8252.59,Bangalore,0
T03335,U0385,D0308,M041,2026-08-07 10:58:00,2827.07,Mumbai,0
T03336,U0518,D0357,M067,2026-08-25 13:25:00,3730.24,Hyderabad,0
T03337,U0931,D0142,M053,2026-08-02 05:32:00,2667.64,Bangalore,0
T03338,U0911,D0474,M045,2026-08-02 04:00:00,1494.37,Mumbai,0
T03339,U0206,D0292,M041,2026-08-17 11:12:00,6181.09,Mumbai,0
T03340,U0387,D0361,M089,2026-08-13 15:34:00,697.06,Delhi,0
T03341,U0785,D0107,M082,2026-08-04 21:15:00,4369.1,Delhi,0
T03342,U0173,D0287,M055,2026-08-06 21:58:00,1352.18,Hyderabad,0
T03343,U0694,D0408,M039,2026-08-16 13:58:00,3262.41,Chennai,0
T03344,U0998,D0426,M026,2026-08-11 02:18:00,7041.89,Hyderabad,0
T03345,U0184,D0203,M033,2026-08-06 16:11:00,266.92,Hyderabad,0
T03346,U0566,D0330,M098,2026-08-30 02:52:00,4569.59,Mumbai,0
T03347,U0956,D0233,M034,2026-08-17 21:06:00,4483.84,Pune,0
T03348,U0948,D0254,M073,2026-08-13 23:20:00,4309.18,Chennai,0
T03349,U0403,D0204,M087,2026-08-05 20:14:00,1454.91,Hyderabad,0
T03350,U0623,D0298,M026,2026-08-06 00:45:00,536.82,Bangalore,0
T03351,U0938,D0136,M091,2026-08-06 13:57:00,483.43,Bangalore,0
T03352,U0976,D0453,M078,2026-08-26 04:56:00,2375.52,Mumbai,0
T03353,U0559,D0217,M037,2026-08-23 06:06:00,1702.56,Delhi,0
T03354,U0194,D0354,M027,2026-08-24 12:32:00,1064.54,Pune,0
T03355,U0837,D0263,M083,2026-08-05 21:18:00,1566.51,Bangalore,0
T03356,U0888,D0131,M069,2026-08-03 18:24:00,4688.21,Chennai,0
T03357,U0671,D0097,M078,2026-08-21 14:45:00,1106.5,Bangalore,0
T03358,U0624,D0440,M055,2026-08-16 02:47:00,889.11,Bangalore,0
T03359,U0983,D0223,M072,2026-08-25 03:39:00,9543.49,Mumbai,0
T03360,U0458,D0178,M077,2026-08-08 23:07:00,1230.64,Chennai,0
T03361,U0176,D0084,M098,2026-08-20 19:14:00,1899.09,Delhi,0
T03362,U0691,D0422,M071,2026-08-21 08:02:00,4316.49,Mumbai,0
T03363,U0761,D0205,M089,2026-08-02 08:25:00,2125.16,Delhi,0
T03364,U0156,D0246,M051,2026-08-10 02:51:00,6108.93,Chennai,0
T03365,U0993,D0490,M082,2026-08-12 13:40:00,8399.47,Mumbai,0
T03366,U0598,D0497,M045,2026-08-04 14:12:00,3597.01,Bangalore,0
T03367,U0688,D0199,M043,2026-08-22 14:49:00,287.91,Bangalore,0
T03368,U0423,D0282,M079,2026-08-20 08:49:00,1091.66,Hyderabad,0
T03369,U0792,D0377,M029,2026-08-04 02:04:00,7971.52,Bangalore,0
T03370,U0608,D0377,M088,2026-08-22 06:28:00,1330.8,Hyderabad,0
T03371,U0189,D0086,M059,2026-08-27 15:35:00,2435.92,Delhi,0
T03372,U0220,D0496,M098,2026-08-29 17:18:00,6994.74,Delhi,0
T03373,U0154,D0237,M057,2026-08-03 23:50:00,3234.99,Chennai,0
T03374,U0194,D0206,M090,2026-08-02 17:23:00,8097.54,Hyderabad,0
T03375,U0813,D0382,M089,2026-08-18 23:26:00,7854.93,Delhi,0
T03376,U0655,D0403,M054,2026-08-30 11:49:00,744.67,Mumbai,0
T03377,U0755,D0300,M041,2026-08-19 20:49:00,3883.99,Delhi,0
T03378,U0918,D0225,M039,2026-08-19 16:47:00,9089.95,Bangalore,0
T03379,U0303,D0186,M088,2026-08-14 01:06:00,9530.21,Mumbai,0
T03380,U0642,D0368,M060,2026-08-12 07:08:00,2409.66,Chennai,0
T03381,U0931,D0241,M081,2026-08-09 07:54:00,2188.26,Pune,0
T03382,U0678,D0418,M063,2026-08-27 12:38:00,5727.78,Bangalore,0
T03383,U0776,D0304,M027,2026-08-04 01:10:00,7143.72,Hyderabad,0
T03384,U0320,D0296,M043,2026-08-02 04:44:00,2221.99,Bangalore,0
T03385,U0678,D0311,M095,2026-08-08 19:21:00,1146.34,Mumbai,0
T03386,U0207,D0157,M029,2026-08-29 17:01:00,8052.17,Pune,0
T03387,U0416,D0124,M095,2026-08-04 19:24:00,2428.59,Pune,0
T03388,U0869,D0460,M099,2026-08-24 08:17:00,5995.19,Delhi,0
T03389,U0610,D0151,M040,2026-08-04 19:12:00,9762.51,Bangalore,0
T03390,U0899,D0351,M090,2026-08-29 11:42:00,5917.71,Hyderabad,0
T03391,U0828,D0336,M029,2026-08-04 05:07:00,9708.03,Mumbai,0
T03392,U0417,D0231,M094,2026-08-07 06:59:00,1691.09,Bangalore,0
T03393,U0613,D0258,M092,2026-08-24 08:29:00,7400.71,Chennai,0
T03394,U0735,D0301,M090,2026-08-18 00:17:00,4432.91,Bangalore,0
T03395,U0703,D0164,M033,2026-08-02 04:03:00,2669.06,Bangalore,0
T03396,U0579,D0318,M066,2026-08-22 12:56:00,6699.18,Chennai,0
T03397,U0344,D0270,M098,2026-08-04 20:58:00,3065.6,Mumbai,0
T03398,U0244,D0467,M036,2026-08-08 04:23:00,5157.89,Mumbai,0
T03399,U0841,D0494,M060,2026-08-08 12:36:00,6039.03,Mumbai,0
T03400,U0724,D0334,M045,2026-08-22 02:06:00,7289.43,Mumbai,0
T03401,U0743,D0419,M087,2026-08-29 22:00:00,595.25,Bangalore,0
T03402,U0753,D0257,M055,2026-08-06 08:47:00,2660.65,Bangalore,0
T03403,U0960,D0373,M080,2026-08-06 02:52:00,3610.64,Bangalore,0
T03404,U0657,D0358,M057,2026-08-09 01:21:00,4926.32,Pune,0
T03405,U0978,D0429,M096,2026-08-26 09:41:00,2318.89,Pune,0
T03406,U0537,D0257,M039,2026-08-21 22:42:00,5852.23,Pune,0
T03407,U0837,D0404,M076,2026-08-09 06:29:00,2999.21,Bangalore,0
T03408,U0770,D0291,M062,2026-08-28 18:05:00,3825.51,Delhi,0
T03409,U0405,D0444,M059,2026-08-28 20:15:00,4350.15,Hyderabad,0
T03410,U0614,D0337,M065,2026-08-07 21:41:00,741.12,Bangalore,0
T03411,U0307,D0363,M069,2026-08-05 15:38:00,3920.76,Chennai,0
T03412,U0515,D0372,M057,2026-08-29 16:28:00,4125.65,Delhi,0
T03413,U0710,D0140,M026,2026-08-23 20:53:00,9679.85,Chennai,0
T03414,U0423,D0349,M077,2026-08-25 05:51:00,6997.21,Chennai,0
T03415,U0779,D0097,M081,2026-08-07 06:08:00,9851.62,Mumbai,0
T03416,U0642,D0153,M093,2026-08-21 06:14:00,6059.23,Bangalore,0
T03417,U0586,D0087,M034,2026-08-05 01:24:00,3069.01,Chennai,0
T03418,U1000,D0133,M057,2026-08-17 06:45:00,6645.69,Delhi,0
T03419,U0806,D0493,M046,2026-08-10 07:26:00,7175.87,Bangalore,0
T03420,U0389,D0185,M086,2026-08-19 13:14:00,8954.98,Hyderabad,0
T03421,U0342,D0203,M031,2026-08-12 13:59:00,3280.05,Delhi,0
T03422,U0247,D0281,M068,2026-08-01 23:57:00,9109.1,Hyderabad,0
T03423,U0436,D0460,M064,2026-08-23 13:19:00,1531.98,Bangalore,0
T03424,U0782,D0125,M080,2026-08-15 11:12:00,6537.83,Chennai,0
T03425,U0864,D0224,M061,2026-08-02 06:51:00,7898.21,Mumbai,0
T03426,U0562,D0108,M086,2026-08-23 00:55:00,8976.1,Pune,0
T03427,U0217,D0471,M092,2026-08-06 18:28:00,7031.93,Delhi,0
T03428,U0702,D0369,M095,2026-08-29 16:39:00,514.13,Delhi,0
T03429,U0897,D0077,M077,2026-08-22 00:19:00,8349.95,Chennai,0
T03430,U0250,D0215,M036,2026-08-21 03:42:00,2781.61,Delhi,0
T03431,U0258,D0479,M054,2026-08-15 20:34:00,6263.22,Mumbai,0
T03432,U0792,D0268,M059,2026-08-25 20:17:00,4279.63,Pune,0
T03433,U0702,D0392,M057,2026-08-27 11:26:00,4018.69,Delhi,0
T03434,U0713,D0301,M065,2026-08-24 01:28:00,3873.51,Hyderabad,0
T03435,U0856,D0122,M067,2026-08-16 11:40:00,5924.69,Hyderabad,0
T03436,U0973,D0413,M032,2026-08-06 00:51:00,1328.76,Chennai,0
T03437,U0890,D0382,M049,2026-08-03 15:59:00,8463.7,Mumbai,0
T03438,U0520,D0202,M074,2026-08-03 00:35:00,3577.48,Bangalore,0
T03439,U0636,D0116,M080,2026-08-03 19:34:00,2347.99,Delhi,0
T03440,U0701,D0461,M097,2026-08-18 23:19:00,2150.7,Hyderabad,0
T03441,U0405,D0286,M042,2026-08-05 13:14:00,5195.21,Hyderabad,0
T03442,U0486,D0266,M033,2026-08-18 05:57:00,4906.53,Bangalore,0
T03443,U0176,D0380,M099,2026-08-14 16:55:00,8089.24,Hyderabad,0
T03444,U0694,D0373,M058,2026-08-09 03:26:00,564.89,Mumbai,0
T03445,U0535,D0425,M061,2026-08-26 08:07:00,6172.57,Mumbai,0
T03446,U0660,D0286,M032,2026-08-15 21:02:00,7912.86,Hyderabad,0
T03447,U0316,D0083,M065,2026-08-15 07:47:00,4293.55,Hyderabad,0
T03448,U0652,D0463,M082,2026-08-16 11:16:00,5421.43,Bangalore,0
T03449,U0735,D0306,M065,2026-08-15 12:21:00,9651.1,Chennai,0
T03450,U0951,D0335,M029,2026-08-20 08:22:00,1395.47,Hyderabad,0
T03451,U0415,D0485,M077,2026-08-18 08:26:00,7854.46,Pune,0
T03452,U0339,D0470,M079,2026-08-16 07:33:00,7035.92,Bangalore,0
T03453,U0262,D0279,M068,2026-08-28 11:20:00,6121.58,Chennai,0
T03454,U0205,D0080,M080,2026-08-08 07:03:00,8570.2,Bangalore,0
T03455,U0330,D0153,M063,2026-08-09 05:44:00,9636.46,Mumbai,0
T03456,U0589,D0320,M086,2026-08-15 03:16:00,4072.24,Hyderabad,0
T03457,U0778,D0110,M075,2026-08-02 06:18:00,1126.2,Chennai,0
T03458,U0438,D0439,M038,2026-08-05 04:48:00,3787.84,Delhi,0
T03459,U0985,D0204,M094,2026-08-24 12:46:00,6430.24,Bangalore,0
T03460,U0157,D0465,M094,2026-08-01 16:23:00,1172.64,Delhi,0
T03461,U0679,D0278,M087,2026-08-23 12:09:00,9917.21,Chennai,0
T03462,U0351,D0116,M048,2026-08-27 07:09:00,5995.69,Hyderabad,0
T03463,U0605,D0478,M027,2026-08-13 10:24:00,4516.54,Pune,0
T03464,U0569,D0481,M059,2026-08-08 11:15:00,6422.08,Mumbai,0
T03465,U0228,D0151,M040,2026-08-08 11:48:00,629.37,Delhi,0
T03466,U0408,D0193,M087,2026-08-16 13:43:00,2356.96,Hyderabad,0
T03467,U0864,D0377,M075,2026-08-25 05:24:00,576.13,Delhi,0
T03468,U0509,D0495,M047,2026-08-17 18:29:00,9835.67,Delhi,0
T03469,U0330,D0234,M042,2026-08-06 14:47:00,6750.32,Pune,0
T03470,U0920,D0195,M090,2026-08-15 18:13:00,8798.63,Hyderabad,0
T03471,U0967,D0461,M060,2026-08-03 03:29:00,411.21,Mumbai,0
T03472,U0411,D0232,M073,2026-08-13 23:31:00,6556.85,Hyderabad,0
T03473,U0908,D0150,M051,2026-08-04 11:46:00,1202.9,Chennai,0
T03474,U0308,D0441,M083,2026-08-13 23:48:00,7720.53,Delhi,0
T03475,U0934,D0453,M088,2026-08-29 06:04:00,7361.05,Bangalore,0
T03476,U0612,D0300,M076,2026-08-10 09:18:00,2504.67,Hyderabad,0
T03477,U0811,D0404,M047,2026-08-23 06:25:00,1780.24,Chennai,0
T03478,U0719,D0351,M074,2026-08-08 17:22:00,8214.51,Mumbai,0
T03479,U0513,D0441,M027,2026-08-30 19:29:00,5474.73,Bangalore,0
T03480,U0772,D0477,M075,2026-08-12 05:43:00,8284.35,Hyderabad,0
T03481,U0487,D0441,M050,2026-08-02 12:15:00,3927.47,Chennai,0
T03482,U0483,D0444,M095,2026-08-23 21:27:00,8314.46,Hyderabad,0
T03483,U0790,D0193,M068,2026-08-11 10:41:00,8822.86,Bangalore,0
T03484,U0187,D0434,M039,2026-08-24 10:11:00,784.32,Mumbai,0
T03485,U0602,D0318,M090,2026-08-14 01:02:00,5190.47,Bangalore,0
T03486,U0586,D0252,M048,2026-08-13 16:34:00,2615.62,Pune,0
T03487,U0519,D0209,M059,2026-08-20 10:56:00,629.52,Delhi,0
T03488,U0366,D0495,M094,2026-08-17 10:59:00,6915.5,Mumbai,0
T03489,U0768,D0393,M053,2026-08-21 11:53:00,7075.31,Delhi,0
T03490,U0260,D0083,M067,2026-08-11 23:09:00,6472.13,Bangalore,0
T03491,U0301,D0350,M084,2026-08-23 20:41:00,5173.67,Hyderabad,0
T03492,U0702,D0452,M075,2026-08-29 07:29:00,5722.2,Mumbai,0
T03493,U0751,D0346,M091,2026-08-08 01:18:00,8859.51,Pune,0
T03494,U0764,D0107,M065,2026-08-15 07:31:00,4864.28,Pune,0
T03495,U0287,D0321,M039,2026-08-13 11:32:00,8413.48,Pune,0
T03496,U0291,D0205,M074,2026-08-11 14:00:00,460.65,Bangalore,0
T03497,U0897,D0382,M095,2026-08-18 08:31:00,7133.68,Chennai,0
T03498,U0425,D0143,M052,2026-08-26 08:06:00,6522.11,Delhi,0
T03499,U0611,D0159,M092,2026-08-11 17:11:00,2458.84,Bangalore,0
T03500,U0305,D0133,M096,2026-08-23 18:05:00,397.83,Chennai,0
T03501,U0731,D0183,M048,2026-08-24 12:47:00,8682.65,Bangalore,0
T03502,U0879,D0371,M097,2026-08-10 15:39:00,1761.05,Bangalore,0
T03503,U0196,D0493,M040,2026-08-01 16:16:00,1932.63,Chennai,0
T03504,U0153,D0084,M034,2026-08-24 18:11:00,3920.8,Mumbai,0
T03505,U0539,D0134,M031,2026-08-02 08:33:00,5128.44,Pune,0
T03506,U0762,D0419,M097,2026-08-22 21:12:00,7177.17,Bangalore,0
T03507,U0162,D0356,M036,2026-08-14 10:44:00,1974.57,Mumbai,0
T03508,U0966,D0123,M062,2026-08-03 19:24:00,9180.96,Chennai,0
T03509,U0717,D0224,M066,2026-08-30 13:50:00,2515.29,Bangalore,0
T03510,U0754,D0337,M032,2026-08-22 23:06:00,2836.0,Delhi,0
T03511,U0807,D0146,M050,2026-08-15 07:54:00,3162.37,Delhi,0
T03512,U0474,D0422,M038,2026-08-02 14:05:00,136.13,Pune,0
T03513,U0942,D0084,M084,2026-08-19 09:34:00,9168.39,Bangalore,0
T03514,U0529,D0494,M061,2026-08-15 23:49:00,9529.72,Delhi,0
T03515,U0539,D0300,M035,2026-08-16 01:59:00,293.5,Pune,0
T03516,U0198,D0299,M081,2026-08-18 17:54:00,4278.61,Bangalore,0
T03517,U0226,D0082,M076,2026-08-17 21:11:00,3061.0,Bangalore,0
T03518,U0876,D0122,M054,2026-08-13 20:13:00,115.7,Mumbai,0
T03519,U0705,D0241,M038,2026-08-19 03:37:00,6179.77,Delhi,0
T03520,U0426,D0471,M086,2026-08-02 21:49:00,5275.65,Bangalore,0
T03521,U0527,D0471,M097,2026-08-09 20:36:00,4355.98,Delhi,0
T03522,U0358,D0226,M096,2026-08-07 09:49:00,3841.41,Pune,0
T03523,U0732,D0365,M077,2026-08-08 06:00:00,3945.3,Mumbai,0
T03524,U0954,D0083,M093,2026-08-11 15:40:00,5445.36,Delhi,0
T03525,U0719,D0342,M098,2026-08-06 09:13:00,4777.54,Pune,0
T03526,U0827,D0404,M088,2026-08-28 23:03:00,819.21,Bangalore,0
T03527,U0530,D0487,M080,2026-08-09 05:16:00,3693.91,Bangalore,0
T03528,U0734,D0308,M074,2026-08-02 01:31:00,6962.81,Chennai,0
T03529,U0280,D0087,M037,2026-08-07 00:56:00,4372.97,Pune,0
T03530,U0933,D0259,M084,2026-08-29 17:17:00,5267.57,Delhi,0
T03531,U0342,D0270,M027,2026-08-14 18:39:00,9780.0,Delhi,0
T03532,U0156,D0465,M099,2026-08-17 18:32:00,9351.79,Bangalore,0
T03533,U0953,D0312,M072,2026-08-16 06:34:00,5153.92,Bangalore,0
T03534,U0622,D0325,M084,2026-08-14 05:37:00,7090.06,Pune,0
T03535,U0916,D0146,M088,2026-08-14 12:10:00,3912.46,Chennai,0
T03536,U0953,D0114,M038,2026-08-25 15:48:00,6762.45,Pune,0
T03537,U0715,D0150,M061,2026-08-05 04:22:00,6124.66,Delhi,0
T03538,U0563,D0146,M081,2026-08-13 02:50:00,1852.56,Chennai,0
T03539,U0768,D0320,M068,2026-08-24 07:29:00,5917.59,Mumbai,0
T03540,U0205,D0491,M059,2026-08-17 16:15:00,2737.37,Chennai,0
T03541,U0258,D0497,M096,2026-08-16 18:35:00,6842.05,Hyderabad,0
T03542,U0648,D0099,M066,2026-08-20 19:15:00,7817.07,Chennai,0
T03543,U0153,D0371,M044,2026-08-06 17:59:00,8461.18,Hyderabad,0
T03544,U0659,D0076,M099,2026-08-01 19:43:00,9387.16,Bangalore,0
T03545,U0215,D0399,M077,2026-08-10 23:48:00,9260.87,Hyderabad,0
T03546,U0570,D0216,M032,2026-08-21 21:44:00,1799.6,Chennai,0
T03547,U0436,D0316,M048,2026-08-23 21:31:00,1713.25,Delhi,0
T03548,U0776,D0243,M061,2026-08-01 05:31:00,678.27,Mumbai,0
T03549,U0683,D0409,M092,2026-08-09 07:37:00,1693.09,Hyderabad,0
T03550,U0885,D0307,M056,2026-08-05 02:24:00,1448.87,Mumbai,0
T03551,U0225,D0275,M095,2026-08-17 23:34:00,161.85,Bangalore,0
T03552,U0211,D0478,M070,2026-08-26 14:21:00,6450.66,Bangalore,0
T03553,U0244,D0135,M099,2026-08-17 22:06:00,9749.77,Delhi,0
T03554,U0333,D0313,M039,2026-08-30 21:33:00,953.12,Chennai,0
T03555,U0588,D0117,M031,2026-08-17 12:11:00,2351.39,Mumbai,0
T03556,U0205,D0496,M098,2026-08-07 04:43:00,2076.13,Bangalore,0
T03557,U0624,D0112,M081,2026-08-28 00:25:00,3207.71,Bangalore,0
T03558,U0155,D0323,M058,2026-08-30 17:57:00,957.57,Delhi,0
T03559,U0738,D0478,M065,2026-08-26 13:36:00,7142.63,Pune,0
T03560,U0451,D0192,M044,2026-08-26 19:50:00,5266.84,Mumbai,0
T03561,U0758,D0360,M099,2026-08-10 17:01:00,8665.52,Mumbai,0
T03562,U0503,D0143,M058,2026-08-13 16:46:00,9569.84,Bangalore,0
T03563,U0574,D0451,M037,2026-08-29 10:01:00,7951.01,Delhi,0
T03564,U0295,D0318,M051,2026-08-15 03:32:00,8128.27,Bangalore,0
T03565,U0369,D0470,M035,2026-08-02 14:47:00,2652.39,Bangalore,0
T03566,U0308,D0256,M097,2026-08-28 19:07:00,4092.49,Pune,0
T03567,U0338,D0111,M085,2026-08-14 12:09:00,2212.02,Pune,0
T03568,U0519,D0300,M058,2026-08-24 20:22:00,7663.01,Chennai,0
T03569,U0496,D0153,M079,2026-08-25 02:50:00,698.71,Hyderabad,0
T03570,U0709,D0298,M030,2026-08-20 12:52:00,4533.27,Delhi,0
T03571,U0712,D0188,M058,2026-08-14 15:12:00,9316.39,Delhi,0
T03572,U0350,D0356,M064,2026-08-09 01:11:00,3247.4,Chennai,0
T03573,U0542,D0484,M064,2026-08-19 11:20:00,9158.54,Delhi,0
T03574,U0199,D0245,M068,2026-08-03 09:58:00,4510.61,Mumbai,0
T03575,U0434,D0436,M032,2026-08-18 21:46:00,3665.05,Delhi,0
T03576,U0494,D0256,M036,2026-08-17 13:49:00,9613.12,Chennai,0
T03577,U0361,D0365,M049,2026-08-01 10:37:00,5981.26,Delhi,0
T03578,U0492,D0468,M067,2026-08-05 21:01:00,520.8,Pune,0
T03579,U0867,D0234,M029,2026-08-28 07:27:00,1107.0,Chennai,0
T03580,U0253,D0118,M038,2026-08-22 01:23:00,7811.2,Mumbai,0
T03581,U0248,D0383,M028,2026-08-07 11:27:00,3352.49,Hyderabad,0
T03582,U0872,D0303,M075,2026-08-03 10:57:00,6898.7,Chennai,0
T03583,U0323,D0400,M029,2026-08-19 11:35:00,7199.16,Hyderabad,0
T03584,U0390,D0237,M060,2026-08-04 18:49:00,6857.62,Bangalore,0
T03585,U0235,D0417,M043,2026-08-09 07:03:00,4433.6,Hyderabad,0
T03586,U0954,D0482,M098,2026-08-17 06:18:00,8732.04,Bangalore,0
T03587,U0161,D0156,M079,2026-08-03 07:27:00,881.51,Bangalore,0
T03588,U0496,D0185,M049,2026-08-16 19:02:00,9669.46,Pune,0
T03589,U0853,D0427,M059,2026-08-21 00:45:00,6373.79,Delhi,0
T03590,U0498,D0092,M082,2026-08-13 20:35:00,533.88,Mumbai,0
T03591,U0253,D0467,M082,2026-08-09 16:54:00,8460.8,Mumbai,0
T03592,U0760,D0357,M032,2026-08-17 02:30:00,7112.14,Delhi,0
T03593,U0841,D0263,M029,2026-08-11 11:52:00,6697.63,Bangalore,0
T03594,U0200,D0080,M076,2026-08-14 02:24:00,9578.19,Delhi,0
T03595,U0372,D0231,M027,2026-08-10 06:01:00,6931.29,Delhi,0
T03596,U0272,D0077,M061,2026-08-16 20:20:00,1347.96,Bangalore,0
T03597,U0370,D0295,M031,2026-08-24 01:12:00,6154.59,Hyderabad,0
T03598,U0216,D0112,M095,2026-08-14 15:33:00,6305.92,Bangalore,0
T03599,U0377,D0410,M069,2026-08-29 00:09:00,6204.33,Chennai,0
T03600,U0709,D0259,M070,2026-08-12 02:06:00,9102.1,Pune,0
T03601,U0731,D0250,M044,2026-08-03 01:55:00,3677.33,Bangalore,0
T03602,U0185,D0106,M078,2026-08-23 03:49:00,5737.01,Delhi,0
T03603,U0164,D0405,M028,2026-08-19 02:29:00,5754.81,Delhi,0
T03604,U0211,D0113,M095,2026-08-18 14:33:00,7199.58,Mumbai,0
T03605,U0420,D0098,M056,2026-08-22 19:10:00,5059.44,Pune,0
T03606,U0847,D0140,M053,2026-08-09 19:43:00,5745.73,Hyderabad,0
T03607,U0465,D0373,M073,2026-08-11 05:47:00,303.06,Mumbai,0
T03608,U0653,D0310,M074,2026-08-08 03:40:00,3408.33,Bangalore,0
T03609,U0374,D0158,M070,2026-08-01 12:04:00,821.5,Chennai,0
T03610,U0539,D0236,M058,2026-08-06 22:00:00,8998.56,Chennai,0
T03611,U0443,D0130,M084,2026-08-25 10:48:00,2622.23,Delhi,0
T03612,U0213,D0397,M049,2026-08-27 01:31:00,7054.32,Chennai,0
T03613,U0375,D0480,M054,2026-08-15 00:06:00,3377.2,Bangalore,0
T03614,U0222,D0083,M030,2026-08-27 00:01:00,494.35,Mumbai,0
T03615,U0844,D0099,M071,2026-08-12 02:49:00,155.62,Delhi,0
T03616,U0720,D0287,M091,2026-08-12 12:38:00,2505.46,Chennai,0
T03617,U0270,D0121,M075,2026-08-18 20:48:00,4496.31,Chennai,0
T03618,U0782,D0079,M062,2026-08-16 05:22:00,9581.11,Mumbai,0
T03619,U0493,D0462,M098,2026-08-26 07:49:00,7920.55,Delhi,0
T03620,U0612,D0241,M098,2026-08-09 11:14:00,968.5,Delhi,0
T03621,U0905,D0379,M080,2026-08-15 04:26:00,1758.12,Bangalore,0
T03622,U0387,D0199,M079,2026-08-09 03:42:00,7993.66,Pune,0
T03623,U0295,D0310,M073,2026-08-17 02:21:00,5254.54,Bangalore,0
T03624,U0412,D0312,M085,2026-08-02 02:56:00,6979.54,Chennai,0
T03625,U0152,D0303,M040,2026-08-05 03:12:00,8031.42,Chennai,0
T03626,U0382,D0441,M096,2026-08-01 06:41:00,1891.23,Mumbai,0
T03627,U0868,D0162,M038,2026-08-30 10:44:00,7973.09,Pune,0
T03628,U0827,D0163,M034,2026-08-17 01:06:00,9078.35,Delhi,0
T03629,U0955,D0139,M092,2026-08-27 01:42:00,9107.62,Pune,0
T03630,U0155,D0427,M072,2026-08-26 17:43:00,1035.19,Bangalore,0
T03631,U0942,D0133,M090,2026-08-20 20:48:00,2193.22,Hyderabad,0
T03632,U0491,D0357,M096,2026-08-04 17:04:00,7330.27,Hyderabad,0
T03633,U0733,D0459,M085,2026-08-22 09:51:00,1758.05,Pune,0
T03634,U0247,D0271,M097,2026-08-24 12:26:00,540.12,Bangalore,0
T03635,U0919,D0471,M069,2026-08-11 18:08:00,4839.63,Pune,0
T03636,U0769,D0186,M034,2026-08-25 22:00:00,9792.99,Delhi,0
T03637,U0309,D0336,M100,2026-08-22 19:50:00,9002.23,Delhi,0
T03638,U0433,D0245,M065,2026-08-03 10:20:00,6607.83,Delhi,0
T03639,U0292,D0162,M087,2026-08-08 09:30:00,112.07,Chennai,0
T03640,U0715,D0185,M063,2026-08-25 10:10:00,1361.86,Chennai,0
T03641,U0289,D0415,M045,2026-08-03 16:37:00,2594.42,Hyderabad,0
T03642,U0436,D0325,M061,2026-08-30 19:15:00,2193.08,Chennai,0
T03643,U0918,D0344,M040,2026-08-04 00:07:00,4272.46,Hyderabad,0
T03644,U0742,D0384,M051,2026-08-01 11:08:00,6763.95,Pune,0
T03645,U0793,D0452,M027,2026-08-06 19:21:00,457.55,Chennai,0
T03646,U0202,D0217,M045,2026-08-10 23:13:00,8538.52,Chennai,0
T03647,U0885,D0300,M089,2026-08-17 08:18:00,8519.82,Chennai,0
T03648,U0863,D0128,M057,2026-08-17 23:20:00,7206.74,Bangalore,0
T03649,U0946,D0464,M042,2026-08-23 21:46:00,1026.02,Hyderabad,0
T03650,U0199,D0284,M058,2026-08-19 00:23:00,2050.71,Pune,0
T03651,U0995,D0105,M070,2026-08-28 01:45:00,2385.01,Mumbai,0
T03652,U0618,D0311,M071,2026-08-19 02:35:00,9040.62,Bangalore,0
T03653,U0776,D0351,M054,2026-08-07 00:12:00,7702.26,Pune,0
T03654,U0174,D0409,M046,2026-08-28 05:24:00,987.62,Pune,0
T03655,U0983,D0427,M035,2026-08-22 09:00:00,3055.53,Delhi,0
T03656,U0192,D0157,M100,2026-08-25 03:52:00,2259.88,Bangalore,0
T03657,U0420,D0202,M095,2026-08-13 13:21:00,762.12,Mumbai,0
T03658,U0552,D0159,M045,2026-08-26 19:50:00,903.48,Chennai,0
T03659,U0272,D0290,M088,2026-08-01 15:16:00,5060.76,Hyderabad,0
T03660,U0566,D0361,M073,2026-08-20 00:13:00,8430.2,Mumbai,0
T03661,U0622,D0461,M031,2026-08-18 10:31:00,2415.29,Mumbai,0
T03662,U0307,D0119,M099,2026-08-24 07:23:00,8061.4,Hyderabad,0
T03663,U0521,D0106,M064,2026-08-27 10:50:00,2940.7,Hyderabad,0
T03664,U0458,D0411,M030,2026-08-21 01:39:00,9656.59,Mumbai,0
T03665,U0352,D0426,M065,2026-08-28 12:26:00,7725.08,Pune,0
T03666,U0381,D0366,M079,2026-08-16 15:30:00,184.51,Pune,0
T03667,U0770,D0268,M047,2026-08-21 15:28:00,1978.75,Chennai,0
T03668,U0545,D0144,M081,2026-08-06 08:18:00,975.75,Chennai,0
T03669,U0412,D0186,M078,2026-08-07 06:07:00,9204.39,Pune,0
T03670,U0502,D0411,M097,2026-08-15 14:08:00,2738.9,Chennai,0
T03671,U0254,D0423,M091,2026-08-24 08:35:00,6398.7,Bangalore,0
T03672,U0697,D0452,M089,2026-08-28 00:56:00,9508.67,Delhi,0
T03673,U0251,D0454,M078,2026-08-07 17:07:00,6430.75,Pune,0
T03674,U0469,D0496,M036,2026-08-30 22:43:00,6047.77,Pune,0
T03675,U0540,D0210,M054,2026-08-10 03:33:00,5641.09,Chennai,0
T03676,U0288,D0444,M062,2026-08-21 23:27:00,9743.67,Chennai,0
T03677,U0525,D0417,M033,2026-08-17 14:19:00,5363.12,Chennai,0
T03678,U0402,D0209,M051,2026-08-02 13:56:00,8108.28,Chennai,0
T03679,U0230,D0116,M072,2026-08-25 01:48:00,5045.13,Bangalore,0
T03680,U0533,D0444,M060,2026-08-17 19:54:00,8649.31,Pune,0
T03681,U0550,D0429,M098,2026-08-13 05:20:00,5043.86,Mumbai,0
T03682,U0562,D0376,M060,2026-08-29 22:23:00,3421.49,Chennai,0
T03683,U0520,D0198,M081,2026-08-17 20:55:00,5686.74,Hyderabad,0
T03684,U0553,D0273,M090,2026-08-18 09:34:00,9626.52,Bangalore,0
T03685,U0592,D0182,M061,2026-08-06 18:08:00,882.88,Hyderabad,0
T03686,U0443,D0265,M028,2026-08-25 08:53:00,7007.64,Bangalore,0
T03687,U0737,D0246,M065,2026-08-24 02:55:00,966.63,Hyderabad,0
T03688,U0340,D0465,M077,2026-08-28 02:55:00,1511.69,Hyderabad,0
T03689,U0740,D0271,M076,2026-08-14 17:57:00,8457.97,Chennai,0
T03690,U0266,D0198,M027,2026-08-21 15:00:00,8714.15,Hyderabad,0
T03691,U0290,D0198,M073,2026-08-27 18:48:00,9874.26,Hyderabad,0
T03692,U0336,D0273,M041,2026-08-14 00:17:00,621.13,Pune,0
T03693,U0422,D0409,M095,2026-08-27 13:21:00,2034.59,Chennai,0
T03694,U0576,D0494,M040,2026-08-14 16:46:00,7789.84,Hyderabad,0
T03695,U0369,D0443,M033,2026-08-21 14:35:00,5709.06,Chennai,0
T03696,U0824,D0470,M084,2026-08-11 06:51:00,1132.07,Pune,0
T03697,U0169,D0091,M094,2026-08-30 09:11:00,6893.96,Bangalore,0
T03698,U0658,D0347,M071,2026-08-08 14:25:00,1506.68,Bangalore,0
T03699,U0232,D0264,M096,2026-08-21 07:50:00,1014.54,Delhi,0
T03700,U0438,D0238,M046,2026-08-10 12:24:00,3691.21,Pune,0
T03701,U0437,D0454,M048,2026-08-20 16:53:00,8902.88,Delhi,0
T03702,U0967,D0311,M059,2026-08-13 03:41:00,8457.0,Pune,0
T03703,U0846,D0331,M032,2026-08-06 02:48:00,5022.48,Pune,0
T03704,U0318,D0407,M029,2026-08-25 01:50:00,4168.13,Hyderabad,0
T03705,U0910,D0496,M044,2026-08-11 03:05:00,9058.88,Mumbai,0
T03706,U0614,D0143,M099,2026-08-20 13:38:00,4063.02,Hyderabad,0
T03707,U0567,D0172,M050,2026-08-22 07:12:00,133.71,Hyderabad,0
T03708,U0214,D0406,M031,2026-08-29 15:21:00,7032.63,Chennai,0
T03709,U0984,D0300,M094,2026-08-03 20:41:00,343.41,Hyderabad,0
T03710,U0484,D0408,M092,2026-08-30 23:01:00,9842.43,Bangalore,0
T03711,U0176,D0153,M087,2026-08-09 02:37:00,7321.93,Bangalore,0
T03712,U0467,D0171,M066,2026-08-22 01:50:00,6659.42,Chennai,0
T03713,U0273,D0293,M029,2026-08-28 11:57:00,3081.13,Delhi,0
T03714,U0859,D0481,M041,2026-08-10 21:41:00,7654.33,Delhi,0
T03715,U0976,D0397,M037,2026-08-23 11:59:00,9935.2,Bangalore,0
T03716,U0354,D0138,M051,2026-08-18 04:58:00,6262.1,Hyderabad,0
T03717,U0877,D0154,M092,2026-08-18 18:49:00,1842.5,Pune,0
T03718,U0178,D0383,M049,2026-08-27 04:43:00,7289.92,Mumbai,0
T03719,U0953,D0202,M070,2026-08-06 19:36:00,7219.45,Delhi,0
T03720,U0511,D0499,M053,2026-08-11 16:16:00,1568.75,Chennai,0
T03721,U0806,D0430,M082,2026-08-11 07:46:00,7023.17,Chennai,0
T03722,U0685,D0384,M048,2026-08-01 01:33:00,2944.56,Mumbai,0
T03723,U0858,D0431,M054,2026-08-17 02:42:00,2332.47,Chennai,0
T03724,U0584,D0294,M037,2026-08-24 02:04:00,3565.08,Bangalore,0
T03725,U0631,D0279,M037,2026-08-03 05:28:00,5557.15,Mumbai,0
T03726,U0197,D0337,M049,2026-08-18 16:59:00,6110.63,Bangalore,0
T03727,U0933,D0334,M046,2026-08-10 02:20:00,3873.22,Bangalore,0
T03728,U0165,D0327,M041,2026-08-08 02:21:00,4024.61,Hyderabad,0
T03729,U0811,D0497,M096,2026-08-11 02:46:00,8940.19,Delhi,0
T03730,U0845,D0362,M049,2026-08-05 01:54:00,9640.21,Mumbai,0
T03731,U0833,D0482,M081,2026-08-12 22:19:00,5387.91,Hyderabad,0
T03732,U0949,D0282,M087,2026-08-10 02:47:00,3310.69,Hyderabad,0
T03733,U0285,D0150,M052,2026-08-10 20:41:00,9823.31,Chennai,0
T03734,U0296,D0158,M091,2026-08-01 18:26:00,6383.93,Delhi,0
T03735,U0450,D0205,M045,2026-08-16 18:02:00,5646.11,Pune,0
T03736,U0909,D0365,M045,2026-08-29 17:35:00,8616.3,Chennai,0
T03737,U0902,D0257,M077,2026-08-03 14:26:00,3832.57,Delhi,0
T03738,U0496,D0184,M073,2026-08-30 20:37:00,588.16,Mumbai,0
T03739,U0399,D0401,M087,2026-08-12 03:12:00,760.02,Pune,0
T03740,U0268,D0348,M033,2026-08-13 08:36:00,4028.52,Mumbai,0
T03741,U0433,D0129,M056,2026-08-01 06:53:00,4907.11,Hyderabad,0
T03742,U0385,D0362,M065,2026-08-06 13:17:00,6566.69,Hyderabad,0
T03743,U0303,D0082,M035,2026-08-11 00:01:00,7770.21,Chennai,0
T03744,U0561,D0414,M033,2026-08-24 03:39:00,7867.0,Pune,0
T03745,U0559,D0193,M099,2026-08-22 13:13:00,6602.82,Mumbai,0
T03746,U0215,D0236,M061,2026-08-22 16:04:00,545.83,Hyderabad,0
T03747,U0408,D0367,M035,2026-08-08 22:21:00,9374.16,Pune,0
T03748,U0219,D0264,M037,2026-08-20 11:37:00,9775.8,Hyderabad,0
T03749,U0224,D0115,M098,2026-08-16 13:47:00,3366.49,Hyderabad,0
T03750,U0168,D0367,M037,2026-08-27 05:23:00,7236.88,Delhi,0
T03751,U0367,D0378,M067,2026-08-21 12:27:00,5516.51,Hyderabad,0
T03752,U0975,D0170,M033,2026-08-22 17:11:00,8053.94,Chennai,0
T03753,U0169,D0205,M047,2026-08-20 18:41:00,9766.3,Pune,0
T03754,U0166,D0112,M089,2026-08-05 08:57:00,1445.96,Pune,0
T03755,U0242,D0152,M065,2026-08-04 08:03:00,9413.93,Delhi,0
T03756,U0400,D0460,M081,2026-08-29 05:32:00,4094.98,Delhi,0
T03757,U0731,D0407,M084,2026-08-19 11:26:00,459.72,Delhi,0
T03758,U0636,D0186,M035,2026-08-08 12:11:00,4320.99,Mumbai,0
T03759,U0387,D0116,M049,2026-08-07 00:01:00,4434.71,Mumbai,0
T03760,U0842,D0467,M029,2026-08-21 22:51:00,9595.52,Pune,0
T03761,U0741,D0347,M094,2026-08-29 06:59:00,4804.03,Delhi,0
T03762,U0581,D0256,M056,2026-08-30 00:12:00,9366.1,Pune,0
T03763,U0852,D0368,M065,2026-08-10 05:44:00,1241.35,Bangalore,0
T03764,U0796,D0470,M074,2026-08-15 23:09:00,3156.79,Bangalore,0
T03765,U0675,D0420,M100,2026-08-29 23:42:00,3415.22,Chennai,0
T03766,U0278,D0150,M031,2026-08-08 05:10:00,1298.41,Bangalore,0
T03767,U0511,D0088,M070,2026-08-23 03:09:00,8094.79,Hyderabad,0
T03768,U0440,D0364,M084,2026-08-13 22:18:00,4851.39,Pune,0
T03769,U0202,D0076,M043,2026-08-20 03:41:00,9684.88,Mumbai,0
T03770,U0556,D0232,M065,2026-08-25 19:01:00,6687.27,Mumbai,0
T03771,U0659,D0281,M064,2026-08-27 01:12:00,4533.48,Mumbai,0
T03772,U0467,D0121,M079,2026-08-10 03:52:00,3918.0,Hyderabad,0
T03773,U0587,D0429,M030,2026-08-12 16:38:00,8593.22,Bangalore,0
T03774,U0174,D0284,M057,2026-08-17 01:34:00,3215.87,Chennai,0
T03775,U0632,D0177,M030,2026-08-27 19:11:00,7417.24,Hyderabad,0
T03776,U0729,D0294,M049,2026-08-22 03:15:00,4469.66,Bangalore,0
T03777,U0801,D0365,M071,2026-08-07 06:01:00,5736.17,Mumbai,0
T03778,U0379,D0240,M052,2026-08-03 06:07:00,6977.74,Delhi,0
T03779,U0628,D0444,M027,2026-08-09 03:47:00,3743.27,Bangalore,0
T03780,U0316,D0346,M046,2026-08-22 01:21:00,4193.9,Chennai,0
T03781,U0587,D0229,M056,2026-08-04 13:35:00,8547.92,Delhi,0
T03782,U0447,D0344,M097,2026-08-26 22:30:00,7658.16,Delhi,0
T03783,U0553,D0254,M062,2026-08-19 20:08:00,6608.85,Chennai,0
T03784,U0456,D0245,M059,2026-08-14 07:06:00,7478.76,Hyderabad,0
T03785,U0877,D0207,M035,2026-08-14 21:31:00,6158.67,Mumbai,0
T03786,U0734,D0384,M057,2026-08-28 15:30:00,2500.33,Pune,0
T03787,U0415,D0217,M100,2026-08-21 12:29:00,2922.38,Delhi,0
T03788,U0427,D0285,M059,2026-08-01 18:45:00,5305.66,Pune,0
T03789,U0824,D0434,M097,2026-08-08 19:08:00,1546.43,Bangalore,0
T03790,U0758,D0244,M090,2026-08-20 02:53:00,1370.21,Pune,0
T03791,U0639,D0446,M053,2026-08-27 04:43:00,6723.18,Delhi,0
T03792,U0808,D0470,M092,2026-08-27 12:23:00,8595.52,Hyderabad,0
T03793,U0253,D0203,M046,2026-08-05 17:10:00,9676.65,Delhi,0
T03794,U0607,D0142,M033,2026-08-08 21:19:00,1239.92,Mumbai,0
T03795,U0930,D0098,M087,2026-08-15 20:58:00,3083.45,Delhi,0
T03796,U0507,D0174,M062,2026-08-29 16:27:00,7126.58,Mumbai,0
T03797,U0530,D0248,M086,2026-08-27 15:38:00,1405.93,Chennai,0
T03798,U0189,D0201,M027,2026-08-02 22:52:00,3087.54,Delhi,0
T03799,U0594,D0231,M074,2026-08-03 22:00:00,1568.98,Delhi,0
T03800,U0379,D0366,M032,2026-08-02 05:54:00,1500.21,Pune,0
T03801,U0515,D0130,M043,2026-08-06 05:23:00,2120.0,Mumbai,0
T03802,U0492,D0277,M071,2026-08-25 01:33:00,7099.09,Mumbai,0
T03803,U0345,D0245,M100,2026-08-16 08:30:00,6317.24,Mumbai,0
T03804,U0153,D0360,M081,2026-08-04 14:09:00,9234.71,Delhi,0
T03805,U0374,D0111,M059,2026-08-17 09:45:00,5570.25,Chennai,0
T03806,U0416,D0432,M067,2026-08-19 01:08:00,3940.07,Bangalore,0
T03807,U0225,D0190,M095,2026-08-26 01:32:00,3772.77,Chennai,0
T03808,U0454,D0169,M050,2026-08-19 12:59:00,1659.96,Pune,0
T03809,U0909,D0145,M030,2026-08-12 07:36:00,2029.54,Mumbai,0
T03810,U0450,D0169,M059,2026-08-19 12:05:00,2158.33,Bangalore,0
T03811,U0170,D0230,M055,2026-08-21 12:21:00,7170.64,Mumbai,0
T03812,U0667,D0455,M076,2026-08-25 14:07:00,8328.83,Bangalore,0
T03813,U0716,D0481,M066,2026-08-07 09:51:00,5733.9,Hyderabad,0
T03814,U0541,D0461,M100,2026-08-03 06:44:00,1614.61,Pune,0
T03815,U0242,D0407,M088,2026-08-20 22:34:00,8903.76,Bangalore,0
T03816,U0627,D0210,M050,2026-08-02 17:00:00,3090.77,Hyderabad,0
T03817,U0210,D0155,M055,2026-08-25 10:04:00,7960.0,Hyderabad,0
T03818,U0199,D0159,M046,2026-08-26 10:40:00,6134.07,Hyderabad,0
T03819,U0583,D0276,M069,2026-08-09 05:53:00,4539.71,Hyderabad,0
T03820,U0898,D0461,M046,2026-08-10 01:19:00,2090.31,Delhi,0
T03821,U0307,D0395,M055,2026-08-01 10:10:00,1449.29,Chennai,0
T03822,U0489,D0281,M099,2026-08-05 21:45:00,2233.71,Bangalore,0
T03823,U0386,D0087,M054,2026-08-09 23:28:00,2611.03,Mumbai,0
T03824,U0602,D0110,M041,2026-08-20 11:14:00,7854.8,Hyderabad,0
T03825,U0986,D0081,M082,2026-08-20 10:15:00,1505.75,Mumbai,0
T03826,U0775,D0388,M070,2026-08-15 08:16:00,2566.32,Pune,0
T03827,U0209,D0164,M061,2026-08-30 04:58:00,3764.93,Bangalore,0
T03828,U0231,D0164,M055,2026-08-27 11:23:00,5605.67,Hyderabad,0
T03829,U0986,D0325,M047,2026-08-11 16:40:00,387.53,Hyderabad,0
T03830,U0884,D0481,M042,2026-08-03 02:58:00,1357.85,Hyderabad,0
T03831,U0620,D0110,M100,2026-08-01 17:53:00,999.58,Pune,0
T03832,U0317,D0159,M042,2026-08-14 07:40:00,615.98,Hyderabad,0
T03833,U0210,D0300,M078,2026-08-12 18:50:00,6639.48,Delhi,0
T03834,U0624,D0449,M039,2026-08-22 16:13:00,6457.71,Pune,0
T03835,U0658,D0240,M059,2026-08-19 20:06:00,1148.12,Delhi,0
T03836,U0338,D0211,M032,2026-08-18 13:57:00,3661.63,Delhi,0
T03837,U0383,D0350,M082,2026-08-08 00:18:00,7907.34,Mumbai,0
T03838,U0795,D0151,M069,2026-08-24 00:27:00,8734.88,Bangalore,0
T03839,U0335,D0155,M066,2026-08-28 06:02:00,497.02,Delhi,0
T03840,U0951,D0428,M069,2026-08-18 12:49:00,4002.61,Delhi,0
T03841,U0439,D0440,M058,2026-08-24 01:55:00,7274.6,Chennai,0
T03842,U0404,D0324,M057,2026-08-29 13:04:00,1957.5,Delhi,0
T03843,U0938,D0115,M049,2026-08-05 12:55:00,1386.91,Bangalore,0
T03844,U0199,D0137,M093,2026-08-21 20:08:00,9663.5,Bangalore,0
T03845,U0392,D0432,M070,2026-08-26 03:48:00,4217.69,Pune,0
T03846,U0779,D0101,M035,2026-08-21 16:20:00,8565.07,Mumbai,0
T03847,U0449,D0431,M030,2026-08-29 15:20:00,9332.07,Delhi,0
T03848,U0305,D0256,M039,2026-08-27 17:59:00,9719.08,Delhi,0
T03849,U0408,D0431,M071,2026-08-09 02:38:00,6021.96,Pune,0
T03850,U0933,D0132,M089,2026-08-05 15:26:00,1809.37,Chennai,0
T03851,U0655,D0274,M058,2026-08-12 08:49:00,2281.09,Mumbai,0
T03852,U0337,D0159,M028,2026-08-17 09:59:00,8585.83,Chennai,0
T03853,U0298,D0133,M074,2026-08-09 00:24:00,3831.15,Hyderabad,0
T03854,U0852,D0491,M059,2026-08-27 21:38:00,8802.79,Mumbai,0
T03855,U0347,D0175,M026,2026-08-25 13:21:00,8182.89,Chennai,0
T03856,U0447,D0226,M064,2026-08-21 03:40:00,8784.37,Bangalore,0
T03857,U0463,D0333,M092,2026-08-23 17:08:00,5134.89,Delhi,0
T03858,U0489,D0082,M060,2026-08-22 03:29:00,306.01,Chennai,0
T03859,U0161,D0267,M074,2026-08-24 02:18:00,6875.11,Bangalore,0
T03860,U0777,D0468,M066,2026-08-09 14:56:00,7901.43,Mumbai,0
T03861,U0659,D0207,M049,2026-08-19 01:54:00,4328.67,Pune,0
T03862,U0365,D0157,M066,2026-08-19 20:19:00,2408.4,Chennai,0
T03863,U0614,D0330,M086,2026-08-15 12:19:00,7968.42,Chennai,0
T03864,U0518,D0366,M045,2026-08-01 19:09:00,4241.77,Mumbai,0
T03865,U0508,D0353,M036,2026-08-07 10:50:00,8114.26,Chennai,0
T03866,U0179,D0410,M073,2026-08-27 01:32:00,7278.76,Chennai,0
T03867,U0305,D0379,M062,2026-08-06 07:49:00,806.23,Mumbai,0
T03868,U0374,D0097,M045,2026-08-27 21:58:00,3245.69,Pune,0
T03869,U0868,D0373,M077,2026-08-11 14:03:00,4415.33,Mumbai,0
T03870,U0835,D0444,M045,2026-08-30 09:20:00,4145.19,Delhi,0
T03871,U0891,D0227,M049,2026-08-02 22:41:00,4371.5,Bangalore,0
T03872,U0494,D0415,M059,2026-08-29 09:01:00,5192.28,Pune,0
T03873,U0835,D0358,M069,2026-08-05 10:03:00,2025.86,Pune,0
T03874,U0260,D0190,M094,2026-08-02 20:10:00,531.73,Delhi,0
T03875,U0698,D0190,M046,2026-08-03 22:09:00,8207.33,Bangalore,0
T03876,U0332,D0153,M038,2026-08-08 20:50:00,7842.9,Hyderabad,0
T03877,U0918,D0227,M091,2026-08-06 03:02:00,7141.17,Delhi,0
T03878,U0308,D0298,M095,2026-08-19 23:38:00,5404.28,Mumbai,0
T03879,U0456,D0080,M039,2026-08-27 12:37:00,1186.38,Hyderabad,0
T03880,U0419,D0360,M094,2026-08-03 15:53:00,3955.69,Hyderabad,0
T03881,U0919,D0144,M026,2026-08-02 22:30:00,7966.66,Chennai,0
T03882,U0734,D0333,M089,2026-08-21 03:02:00,6418.98,Mumbai,0
T03883,U0401,D0236,M092,2026-08-15 21:29:00,7781.79,Mumbai,0
T03884,U0804,D0281,M062,2026-08-19 04:08:00,7514.45,Pune,0
T03885,U0272,D0381,M081,2026-08-06 21:13:00,2255.34,Pune,0
T03886,U0335,D0133,M044,2026-08-20 20:21:00,8105.77,Chennai,0
T03887,U0227,D0174,M049,2026-08-01 18:41:00,3125.82,Bangalore,0
T03888,U0197,D0221,M046,2026-08-28 20:10:00,2604.06,Chennai,0
T03889,U0965,D0133,M062,2026-08-23 02:24:00,9382.84,Delhi,0
T03890,U0942,D0434,M040,2026-08-05 02:21:00,4763.49,Delhi,0
T03891,U0608,D0154,M078,2026-08-27 18:23:00,6133.16,Delhi,0
T03892,U0435,D0370,M093,2026-08-05 09:26:00,6551.71,Delhi,0
T03893,U0866,D0177,M040,2026-08-26 00:15:00,297.03,Chennai,0
T03894,U0593,D0292,M078,2026-08-01 22:52:00,7401.25,Pune,0
T03895,U0323,D0437,M026,2026-08-03 20:08:00,153.29,Chennai,0
T03896,U0916,D0158,M095,2026-08-16 07:43:00,2014.58,Mumbai,0
T03897,U0344,D0125,M026,2026-08-15 15:27:00,6354.9,Hyderabad,0
T03898,U0980,D0167,M060,2026-08-12 02:48:00,8874.33,Chennai,0
T03899,U0714,D0439,M026,2026-08-17 04:03:00,5576.19,Chennai,0
T03900,U0578,D0490,M047,2026-08-26 16:38:00,7696.33,Bangalore,0
T03901,U0212,D0306,M076,2026-08-25 07:15:00,7005.31,Chennai,0
T03902,U0993,D0310,M081,2026-08-12 02:35:00,8592.17,Chennai,0
T03903,U0720,D0181,M090,2026-08-28 17:38:00,8940.27,Pune,0
T03904,U0959,D0180,M053,2026-08-23 00:16:00,4134.34,Pune,0
T03905,U0236,D0334,M069,2026-08-29 21:35:00,1229.04,Pune,0
T03906,U0706,D0491,M077,2026-08-09 01:22:00,4036.73,Bangalore,0
T03907,U0404,D0298,M096,2026-08-14 20:49:00,9654.81,Bangalore,0
T03908,U0151,D0114,M050,2026-08-08 01:21:00,6671.86,Chennai,0
T03909,U0356,D0191,M045,2026-08-05 12:17:00,6762.97,Delhi,0
T03910,U0899,D0190,M070,2026-08-09 12:04:00,4664.76,Delhi,0
T03911,U0896,D0108,M093,2026-08-22 16:52:00,3321.13,Pune,0
T03912,U0868,D0086,M077,2026-08-22 22:46:00,4980.78,Bangalore,0
T03913,U0817,D0098,M080,2026-08-29 15:11:00,7261.18,Delhi,0
T03914,U0322,D0079,M094,2026-08-24 18:52:00,1094.47,Pune,0
T03915,U0983,D0212,M057,2026-08-04 09:59:00,6249.58,Mumbai,0
T03916,U0772,D0303,M078,2026-08-06 07:33:00,4660.38,Delhi,0
T03917,U0862,D0132,M071,2026-08-28 00:10:00,4248.09,Delhi,0
T03918,U0809,D0202,M095,2026-08-14 14:29:00,3564.44,Mumbai,0
T03919,U0333,D0452,M028,2026-08-07 20:34:00,7044.8,Mumbai,0
T03920,U0528,D0432,M077,2026-08-25 07:07:00,3906.27,Chennai,0
T03921,U0777,D0257,M099,2026-08-05 06:53:00,1469.82,Mumbai,0
T03922,U0360,D0233,M090,2026-08-27 23:54:00,5698.49,Chennai,0
T03923,U0502,D0242,M054,2026-08-28 09:55:00,2801.0,Mumbai,0
T03924,U0794,D0401,M027,2026-08-21 05:20:00,7407.92,Chennai,0
T03925,U0744,D0387,M028,2026-08-21 06:06:00,2754.36,Mumbai,0
T03926,U0297,D0467,M078,2026-08-20 06:05:00,5943.63,Hyderabad,0
T03927,U0215,D0467,M082,2026-08-27 03:03:00,6225.49,Mumbai,0
T03928,U0173,D0363,M026,2026-08-26 04:17:00,7840.28,Mumbai,0
T03929,U0465,D0427,M089,2026-08-12 14:25:00,5635.58,Pune,0
T03930,U0783,D0368,M062,2026-08-19 11:03:00,2830.42,Delhi,0
T03931,U0349,D0486,M090,2026-08-14 18:09:00,1214.19,Mumbai,0
T03932,U0399,D0223,M084,2026-08-24 14:52:00,9442.87,Hyderabad,0
T03933,U0362,D0280,M100,2026-08-25 09:55:00,8103.43,Bangalore,0
T03934,U0540,D0225,M100,2026-08-25 06:56:00,376.75,Hyderabad,0
T03935,U0474,D0081,M047,2026-08-30 03:03:00,5196.22,Mumbai,0
T03936,U0161,D0243,M047,2026-08-06 09:10:00,8373.37,Bangalore,0
T03937,U0318,D0280,M043,2026-08-21 21:00:00,486.94,Mumbai,0
T03938,U0447,D0359,M033,2026-08-01 19:44:00,8414.69,Chennai,0
T03939,U0428,D0349,M058,2026-08-17 07:39:00,5248.83,Chennai,0
T03940,U0151,D0360,M095,2026-08-27 02:00:00,5599.89,Pune,0
T03941,U0974,D0097,M068,2026-08-22 22:58:00,3120.7,Delhi,0
T03942,U0715,D0197,M086,2026-08-12 22:04:00,8350.73,Pune,0
T03943,U0259,D0359,M070,2026-08-19 22:22:00,9844.06,Chennai,0
T03944,U0165,D0152,M083,2026-08-17 20:44:00,9160.47,Bangalore,0
T03945,U0151,D0184,M031,2026-08-16 16:44:00,7230.02,Pune,0
T03946,U0563,D0128,M071,2026-08-30 08:33:00,2112.73,Hyderabad,0
T03947,U0547,D0225,M038,2026-08-26 09:26:00,2684.49,Delhi,0
T03948,U0347,D0498,M082,2026-08-25 15:18:00,6683.17,Hyderabad,0
T03949,U0593,D0305,M098,2026-08-03 08:33:00,5076.27,Mumbai,0
T03950,U0889,D0085,M041,2026-08-25 03:47:00,4773.83,Mumbai,0
T03951,U0809,D0487,M030,2026-08-02 10:06:00,1218.69,Chennai,0
T03952,U0588,D0266,M041,2026-08-03 03:59:00,2386.17,Hyderabad,0
T03953,U0461,D0205,M042,2026-08-28 08:56:00,5993.53,Bangalore,0
T03954,U0553,D0323,M061,2026-08-16 14:35:00,9551.45,Delhi,0
T03955,U0561,D0495,M073,2026-08-08 12:02:00,3078.75,Bangalore,0
T03956,U0537,D0148,M042,2026-08-06 07:36:00,3303.71,Hyderabad,0
T03957,U0776,D0381,M081,2026-08-22 17:45:00,1455.58,Mumbai,0
T03958,U0937,D0167,M049,2026-08-09 05:28:00,1336.35,Bangalore,0
T03959,U0490,D0196,M053,2026-08-29 21:48:00,6510.41,Hyderabad,0
T03960,U0601,D0482,M029,2026-08-12 18:28:00,5039.15,Mumbai,0
T03961,U0549,D0231,M095,2026-08-14 03:11:00,6878.87,Hyderabad,0
T03962,U0532,D0381,M054,2026-08-28 08:12:00,4427.03,Chennai,0
T03963,U0249,D0497,M055,2026-08-25 07:40:00,2329.72,Bangalore,0
T03964,U0651,D0117,M043,2026-08-14 01:59:00,3396.87,Hyderabad,0
T03965,U0374,D0128,M047,2026-08-28 02:55:00,657.93,Pune,0
T03966,U0406,D0277,M042,2026-08-30 23:09:00,1929.87,Bangalore,0
T03967,U0220,D0443,M086,2026-08-11 18:40:00,9239.04,Pune,0
T03968,U0297,D0400,M085,2026-08-23 12:17:00,1654.82,Hyderabad,0
T03969,U0699,D0404,M095,2026-08-12 05:06:00,6213.11,Delhi,0
T03970,U0479,D0440,M067,2026-08-26 05:16:00,3314.77,Chennai,0
T03971,U0749,D0418,M065,2026-08-08 18:01:00,6844.55,Hyderabad,0
T03972,U0294,D0440,M066,2026-08-05 14:45:00,4120.19,Delhi,0
T03973,U0486,D0326,M073,2026-08-28 23:41:00,931.93,Bangalore,0
T03974,U0207,D0248,M032,2026-08-25 01:54:00,8531.63,Bangalore,0
T03975,U0522,D0233,M037,2026-08-12 18:09:00,4537.54,Hyderabad,0
T03976,U0426,D0317,M055,2026-08-17 15:54:00,6422.42,Hyderabad,0
T03977,U0941,D0148,M064,2026-08-20 22:48:00,8751.07,Pune,0
T03978,U0912,D0450,M063,2026-08-06 02:28:00,8349.34,Mumbai,0
T03979,U0272,D0258,M100,2026-08-14 15:59:00,7053.05,Delhi,0
T03980,U0621,D0178,M059,2026-08-14 04:05:00,8489.31,Delhi,0
T03981,U0359,D0094,M068,2026-08-11 12:42:00,4934.47,Delhi,0
T03982,U0182,D0189,M050,2026-08-06 16:19:00,5345.53,Mumbai,0
T03983,U0236,D0479,M034,2026-08-10 03:35:00,2472.49,Pune,0
T03984,U0684,D0383,M049,2026-08-20 10:31:00,9369.76,Delhi,0
T03985,U0636,D0335,M094,2026-08-08 23:14:00,8139.64,Delhi,0
T03986,U0220,D0256,M048,2026-08-22 20:11:00,5478.72,Chennai,0
T03987,U0160,D0222,M097,2026-08-20 18:54:00,1921.15,Pune,0
T03988,U0215,D0236,M049,2026-08-06 13:30:00,4507.19,Hyderabad,0
T03989,U0569,D0243,M053,2026-08-15 21:38:00,7316.49,Mumbai,0
T03990,U0982,D0488,M091,2026-08-03 06:36:00,1105.12,Delhi,0
T03991,U0260,D0258,M080,2026-08-22 18:30:00,1961.12,Hyderabad,0
T03992,U0541,D0330,M037,2026-08-22 19:24:00,4482.66,Mumbai,0
T03993,U0317,D0379,M076,2026-08-27 19:10:00,9328.21,Hyderabad,0
T03994,U0380,D0183,M076,2026-08-07 05:09:00,5917.84,Delhi,0
T03995,U0414,D0268,M081,2026-08-12 22:09:00,9719.52,Hyderabad,0
T03996,U0204,D0388,M099,2026-08-27 15:53:00,7923.94,Pune,0
T03997,U0188,D0133,M032,2026-08-25 05:22:00,5996.22,Hyderabad,0
T03998,U0642,D0192,M099,2026-08-01 18:31:00,5359.79,Chennai,0
T03999,U0851,D0438,M069,2026-08-08 10:49:00,1042.48,Bangalore,0
T04000,U0704,D0380,M078,2026-08-24 18:14:00,2976.04,Hyderabad,0
T04001,U0325,D0409,M063,2026-08-18 17:50:00,2841.66,Delhi,0
T04002,U0946,D0340,M064,2026-08-29 04:23:00,7535.72,Pune,0
T04003,U0780,D0446,M084,2026-08-27 12:36:00,3770.05,Chennai,0
T04004,U0725,D0265,M088,2026-08-15 22:54:00,6387.58,Delhi,0
T04005,U0507,D0462,M092,2026-08-06 18:04:00,9459.93,Pune,0
T04006,U0264,D0379,M032,2026-08-09 03:40:00,1520.25,Mumbai,0
T04007,U0914,D0374,M085,2026-08-25 12:31:00,6131.11,Pune,0
T04008,U0797,D0113,M043,2026-08-14 14:50:00,5335.28,Chennai,0
T04009,U0805,D0387,M083,2026-08-04 17:30:00,4675.01,Hyderabad,0
T04010,U0919,D0373,M093,2026-08-14 14:51:00,9167.45,Hyderabad,0
T04011,U0487,D0491,M038,2026-08-13 02:24:00,7968.57,Chennai,0
T04012,U0586,D0330,M046,2026-08-24 19:20:00,9949.65,Delhi,0
T04013,U0258,D0118,M049,2026-08-10 21:43:00,6418.13,Chennai,0
T04014,U0691,D0333,M069,2026-08-20 18:29:00,8504.32,Bangalore,0
T04015,U0944,D0117,M099,2026-08-12 04:26:00,6136.57,Mumbai,0
T04016,U0702,D0116,M061,2026-08-16 07:36:00,5806.73,Bangalore,0
T04017,U0906,D0483,M099,2026-08-29 16:25:00,8474.64,Bangalore,0
T04018,U0606,D0315,M099,2026-08-03 03:19:00,3767.02,Chennai,0
T04019,U0724,D0293,M080,2026-08-27 15:11:00,2156.49,Hyderabad,0
T04020,U0242,D0397,M066,2026-08-23 23:08:00,5430.76,Bangalore,0
T04021,U0923,D0445,M085,2026-08-01 12:59:00,7711.14,Pune,0
T04022,U0477,D0175,M042,2026-08-18 22:58:00,297.75,Pune,0
T04023,U0275,D0138,M099,2026-08-11 23:22:00,7893.92,Bangalore,0
T04024,U0161,D0203,M094,2026-08-06 17:14:00,8543.03,Mumbai,0
T04025,U0465,D0144,M066,2026-08-16 21:48:00,1300.5,Pune,0
T04026,U0587,D0097,M099,2026-08-03 16:31:00,6931.84,Hyderabad,0
T04027,U0997,D0349,M038,2026-08-23 20:37:00,7200.07,Bangalore,0
T04028,U0441,D0243,M033,2026-08-07 04:08:00,3063.43,Pune,0
T04029,U0623,D0181,M077,2026-08-04 04:06:00,9067.19,Pune,0
T04030,U0965,D0478,M093,2026-08-23 13:58:00,2135.85,Mumbai,0
T04031,U0294,D0301,M036,2026-08-10 21:03:00,6933.05,Delhi,0
T04032,U0888,D0382,M077,2026-08-26 20:47:00,2528.93,Hyderabad,0
T04033,U0398,D0484,M033,2026-08-01 07:46:00,6303.65,Delhi,0
T04034,U0480,D0460,M081,2026-08-05 02:41:00,3730.51,Hyderabad,0
T04035,U0612,D0416,M057,2026-08-04 21:52:00,6541.55,Mumbai,0
T04036,U0991,D0268,M056,2026-08-27 14:44:00,4924.7,Chennai,0
T04037,U0516,D0253,M040,2026-08-05 14:36:00,3860.33,Chennai,0
T04038,U0553,D0423,M031,2026-08-07 02:23:00,8399.36,Chennai,0
T04039,U0633,D0324,M049,2026-08-21 19:05:00,378.91,Chennai,0
T04040,U0708,D0380,M079,2026-08-30 14:08:00,3844.28,Bangalore,0
T04041,U0502,D0203,M063,2026-08-09 01:25:00,5260.28,Mumbai,0
T04042,U0977,D0206,M058,2026-08-04 03:01:00,8188.3,Pune,0
T04043,U0573,D0115,M030,2026-08-05 18:30:00,6272.17,Pune,0
T04044,U0623,D0241,M052,2026-08-16 05:38:00,5400.59,Pune,0
T04045,U0457,D0285,M059,2026-08-02 22:48:00,9755.6,Bangalore,0
T04046,U0189,D0172,M097,2026-08-25 21:19:00,112.1,Mumbai,0
T04047,U0370,D0080,M059,2026-08-07 11:52:00,4917.4,Chennai,0
T04048,U0583,D0144,M091,2026-08-05 15:54:00,2706.64,Hyderabad,0
T04049,U0843,D0214,M084,2026-08-06 06:46:00,5335.8,Delhi,0
T04050,U0386,D0379,M066,2026-08-10 14:55:00,9272.99,Delhi,0
T04051,U0572,D0370,M031,2026-08-20 00:59:00,5003.44,Hyderabad,0
T04052,U0862,D0463,M026,2026-08-26 22:13:00,1819.63,Delhi,0
T04053,U0700,D0466,M061,2026-08-28 22:17:00,5140.56,Hyderabad,0
T04054,U0478,D0462,M070,2026-08-06 02:12:00,8571.22,Chennai,0
T04055,U0936,D0244,M094,2026-08-21 15:32:00,1444.27,Mumbai,0
T04056,U0277,D0308,M060,2026-08-09 22:40:00,310.6,Mumbai,0
T04057,U0976,D0359,M097,2026-08-06 10:52:00,7909.48,Mumbai,0
T04058,U0991,D0214,M030,2026-08-10 05:50:00,3120.16,Chennai,0
T04059,U0755,D0333,M092,2026-08-03 23:00:00,5121.85,Chennai,0
T04060,U0712,D0316,M082,2026-08-30 16:02:00,7499.39,Delhi,0
T04061,U0378,D0450,M055,2026-08-10 18:14:00,4106.56,Mumbai,0
T04062,U0611,D0083,M058,2026-08-05 06:59:00,2402.23,Bangalore,0
T04063,U0770,D0082,M040,2026-08-16 21:19:00,2010.71,Pune,0
T04064,U0580,D0087,M049,2026-08-25 19:13:00,1364.39,Chennai,0
T04065,U0508,D0211,M047,2026-08-02 19:09:00,9245.91,Bangalore,0
T04066,U0821,D0163,M055,2026-08-04 20:50:00,6151.01,Pune,0
T04067,U0819,D0258,M083,2026-08-22 00:26:00,1426.11,Hyderabad,0
T04068,U0927,D0219,M034,2026-08-01 21:29:00,660.31,Pune,0
T04069,U0657,D0429,M060,2026-08-05 12:54:00,5693.76,Chennai,0
T04070,U0428,D0266,M056,2026-08-26 01:39:00,6468.14,Bangalore,0
T04071,U0787,D0323,M065,2026-08-05 11:54:00,9552.04,Chennai,0
T04072,U0298,D0460,M061,2026-08-25 18:10:00,9525.97,Bangalore,0
T04073,U0752,D0449,M097,2026-08-22 14:27:00,1595.13,Mumbai,0
T04074,U0412,D0370,M078,2026-08-10 07:34:00,1914.99,Hyderabad,0
T04075,U0231,D0329,M064,2026-08-07 13:27:00,1936.67,Bangalore,0
T04076,U0422,D0431,M053,2026-08-08 20:17:00,4250.24,Bangalore,0
T04077,U0697,D0500,M032,2026-08-02 14:42:00,2004.95,Mumbai,0
T04078,U0689,D0296,M038,2026-08-18 08:40:00,2229.61,Mumbai,0
T04079,U0163,D0152,M095,2026-08-19 04:12:00,4541.64,Pune,0
T04080,U0324,D0104,M045,2026-08-02 14:23:00,414.8,Hyderabad,0
T04081,U0949,D0481,M056,2026-08-18 18:59:00,8943.3,Mumbai,0
T04082,U0889,D0145,M034,2026-08-26 23:56:00,3667.87,Mumbai,0
T04083,U0707,D0374,M029,2026-08-01 10:53:00,3455.75,Mumbai,0
T04084,U0770,D0236,M029,2026-08-03 17:27:00,1048.22,Chennai,0
T04085,U0290,D0246,M098,2026-08-01 13:27:00,357.37,Mumbai,0
T04086,U0372,D0391,M085,2026-08-05 01:43:00,1976.11,Bangalore,0
T04087,U0821,D0307,M047,2026-08-08 07:01:00,1025.89,Chennai,0
T04088,U0704,D0492,M074,2026-08-26 18:37:00,508.44,Delhi,0
T04089,U0634,D0114,M075,2026-08-23 13:20:00,1511.1,Bangalore,0
T04090,U0176,D0487,M058,2026-08-15 09:23:00,8714.37,Pune,0
T04091,U0943,D0219,M078,2026-08-06 02:11:00,9988.06,Bangalore,0
T04092,U0734,D0161,M096,2026-08-04 02:42:00,4792.21,Bangalore,0
T04093,U0616,D0207,M065,2026-08-12 03:28:00,4129.92,Chennai,0
T04094,U0995,D0191,M064,2026-08-14 08:10:00,8582.6,Chennai,0
T04095,U0339,D0260,M044,2026-08-05 05:24:00,6514.66,Bangalore,0
T04096,U0298,D0251,M049,2026-08-10 18:28:00,9122.56,Hyderabad,0
T04097,U0924,D0118,M044,2026-08-01 18:35:00,5875.08,Hyderabad,0
T04098,U0910,D0497,M083,2026-08-22 14:14:00,8844.69,Mumbai,0
T04099,U0782,D0087,M052,2026-08-09 07:28:00,4264.6,Pune,0
T04100,U0512,D0237,M038,2026-08-11 05:22:00,9237.2,Mumbai,0
T04101,U0569,D0116,M085,2026-08-28 10:17:00,8201.58,Pune,0
T04102,U0721,D0088,M043,2026-08-13 07:17:00,9485.38,Pune,0
T04103,U0518,D0375,M095,2026-08-16 23:07:00,1208.27,Bangalore,0
T04104,U0285,D0130,M039,2026-08-27 04:01:00,6707.41,Hyderabad,0
T04105,U0700,D0373,M037,2026-08-08 18:28:00,8073.69,Delhi,0
T04106,U0565,D0463,M062,2026-08-28 14:37:00,8043.1,Mumbai,0
T04107,U0412,D0321,M097,2026-08-20 11:26:00,7932.52,Delhi,0
T04108,U0841,D0291,M042,2026-08-10 17:37:00,4689.73,Bangalore,0
T04109,U0160,D0332,M093,2026-08-13 06:04:00,3188.42,Hyderabad,0
T04110,U0175,D0337,M055,2026-08-20 22:45:00,8226.56,Delhi,0
T04111,U0241,D0365,M040,2026-08-27 00:39:00,422.04,Hyderabad,0
T04112,U0785,D0366,M042,2026-08-04 21:39:00,4428.11,Bangalore,0
T04113,U0202,D0282,M099,2026-08-25 01:54:00,9339.57,Chennai,0
T04114,U0553,D0387,M042,2026-08-09 23:35:00,7875.69,Chennai,0
T04115,U0436,D0352,M060,2026-08-24 04:54:00,4426.76,Mumbai,0
T04116,U0191,D0334,M046,2026-08-06 08:05:00,2317.61,Delhi,0
T04117,U0571,D0239,M061,2026-08-20 15:31:00,1956.17,Pune,0
T04118,U0160,D0162,M034,2026-08-08 13:51:00,2073.09,Pune,0
T04119,U0654,D0427,M044,2026-08-01 15:53:00,3656.87,Hyderabad,0
T04120,U0152,D0182,M053,2026-08-01 02:09:00,703.5,Bangalore,0
T04121,U0712,D0341,M074,2026-08-12 07:36:00,7953.47,Pune,0
T04122,U0882,D0282,M084,2026-08-11 21:20:00,5978.06,Delhi,0
T04123,U0155,D0077,M092,2026-08-24 17:10:00,5760.2,Delhi,0
T04124,U0243,D0138,M058,2026-08-06 10:06:00,4121.32,Bangalore,0
T04125,U0174,D0372,M037,2026-08-18 11:57:00,5720.4,Pune,0
T04126,U0793,D0153,M056,2026-08-07 07:40:00,6886.56,Chennai,0
T04127,U0618,D0455,M100,2026-08-25 05:00:00,9456.2,Delhi,0
T04128,U0895,D0311,M031,2026-08-18 16:01:00,188.17,Pune,0
T04129,U0495,D0229,M095,2026-08-04 17:47:00,9433.75,Delhi,0
T04130,U0586,D0321,M059,2026-08-18 16:21:00,2524.94,Bangalore,0
T04131,U0174,D0381,M091,2026-08-13 14:55:00,6874.54,Chennai,0
T04132,U0595,D0136,M038,2026-08-12 02:51:00,9535.61,Bangalore,0
T04133,U0249,D0343,M036,2026-08-15 11:42:00,1015.42,Delhi,0
T04134,U0719,D0406,M073,2026-08-12 19:02:00,3364.29,Chennai,0
T04135,U0928,D0369,M065,2026-08-07 19:55:00,9730.51,Chennai,0
T04136,U0802,D0209,M027,2026-08-04 02:43:00,3693.89,Hyderabad,0
T04137,U0931,D0198,M061,2026-08-19 18:58:00,4170.05,Mumbai,0
T04138,U0480,D0268,M099,2026-08-28 15:14:00,6012.58,Hyderabad,0
T04139,U0746,D0436,M060,2026-08-19 09:44:00,4376.23,Chennai,0
T04140,U0884,D0103,M038,2026-08-03 15:57:00,5550.31,Hyderabad,0
T04141,U0810,D0445,M028,2026-08-07 08:07:00,7092.77,Delhi,0
T04142,U0244,D0428,M090,2026-08-07 22:15:00,9214.44,Pune,0
T04143,U0378,D0338,M083,2026-08-28 03:29:00,9232.18,Hyderabad,0
T04144,U0152,D0152,M076,2026-08-07 09:43:00,433.44,Hyderabad,0
T04145,U0663,D0111,M089,2026-08-12 22:15:00,6919.39,Chennai,0
T04146,U0629,D0192,M071,2026-08-29 23:57:00,9712.3,Mumbai,0
T04147,U0470,D0157,M054,2026-08-16 16:13:00,9957.88,Bangalore,0
T04148,U0159,D0226,M037,2026-08-08 06:11:00,6235.57,Delhi,0
T04149,U0293,D0358,M068,2026-08-05 21:04:00,5534.63,Pune,0
T04150,U0579,D0111,M048,2026-08-29 17:49:00,9748.07,Hyderabad,0
T04151,U0729,D0085,M062,2026-08-19 02:15:00,1232.78,Bangalore,0
T04152,U0213,D0313,M048,2026-08-10 23:16:00,648.28,Mumbai,0
T04153,U0569,D0088,M032,2026-08-04 21:07:00,1365.09,Chennai,0
T04154,U0685,D0149,M084,2026-08-04 22:39:00,393.28,Pune,0
T04155,U0914,D0165,M051,2026-08-06 18:53:00,5721.2,Pune,0
T04156,U0588,D0111,M070,2026-08-05 01:50:00,1338.43,Pune,0
T04157,U0421,D0348,M073,2026-08-01 12:35:00,5027.81,Mumbai,0
T04158,U0596,D0460,M067,2026-08-11 05:05:00,9561.63,Pune,0
T04159,U0923,D0208,M065,2026-08-18 09:03:00,7281.52,Hyderabad,0
T04160,U0821,D0166,M044,2026-08-21 00:23:00,4247.72,Chennai,0
T04161,U0800,D0229,M075,2026-08-02 03:28:00,1160.0,Bangalore,0
T04162,U0491,D0197,M026,2026-08-17 15:42:00,5042.28,Pune,0
T04163,U0968,D0396,M052,2026-08-15 01:38:00,4969.0,Chennai,0
T04164,U0416,D0196,M070,2026-08-26 09:50:00,9614.92,Bangalore,0
T04165,U0653,D0285,M094,2026-08-08 16:40:00,1715.5,Hyderabad,0
T04166,U0926,D0127,M042,2026-08-21 21:11:00,6714.97,Chennai,0
T04167,U0554,D0307,M026,2026-08-24 04:23:00,3980.65,Mumbai,0
T04168,U0871,D0490,M075,2026-08-16 23:28:00,9325.63,Mumbai,0
T04169,U0307,D0142,M061,2026-08-04 11:39:00,9568.29,Delhi,0
T04170,U0603,D0285,M095,2026-08-21 02:46:00,5155.3,Hyderabad,0
T04171,U0960,D0395,M063,2026-08-22 12:58:00,4724.11,Bangalore,0
T04172,U0829,D0157,M100,2026-08-03 17:38:00,6427.21,Hyderabad,0
T04173,U0166,D0094,M078,2026-08-05 22:53:00,8082.14,Hyderabad,0
T04174,U0663,D0365,M087,2026-08-14 17:08:00,9738.19,Chennai,0
T04175,U0391,D0236,M060,2026-08-10 12:48:00,3145.24,Hyderabad,0
T04176,U0894,D0290,M074,2026-08-25 22:13:00,1608.37,Bangalore,0
T04177,U0305,D0120,M069,2026-08-29 23:59:00,4384.95,Hyderabad,0
T04178,U0770,D0453,M071,2026-08-08 10:43:00,3633.48,Delhi,0
T04179,U0955,D0164,M028,2026-08-19 04:32:00,6633.26,Hyderabad,0
T04180,U0971,D0220,M037,2026-08-06 15:08:00,1100.65,Pune,0
T04181,U0778,D0328,M051,2026-08-25 21:08:00,5549.27,Delhi,0
T04182,U0301,D0313,M057,2026-08-01 02:45:00,8586.03,Mumbai,0
T04183,U0390,D0233,M054,2026-08-16 08:29:00,6803.97,Hyderabad,0
T04184,U0663,D0333,M048,2026-08-03 22:44:00,5329.53,Hyderabad,0
T04185,U0751,D0486,M079,2026-08-25 10:22:00,329.67,Mumbai,0
T04186,U0565,D0208,M028,2026-08-16 19:21:00,8482.75,Bangalore,0
T04187,U0195,D0169,M037,2026-08-08 07:51:00,8170.26,Hyderabad,0
T04188,U0469,D0176,M061,2026-08-04 17:51:00,8041.26,Chennai,0
T04189,U0404,D0091,M041,2026-08-19 06:29:00,604.48,Delhi,0
T04190,U0912,D0346,M080,2026-08-01 04:34:00,8255.58,Chennai,0
T04191,U0659,D0148,M038,2026-08-30 05:04:00,8735.72,Mumbai,0
T04192,U0205,D0105,M051,2026-08-08 10:12:00,718.57,Pune,0
T04193,U0357,D0129,M083,2026-08-26 01:34:00,8297.91,Delhi,0
T04194,U0769,D0101,M036,2026-08-05 01:43:00,8095.12,Bangalore,0
T04195,U0164,D0183,M064,2026-08-22 14:39:00,8151.58,Chennai,0
T04196,U0260,D0460,M089,2026-08-05 12:01:00,5937.97,Mumbai,0
T04197,U0931,D0409,M097,2026-08-19 21:13:00,551.31,Pune,0
T04198,U0258,D0398,M075,2026-08-08 01:56:00,7629.54,Hyderabad,0
T04199,U0851,D0442,M032,2026-08-24 02:08:00,2657.87,Delhi,0
T04200,U0814,D0221,M085,2026-08-24 20:13:00,3353.7,Hyderabad,0
T04201,U0160,D0397,M041,2026-08-04 12:08:00,2139.73,Mumbai,0
T04202,U0499,D0190,M069,2026-08-25 03:01:00,1739.92,Bangalore,0
T04203,U0174,D0317,M047,2026-08-26 09:36:00,5332.0,Mumbai,0
T04204,U0686,D0457,M026,2026-08-22 11:11:00,1462.26,Mumbai,0
T04205,U0764,D0465,M033,2026-08-11 07:36:00,4732.69,Mumbai,0
T04206,U0259,D0294,M029,2026-08-26 03:30:00,6933.57,Bangalore,0
T04207,U0948,D0391,M086,2026-08-08 00:53:00,1384.81,Chennai,0
T04208,U0844,D0381,M075,2026-08-12 10:30:00,4863.11,Bangalore,0
T04209,U0699,D0177,M088,2026-08-16 10:06:00,8391.26,Bangalore,0
T04210,U0609,D0290,M097,2026-08-05 19:49:00,9006.74,Bangalore,0
T04211,U0337,D0484,M062,2026-08-25 21:30:00,247.75,Pune,0
T04212,U0884,D0357,M072,2026-08-17 00:21:00,4708.67,Delhi,0
T04213,U0183,D0083,M047,2026-08-30 15:25:00,2643.24,Hyderabad,0
T04214,U0349,D0484,M043,2026-08-10 16:57:00,8775.76,Chennai,0
T04215,U0317,D0498,M041,2026-08-18 18:45:00,5892.29,Mumbai,0
T04216,U0767,D0418,M074,2026-08-26 02:22:00,3588.87,Mumbai,0
T04217,U0416,D0279,M086,2026-08-01 21:45:00,3950.44,Mumbai,0
T04218,U0849,D0425,M071,2026-08-04 00:24:00,4425.61,Pune,0
T04219,U0272,D0201,M099,2026-08-17 14:19:00,7000.12,Chennai,0
T04220,U0242,D0240,M033,2026-08-06 06:05:00,8403.42,Hyderabad,0
T04221,U0994,D0150,M075,2026-08-04 07:24:00,143.68,Bangalore,0
T04222,U0373,D0177,M072,2026-08-03 02:42:00,9794.33,Pune,0
T04223,U0686,D0468,M059,2026-08-08 02:59:00,2892.49,Chennai,0
T04224,U0870,D0459,M040,2026-08-29 05:12:00,5428.12,Chennai,0
T04225,U0742,D0146,M062,2026-08-25 15:49:00,8567.27,Delhi,0
T04226,U0218,D0188,M029,2026-08-01 11:09:00,3084.13,Bangalore,0
T04227,U0907,D0293,M035,2026-08-01 16:53:00,3232.29,Chennai,0
T04228,U0198,D0151,M038,2026-08-17 18:16:00,9124.76,Mumbai,0
T04229,U0638,D0444,M072,2026-08-26 00:48:00,9892.7,Pune,0
T04230,U0448,D0282,M057,2026-08-11 12:24:00,6710.69,Delhi,0
T04231,U0488,D0195,M065,2026-08-26 00:41:00,998.08,Bangalore,0
T04232,U0484,D0084,M041,2026-08-13 13:36:00,9129.63,Mumbai,0
T04233,U0416,D0469,M045,2026-08-23 07:50:00,5105.09,Delhi,0
T04234,U0957,D0293,M041,2026-08-15 13:35:00,4777.34,Delhi,0
T04235,U0496,D0240,M040,2026-08-07 05:26:00,5505.49,Bangalore,0
T04236,U0610,D0328,M068,2026-08-05 11:34:00,1426.47,Delhi,0
T04237,U0532,D0467,M098,2026-08-23 15:40:00,5116.23,Hyderabad,0
T04238,U0521,D0208,M045,2026-08-18 03:06:00,8555.41,Pune,0
T04239,U0197,D0466,M085,2026-08-08 07:36:00,2348.12,Mumbai,0
T04240,U0170,D0154,M063,2026-08-14 07:43:00,4407.8,Pune,0
T04241,U0529,D0471,M061,2026-08-20 05:51:00,7754.32,Mumbai,0
T04242,U0295,D0094,M071,2026-08-03 22:37:00,4471.28,Bangalore,0
T04243,U0622,D0180,M033,2026-08-23 18:10:00,4692.07,Hyderabad,0
T04244,U0544,D0488,M059,2026-08-30 16:31:00,4858.78,Pune,0
T04245,U0921,D0193,M087,2026-08-03 18:50:00,2243.48,Mumbai,0
T04246,U0476,D0233,M055,2026-08-25 02:59:00,257.86,Chennai,0
T04247,U0603,D0227,M035,2026-08-14 17:33:00,5082.22,Hyderabad,0
T04248,U0873,D0311,M049,2026-08-18 10:41:00,593.12,Delhi,0
T04249,U0327,D0246,M059,2026-08-18 22:49:00,6883.99,Mumbai,0
T04250,U0302,D0306,M049,2026-08-26 06:12:00,5210.32,Hyderabad,0
T04251,U0197,D0305,M079,2026-08-20 12:09:00,2581.65,Bangalore,0
T04252,U0607,D0410,M074,2026-08-10 09:57:00,1523.79,Bangalore,0
T04253,U0874,D0181,M069,2026-08-10 11:27:00,7293.63,Mumbai,0
T04254,U0638,D0289,M043,2026-08-17 07:10:00,6077.05,Chennai,0
T04255,U0692,D0296,M090,2026-08-22 15:01:00,6113.08,Mumbai,0
T04256,U0838,D0431,M029,2026-08-12 23:32:00,5218.42,Delhi,0
T04257,U0553,D0378,M055,2026-08-09 00:38:00,669.59,Hyderabad,0
T04258,U0949,D0265,M056,2026-08-12 19:40:00,159.66,Bangalore,0
T04259,U0854,D0344,M044,2026-08-22 14:01:00,2080.15,Mumbai,0
T04260,U0911,D0118,M067,2026-08-28 03:11:00,8552.17,Mumbai,0
T04261,U0414,D0473,M027,2026-08-15 07:16:00,1999.34,Pune,0
T04262,U0906,D0240,M078,2026-08-21 11:46:00,671.95,Mumbai,0
T04263,U0663,D0380,M085,2026-08-23 17:55:00,7135.73,Hyderabad,0
T04264,U0411,D0157,M081,2026-08-04 12:04:00,5908.3,Bangalore,0
T04265,U0398,D0476,M093,2026-08-12 19:37:00,1556.91,Chennai,0
T04266,U0639,D0183,M077,2026-08-06 22:15:00,4608.87,Chennai,0
T04267,U0335,D0106,M048,2026-08-08 23:37:00,9442.56,Chennai,0
T04268,U0644,D0128,M039,2026-08-04 09:55:00,8375.57,Hyderabad,0
T04269,U0817,D0326,M080,2026-08-28 14:43:00,1294.85,Mumbai,0
T04270,U0260,D0292,M047,2026-08-03 14:29:00,7816.43,Chennai,0
T04271,U0782,D0354,M073,2026-08-06 04:32:00,2960.61,Delhi,0
T04272,U0564,D0371,M096,2026-08-11 14:09:00,420.58,Chennai,0
T04273,U0257,D0293,M100,2026-08-01 08:35:00,2152.57,Chennai,0
T04274,U0342,D0091,M049,2026-08-19 19:20:00,9949.53,Delhi,0
T04275,U0964,D0357,M027,2026-08-05 08:28:00,9969.15,Hyderabad,0
T04276,U0339,D0423,M076,2026-08-13 05:25:00,5005.01,Bangalore,0
T04277,U0213,D0292,M095,2026-08-02 03:36:00,8696.68,Mumbai,0
T04278,U0626,D0464,M028,2026-08-10 19:58:00,8081.61,Bangalore,0
T04279,U0560,D0175,M083,2026-08-02 18:58:00,8892.91,Pune,0
T04280,U0162,D0092,M063,2026-08-27 13:07:00,2063.02,Chennai,0
T04281,U0574,D0310,M049,2026-08-12 13:13:00,9176.52,Mumbai,0
T04282,U0742,D0190,M040,2026-08-21 01:13:00,1683.11,Hyderabad,0
T04283,U0952,D0303,M081,2026-08-11 23:57:00,9167.21,Bangalore,0
T04284,U0703,D0189,M098,2026-08-02 11:30:00,7440.19,Hyderabad,0
T04285,U0417,D0107,M046,2026-08-16 22:04:00,6196.24,Delhi,0
T04286,U0988,D0357,M067,2026-08-05 22:45:00,7018.92,Chennai,0
T04287,U0906,D0385,M054,2026-08-06 18:57:00,4673.97,Chennai,0
T04288,U0927,D0328,M049,2026-08-25 14:49:00,8625.67,Chennai,0
T04289,U0737,D0136,M075,2026-08-11 02:42:00,3545.81,Bangalore,0
T04290,U0456,D0471,M098,2026-08-20 12:50:00,689.05,Mumbai,0
T04291,U0886,D0290,M083,2026-08-18 23:35:00,6494.23,Chennai,0
T04292,U0615,D0161,M096,2026-08-30 07:59:00,3106.85,Chennai,0
T04293,U0753,D0326,M059,2026-08-29 08:57:00,7514.29,Delhi,0
T04294,U0533,D0087,M083,2026-08-01 00:37:00,5106.09,Delhi,0
T04295,U0596,D0230,M026,2026-08-20 01:19:00,7507.02,Hyderabad,0
T04296,U0922,D0287,M028,2026-08-08 17:17:00,541.49,Bangalore,0
T04297,U0832,D0442,M039,2026-08-26 17:10:00,9602.32,Chennai,0
T04298,U0760,D0099,M047,2026-08-09 11:20:00,7739.31,Hyderabad,0
T04299,U0946,D0498,M064,2026-08-11 20:10:00,6235.0,Hyderabad,0
T04300,U0416,D0353,M099,2026-08-02 13:47:00,5889.34,Chennai,0
T04301,U0311,D0254,M050,2026-08-12 06:04:00,2142.27,Bangalore,0
T04302,U0322,D0201,M071,2026-08-04 01:26:00,503.3,Hyderabad,0
T04303,U0818,D0488,M068,2026-08-16 15:47:00,8549.72,Bangalore,0
T04304,U0267,D0392,M054,2026-08-16 08:47:00,2908.43,Pune,0
T04305,U0850,D0093,M054,2026-08-19 10:10:00,5850.86,Delhi,0
T04306,U0978,D0362,M062,2026-08-10 11:21:00,6275.44,Chennai,0
T04307,U0348,D0159,M063,2026-08-12 05:00:00,4001.73,Chennai,0
T04308,U0757,D0294,M042,2026-08-01 07:54:00,8137.27,Bangalore,0
T04309,U0506,D0364,M094,2026-08-30 08:37:00,2381.87,Chennai,0
T04310,U0958,D0213,M060,2026-08-05 02:48:00,1700.75,Delhi,0
T04311,U0209,D0303,M068,2026-08-28 05:39:00,3988.94,Delhi,0
T04312,U0766,D0390,M043,2026-08-03 13:38:00,1267.25,Chennai,0
T04313,U0659,D0281,M051,2026-08-04 10:11:00,4863.11,Hyderabad,0
T04314,U0753,D0266,M061,2026-08-08 06:49:00,749.11,Bangalore,0
T04315,U0544,D0169,M060,2026-08-30 04:03:00,1019.78,Chennai,0
T04316,U0609,D0251,M038,2026-08-27 16:01:00,1411.15,Mumbai,0
T04317,U0608,D0114,M055,2026-08-05 13:05:00,4868.01,Chennai,0
T04318,U0890,D0281,M042,2026-08-20 06:37:00,8564.21,Hyderabad,0
T04319,U0635,D0239,M045,2026-08-24 03:37:00,6332.6,Mumbai,0
T04320,U0408,D0272,M039,2026-08-07 10:57:00,7042.07,Delhi,0
T04321,U0586,D0137,M083,2026-08-11 09:39:00,361.85,Delhi,0
T04322,U0758,D0157,M094,2026-08-13 05:21:00,3222.51,Chennai,0
T04323,U0427,D0107,M050,2026-08-08 13:33:00,7080.99,Bangalore,0
T04324,U0513,D0429,M055,2026-08-16 02:29:00,3610.79,Hyderabad,0
T04325,U0247,D0214,M052,2026-08-07 08:27:00,1093.64,Pune,0
T04326,U0258,D0229,M056,2026-08-03 05:55:00,5222.5,Mumbai,0
T04327,U0647,D0378,M085,2026-08-30 00:33:00,1482.61,Mumbai,0
T04328,U0770,D0140,M073,2026-08-12 10:30:00,8613.7,Chennai,0
T04329,U0246,D0332,M095,2026-08-11 18:03:00,7111.14,Hyderabad,0
T04330,U0794,D0484,M067,2026-08-25 13:29:00,7933.05,Delhi,0
T04331,U0335,D0452,M026,2026-08-14 18:25:00,7739.44,Mumbai,0
T04332,U0655,D0097,M081,2026-08-23 10:10:00,6377.07,Delhi,0
T04333,U0354,D0182,M056,2026-08-08 17:51:00,5930.23,Delhi,0
T04334,U0591,D0257,M038,2026-08-17 06:59:00,8738.81,Bangalore,0
T04335,U0320,D0250,M085,2026-08-25 16:59:00,6688.57,Mumbai,0
T04336,U0432,D0105,M092,2026-08-16 04:19:00,6401.74,Hyderabad,0
T04337,U0903,D0345,M093,2026-08-09 17:49:00,8312.47,Delhi,0
T04338,U0326,D0472,M067,2026-08-20 21:35:00,7134.95,Mumbai,0
T04339,U0289,D0283,M048,2026-08-01 19:38:00,7422.6,Hyderabad,0
T04340,U0558,D0322,M042,2026-08-30 23:12:00,5886.56,Chennai,0
T04341,U0522,D0232,M053,2026-08-30 00:28:00,8761.47,Pune,0
T04342,U0533,D0117,M100,2026-08-18 19:56:00,1770.85,Chennai,0
T04343,U0327,D0169,M070,2026-08-01 09:25:00,7574.32,Delhi,0
T04344,U0338,D0256,M077,2026-08-08 15:30:00,7593.64,Hyderabad,0
T04345,U0608,D0164,M096,2026-08-19 17:07:00,1968.16,Hyderabad,0
T04346,U0335,D0406,M027,2026-08-05 03:00:00,8525.71,Chennai,0
T04347,U0962,D0159,M057,2026-08-13 10:45:00,963.18,Delhi,0
T04348,U0738,D0165,M027,2026-08-01 14:41:00,6094.3,Pune,0
T04349,U0578,D0277,M047,2026-08-21 04:17:00,493.6,Mumbai,0
T04350,U0559,D0076,M059,2026-08-16 14:18:00,8297.51,Bangalore,0
T04351,U0745,D0260,M081,2026-08-09 20:07:00,1932.6,Mumbai,0
T04352,U0442,D0407,M031,2026-08-01 20:29:00,7200.05,Delhi,0
T04353,U0227,D0101,M036,2026-08-27 03:58:00,2274.1,Hyderabad,0
T04354,U0932,D0178,M094,2026-08-29 04:19:00,1858.6,Chennai,0
T04355,U0456,D0313,M037,2026-08-04 22:51:00,9501.41,Chennai,0
T04356,U0542,D0078,M031,2026-08-20 02:36:00,9654.4,Delhi,0
T04357,U0298,D0312,M088,2026-08-30 23:53:00,468.99,Mumbai,0
T04358,U0438,D0280,M040,2026-08-20 00:33:00,8326.44,Bangalore,0
T04359,U0636,D0299,M042,2026-08-18 18:59:00,2885.66,Pune,0
T04360,U0689,D0441,M071,2026-08-01 11:16:00,245.78,Hyderabad,0
T04361,U0384,D0313,M048,2026-08-10 02:19:00,2786.63,Bangalore,0
T04362,U0606,D0498,M080,2026-08-30 23:50:00,1551.47,Chennai,0
T04363,U0840,D0132,M052,2026-08-10 00:31:00,7886.36,Bangalore,0
T04364,U0163,D0405,M059,2026-08-13 21:14:00,7154.26,Mumbai,0
T04365,U0457,D0146,M051,2026-08-05 12:17:00,3951.99,Hyderabad,0
T04366,U0987,D0223,M040,2026-08-09 22:46:00,4651.69,Mumbai,0
T04367,U0632,D0413,M075,2026-08-24 19:38:00,3683.92,Mumbai,0
T04368,U0921,D0092,M080,2026-08-10 11:39:00,7921.39,Delhi,0
T04369,U0450,D0168,M031,2026-08-13 15:02:00,8812.0,Bangalore,0
T04370,U0635,D0243,M069,2026-08-05 13:19:00,5164.81,Mumbai,0
T04371,U0171,D0120,M089,2026-08-29 04:54:00,6193.41,Chennai,0
T04372,U0327,D0229,M049,2026-08-02 20:58:00,8833.83,Hyderabad,0
T04373,U0724,D0188,M082,2026-08-15 00:02:00,2739.43,Hyderabad,0
T04374,U0230,D0469,M089,2026-08-08 15:44:00,2268.34,Hyderabad,0
T04375,U0589,D0475,M068,2026-08-09 22:29:00,5059.73,Mumbai,0
T04376,U0737,D0206,M083,2026-08-26 22:53:00,7632.47,Bangalore,0
T04377,U0320,D0259,M063,2026-08-25 09:31:00,3760.26,Chennai,0
T04378,U0538,D0465,M043,2026-08-20 00:35:00,5638.18,Bangalore,0
T04379,U0438,D0428,M085,2026-08-08 20:54:00,2058.81,Mumbai,0
T04380,U0902,D0437,M060,2026-08-03 21:03:00,6563.09,Bangalore,0
T04381,U0760,D0249,M055,2026-08-23 19:04:00,8756.53,Pune,0
T04382,U0471,D0322,M060,2026-08-08 22:28:00,1004.57,Pune,0
T04383,U0436,D0196,M067,2026-08-27 20:24:00,6073.72,Bangalore,0
T04384,U0746,D0475,M054,2026-08-22 16:57:00,5382.94,Hyderabad,0
T04385,U0839,D0294,M032,2026-08-14 20:50:00,4938.41,Pune,0
T04386,U0801,D0286,M038,2026-08-14 08:41:00,2299.08,Delhi,0
T04387,U0686,D0210,M061,2026-08-10 15:51:00,4624.66,Mumbai,0
T04388,U0896,D0268,M036,2026-08-25 16:15:00,7549.17,Pune,0
T04389,U0510,D0288,M058,2026-08-19 20:18:00,8505.89,Chennai,0
T04390,U0846,D0274,M055,2026-08-19 09:25:00,5579.18,Bangalore,0
T04391,U0527,D0413,M064,2026-08-04 23:10:00,5242.73,Delhi,0
T04392,U0915,D0387,M099,2026-08-02 12:39:00,9389.99,Chennai,0
T04393,U0614,D0319,M047,2026-08-27 06:05:00,8446.92,Bangalore,0
T04394,U0946,D0340,M065,2026-08-16 05:23:00,506.0,Mumbai,0
T04395,U0816,D0363,M075,2026-08-01 22:19:00,2971.55,Chennai,0
T04396,U0523,D0286,M080,2026-08-02 12:20:00,3440.86,Bangalore,0
T04397,U0384,D0437,M057,2026-08-21 05:11:00,2743.39,Mumbai,0
T04398,U0757,D0336,M057,2026-08-10 14:46:00,367.79,Mumbai,0
T04399,U0811,D0301,M053,2026-08-02 00:18:00,8192.49,Mumbai,0
T04400,U0868,D0481,M041,2026-08-25 22:33:00,9336.86,Chennai,0
T04401,U0903,D0169,M079,2026-08-19 16:10:00,8889.74,Mumbai,0
T04402,U0739,D0404,M061,2026-08-04 16:46:00,6181.65,Delhi,0
T04403,U0613,D0336,M090,2026-08-20 14:39:00,3358.06,Delhi,0
T04404,U0929,D0244,M031,2026-08-18 14:56:00,4760.21,Chennai,0
T04405,U0737,D0288,M052,2026-08-14 20:47:00,6829.4,Chennai,0
T04406,U0864,D0339,M090,2026-08-22 22:00:00,9875.37,Bangalore,0
T04407,U0910,D0237,M067,2026-08-01 23:55:00,8454.04,Pune,0
T04408,U0460,D0368,M043,2026-08-07 07:49:00,8301.51,Pune,0
T04409,U0617,D0106,M059,2026-08-30 11:41:00,8578.83,Mumbai,0
T04410,U0934,D0434,M035,2026-08-25 19:21:00,8656.75,Pune,0
T04411,U0891,D0302,M029,2026-08-19 12:41:00,3968.47,Chennai,0
T04412,U0213,D0466,M034,2026-08-19 07:19:00,7653.76,Delhi,0
T04413,U0843,D0083,M086,2026-08-09 17:20:00,9440.7,Delhi,0
T04414,U0746,D0166,M091,2026-08-29 00:31:00,892.91,Delhi,0
T04415,U0986,D0350,M046,2026-08-23 07:47:00,1287.98,Chennai,0
T04416,U0579,D0435,M067,2026-08-10 06:54:00,7748.89,Chennai,0
T04417,U0625,D0122,M084,2026-08-01 06:38:00,5385.55,Hyderabad,0
T04418,U0776,D0210,M047,2026-08-19 10:36:00,5914.39,Chennai,0
T04419,U0181,D0181,M094,2026-08-11 16:02:00,9727.51,Bangalore,0
T04420,U0841,D0470,M056,2026-08-15 20:59:00,3094.62,Pune,0
T04421,U0766,D0430,M028,2026-08-06 03:22:00,2894.54,Delhi,0
T04422,U0776,D0290,M083,2026-08-02 05:15:00,9939.45,Delhi,0
T04423,U0334,D0108,M069,2026-08-25 12:18:00,4447.97,Bangalore,0
T04424,U0527,D0208,M093,2026-08-08 09:23:00,9590.04,Hyderabad,0
T04425,U0388,D0363,M091,2026-08-13 15:34:00,6621.02,Chennai,0
T04426,U0982,D0103,M044,2026-08-04 10:17:00,4712.49,Delhi,0
T04427,U0265,D0288,M086,2026-08-23 20:18:00,8614.32,Bangalore,0
T04428,U0546,D0400,M074,2026-08-30 04:01:00,2783.69,Chennai,0
T04429,U0845,D0134,M069,2026-08-30 08:43:00,5324.27,Bangalore,0
T04430,U0256,D0270,M058,2026-08-27 10:31:00,9217.98,Pune,0
T04431,U0296,D0410,M091,2026-08-05 05:44:00,3352.82,Chennai,0
T04432,U0610,D0472,M031,2026-08-06 04:59:00,4811.94,Delhi,0
T04433,U0310,D0287,M064,2026-08-02 22:27:00,4518.04,Bangalore,0
T04434,U0359,D0091,M091,2026-08-29 15:08:00,5440.27,Delhi,0
T04435,U0806,D0109,M084,2026-08-08 06:02:00,4080.9,Delhi,0
T04436,U0320,D0383,M079,2026-08-26 01:02:00,1821.15,Hyderabad,0
T04437,U0457,D0345,M067,2026-08-02 08:58:00,6639.08,Bangalore,0
T04438,U0619,D0151,M092,2026-08-24 02:28:00,6631.73,Hyderabad,0
T04439,U0729,D0170,M085,2026-08-29 17:35:00,2828.54,Bangalore,0
T04440,U0580,D0352,M026,2026-08-20 06:00:00,9376.89,Pune,0
T04441,U0266,D0444,M075,2026-08-06 00:20:00,1797.76,Mumbai,0
T04442,U0566,D0276,M042,2026-08-01 16:59:00,5618.95,Delhi,0
T04443,U0287,D0084,M056,2026-08-29 10:33:00,1288.46,Bangalore,0
T04444,U0801,D0463,M048,2026-08-20 04:08:00,2026.72,Hyderabad,0
T04445,U0438,D0213,M053,2026-08-15 20:08:00,8050.38,Mumbai,0
T04446,U0796,D0409,M049,2026-08-30 05:09:00,2605.51,Delhi,0
T04447,U0847,D0496,M088,2026-08-01 06:24:00,904.11,Bangalore,0
T04448,U0904,D0458,M063,2026-08-30 22:26:00,1511.78,Chennai,0
T04449,U0824,D0267,M053,2026-08-19 13:27:00,6007.04,Delhi,0
T04450,U0243,D0155,M054,2026-08-21 20:50:00,3705.9,Bangalore,0
T04451,U0338,D0358,M060,2026-08-26 22:27:00,4568.36,Pune,0
T04452,U0211,D0203,M074,2026-08-30 12:54:00,7634.35,Bangalore,0
T04453,U0286,D0462,M063,2026-08-12 00:38:00,3816.78,Chennai,0
T04454,U0934,D0429,M065,2026-08-02 21:54:00,3584.11,Chennai,0
T04455,U0866,D0467,M080,2026-08-12 15:26:00,5062.2,Bangalore,0
T04456,U0867,D0348,M082,2026-08-17 17:05:00,7810.96,Hyderabad,0
T04457,U0846,D0084,M057,2026-08-19 05:01:00,8287.98,Hyderabad,0
T04458,U0673,D0355,M044,2026-08-06 09:49:00,3587.55,Pune,0
T04459,U0734,D0307,M089,2026-08-12 07:43:00,5225.93,Hyderabad,0
T04460,U0880,D0280,M078,2026-08-07 22:19:00,9990.72,Chennai,0
T04461,U0387,D0295,M030,2026-08-18 08:19:00,4092.0,Mumbai,0
T04462,U0769,D0473,M093,2026-08-19 13:22:00,2908.67,Bangalore,0
T04463,U0283,D0266,M100,2026-08-15 03:03:00,5712.78,Mumbai,0
T04464,U0833,D0165,M043,2026-08-03 07:09:00,9518.03,Chennai,0
T04465,U0770,D0344,M075,2026-08-09 09:32:00,1741.28,Mumbai,0
T04466,U0728,D0393,M042,2026-08-01 12:06:00,3899.93,Mumbai,0
T04467,U0225,D0308,M098,2026-08-27 13:14:00,4141.0,Chennai,0
T04468,U0504,D0269,M045,2026-08-27 18:14:00,9156.65,Delhi,0
T04469,U0961,D0451,M096,2026-08-12 06:49:00,2231.83,Delhi,0
T04470,U0903,D0320,M077,2026-08-26 07:16:00,5196.2,Pune,0
T04471,U0658,D0306,M049,2026-08-17 22:30:00,9172.01,Mumbai,0
T04472,U0163,D0230,M041,2026-08-12 05:51:00,2622.59,Chennai,0
T04473,U0201,D0343,M058,2026-08-28 16:06:00,8149.67,Bangalore,0
T04474,U0486,D0178,M093,2026-08-09 15:05:00,9762.88,Delhi,0
T04475,U0237,D0155,M042,2026-08-19 07:35:00,197.45,Bangalore,0
T04476,U0219,D0224,M064,2026-08-03 06:15:00,6558.48,Pune,0
T04477,U0866,D0314,M077,2026-08-07 16:20:00,8416.75,Pune,0
T04478,U0915,D0110,M065,2026-08-30 16:13:00,6647.22,Bangalore,0
T04479,U0442,D0450,M098,2026-08-04 05:14:00,2255.5,Bangalore,0
T04480,U0168,D0180,M092,2026-08-27 03:57:00,5007.49,Chennai,0
T04481,U0801,D0354,M086,2026-08-07 00:36:00,428.4,Delhi,0
T04482,U0704,D0298,M067,2026-08-18 11:09:00,3041.51,Pune,0
T04483,U0955,D0417,M043,2026-08-14 12:14:00,9095.05,Hyderabad,0
T04484,U0786,D0439,M045,2026-08-03 12:44:00,5234.04,Chennai,0
T04485,U0495,D0194,M029,2026-08-26 22:50:00,9331.63,Mumbai,0
T04486,U0589,D0387,M039,2026-08-29 07:48:00,9438.44,Delhi,0
T04487,U0786,D0281,M042,2026-08-26 20:49:00,9407.63,Delhi,0
T04488,U0987,D0093,M073,2026-08-19 07:25:00,5386.09,Bangalore,0
T04489,U0238,D0318,M072,2026-08-12 04:42:00,6316.68,Bangalore,0
T04490,U0610,D0391,M078,2026-08-19 14:46:00,1094.99,Delhi,0
T04491,U0591,D0368,M068,2026-08-22 20:36:00,1614.06,Pune,0
T04492,U0901,D0404,M063,2026-08-01 07:20:00,3165.24,Hyderabad,0
T04493,U0653,D0207,M041,2026-08-08 10:26:00,3248.08,Bangalore,0
T04494,U0823,D0175,M087,2026-08-29 03:45:00,3225.91,Mumbai,0
T04495,U0250,D0082,M032,2026-08-23 13:59:00,4952.9,Chennai,0
T04496,U0808,D0162,M035,2026-08-23 14:07:00,9906.74,Hyderabad,0
T04497,U0214,D0191,M079,2026-08-04 22:06:00,7599.94,Pune,0
T04498,U0334,D0099,M044,2026-08-16 04:17:00,8349.93,Pune,0
T04499,U0748,D0381,M035,2026-08-27 21:17:00,2062.93,Mumbai,0
T04500,U0349,D0183,M084,2026-08-02 20:02:00,1979.79,Pune,0
T04501,U0339,D0490,M063,2026-08-15 03:09:00,2823.11,Mumbai,0
T04502,U0444,D0357,M026,2026-08-13 07:55:00,4984.48,Bangalore,0
T04503,U0605,D0459,M094,2026-08-19 22:21:00,8673.41,Chennai,0
T04504,U0473,D0109,M026,2026-08-22 09:50:00,4194.03,Bangalore,0
T04505,U0947,D0463,M035,2026-08-22 10:41:00,6335.76,Pune,0
T04506,U0721,D0475,M071,2026-08-05 02:06:00,4884.88,Chennai,0
T04507,U0824,D0161,M094,2026-08-27 23:48:00,3536.42,Hyderabad,0
T04508,U0511,D0272,M050,2026-08-12 15:23:00,466.69,Bangalore,0
T04509,U0722,D0482,M071,2026-08-24 03:50:00,114.41,Hyderabad,0
T04510,U0708,D0455,M036,2026-08-05 08:14:00,3277.51,Mumbai,0
T04511,U0417,D0214,M076,2026-08-17 15:29:00,2563.88,Pune,0
T04512,U0270,D0279,M032,2026-08-30 10:16:00,4969.78,Mumbai,0
T04513,U0153,D0101,M062,2026-08-01 12:21:00,5919.54,Bangalore,0
T04514,U0885,D0235,M066,2026-08-15 04:31:00,1260.57,Hyderabad,0
T04515,U0169,D0465,M057,2026-08-28 11:57:00,9238.88,Pune,0
T04516,U0710,D0152,M048,2026-08-04 16:56:00,8062.29,Bangalore,0
T04517,U0848,D0183,M074,2026-08-18 21:58:00,7712.56,Pune,0
T04518,U0899,D0096,M056,2026-08-24 09:08:00,3780.29,Delhi,0
T04519,U0718,D0280,M061,2026-08-29 14:19:00,9723.81,Pune,0
T04520,U0172,D0413,M082,2026-08-25 07:27:00,5450.8,Chennai,0
T04521,U0552,D0240,M046,2026-08-28 16:11:00,7008.36,Bangalore,0
T04522,U0542,D0220,M081,2026-08-28 07:42:00,2145.8,Chennai,0
T04523,U0890,D0197,M069,2026-08-20 00:02:00,1408.3,Bangalore,0
T04524,U0345,D0385,M085,2026-08-14 15:39:00,2710.11,Bangalore,0
T04525,U0666,D0335,M032,2026-08-20 15:51:00,4925.08,Delhi,0
T04526,U0888,D0385,M097,2026-08-22 23:31:00,9924.76,Bangalore,0
T04527,U0761,D0162,M031,2026-08-06 08:19:00,6034.9,Delhi,0
T04528,U0245,D0352,M062,2026-08-11 02:52:00,880.72,Chennai,0
T04529,U0848,D0150,M075,2026-08-18 05:30:00,1092.57,Hyderabad,0
T04530,U0701,D0217,M096,2026-08-16 09:44:00,5652.68,Hyderabad,0
T04531,U0317,D0485,M077,2026-08-11 23:12:00,1946.06,Bangalore,0
T04532,U0265,D0380,M077,2026-08-02 11:19:00,3023.16,Mumbai,0
T04533,U0968,D0426,M046,2026-08-07 16:16:00,279.09,Chennai,0
T04534,U0766,D0316,M026,2026-08-22 15:58:00,4826.33,Hyderabad,0
T04535,U0523,D0440,M061,2026-08-14 11:36:00,4854.45,Pune,0
T04536,U0959,D0105,M094,2026-08-07 06:16:00,9193.49,Chennai,0
T04537,U0232,D0303,M034,2026-08-14 03:57:00,3964.97,Bangalore,0
T04538,U0993,D0392,M099,2026-08-16 10:13:00,7319.03,Delhi,0
T04539,U0429,D0291,M088,2026-08-18 15:14:00,9978.24,Chennai,0
T04540,U0568,D0168,M057,2026-08-15 20:51:00,7060.92,Delhi,0
T04541,U0535,D0077,M072,2026-08-11 13:30:00,9764.61,Chennai,0
T04542,U0918,D0272,M035,2026-08-25 07:56:00,3081.95,Chennai,0
T04543,U0533,D0324,M097,2026-08-21 09:47:00,158.78,Mumbai,0
T04544,U0680,D0281,M032,2026-08-16 01:09:00,9288.45,Bangalore,0
T04545,U0553,D0197,M031,2026-08-19 00:47:00,4018.52,Mumbai,0
T04546,U1000,D0080,M073,2026-08-03 00:04:00,1379.73,Delhi,0
T04547,U0807,D0120,M080,2026-08-13 02:31:00,8390.45,Delhi,0
T04548,U0709,D0376,M041,2026-08-01 11:57:00,8609.85,Delhi,0
T04549,U0195,D0379,M041,2026-08-08 12:07:00,681.15,Pune,0
T04550,U0393,D0403,M029,2026-08-07 12:22:00,3711.88,Bangalore,0
T04551,U0773,D0210,M069,2026-08-08 04:39:00,6916.74,Mumbai,0
T04552,U0926,D0265,M098,2026-08-22 06:37:00,6991.53,Hyderabad,0
T04553,U0387,D0133,M099,2026-08-30 13:10:00,8261.36,Mumbai,0
T04554,U0193,D0101,M094,2026-08-20 14:05:00,525.68,Mumbai,0
T04555,U0508,D0493,M089,2026-08-14 10:31:00,6649.7,Hyderabad,0
T04556,U0981,D0215,M043,2026-08-02 23:53:00,3258.33,Pune,0
T04557,U0721,D0385,M062,2026-08-13 23:38:00,9264.72,Chennai,0
T04558,U0677,D0122,M041,2026-08-26 08:52:00,261.27,Delhi,0
T04559,U0274,D0443,M096,2026-08-28 02:09:00,3953.97,Pune,0
T04560,U0509,D0347,M053,2026-08-13 21:32:00,8874.52,Hyderabad,0
T04561,U0931,D0245,M076,2026-08-19 11:37:00,1653.31,Chennai,0
T04562,U0762,D0482,M073,2026-08-07 19:11:00,1321.14,Delhi,0
T04563,U0657,D0102,M066,2026-08-19 12:59:00,3860.87,Chennai,0
T04564,U0982,D0285,M039,2026-08-20 02:45:00,8419.53,Hyderabad,0
T04565,U0705,D0292,M029,2026-08-21 08:56:00,203.8,Mumbai,0
T04566,U0806,D0154,M079,2026-08-19 11:34:00,258.75,Chennai,0
T04567,U0512,D0485,M034,2026-08-17 15:44:00,5089.28,Bangalore,0
T04568,U0223,D0267,M051,2026-08-01 04:46:00,771.73,Chennai,0
T04569,U0846,D0447,M037,2026-08-20 06:12:00,5020.8,Bangalore,0
T04570,U0474,D0292,M032,2026-08-16 18:51:00,5312.94,Delhi,0
T04571,U0214,D0267,M042,2026-08-09 03:46:00,2631.03,Bangalore,0
T04572,U0365,D0201,M067,2026-08-14 23:58:00,4479.14,Hyderabad,0
T04573,U0208,D0439,M074,2026-08-13 00:35:00,7346.04,Hyderabad,0
T04574,U0369,D0125,M066,2026-08-22 06:40:00,5876.89,Hyderabad,0
T04575,U0891,D0311,M041,2026-08-27 01:30:00,9342.4,Bangalore,0
T04576,U0927,D0405,M093,2026-08-30 00:01:00,5798.23,Mumbai,0
T04577,U0596,D0456,M064,2026-08-19 09:56:00,5849.29,Mumbai,0
T04578,U0489,D0274,M041,2026-08-26 04:49:00,2427.01,Hyderabad,0
T04579,U0881,D0386,M089,2026-08-13 00:11:00,6309.29,Delhi,0
T04580,U0622,D0278,M096,2026-08-01 07:33:00,3805.13,Mumbai,0
T04581,U0201,D0471,M049,2026-08-12 01:17:00,9938.82,Pune,0
T04582,U0640,D0318,M037,2026-08-25 16:04:00,2727.06,Bangalore,0
T04583,U0976,D0404,M038,2026-08-26 15:40:00,1937.53,Bangalore,0
T04584,U0768,D0260,M081,2026-08-23 05:58:00,2494.77,Chennai,0
T04585,U0987,D0149,M087,2026-08-10 16:19:00,7882.73,Chennai,0
T04586,U0366,D0365,M077,2026-08-14 03:46:00,2664.86,Chennai,0
T04587,U0725,D0144,M067,2026-08-11 22:13:00,7654.56,Mumbai,0
T04588,U0974,D0311,M074,2026-08-29 02:16:00,8608.72,Pune,0
T04589,U0342,D0208,M047,2026-08-20 23:49:00,4786.64,Chennai,0
T04590,U0787,D0439,M046,2026-08-11 04:29:00,7237.21,Hyderabad,0
T04591,U0818,D0148,M031,2026-08-07 05:16:00,2459.15,Chennai,0
T04592,U0173,D0370,M038,2026-08-12 10:33:00,6918.52,Bangalore,0
T04593,U0217,D0292,M050,2026-08-11 08:59:00,7635.34,Chennai,0
T04594,U0679,D0218,M063,2026-08-07 07:03:00,2202.94,Hyderabad,0
T04595,U0657,D0413,M035,2026-08-28 12:26:00,5950.8,Chennai,0
T04596,U0773,D0080,M087,2026-08-16 01:58:00,8216.8,Bangalore,0
T04597,U0487,D0213,M069,2026-08-06 18:32:00,8977.32,Bangalore,0
T04598,U0604,D0241,M081,2026-08-26 20:50:00,6928.29,Delhi,0
T04599,U0222,D0179,M096,2026-08-11 01:32:00,1330.74,Bangalore,0
T04600,U0884,D0277,M062,2026-08-12 04:32:00,2213.1,Chennai,0
T04601,U0339,D0472,M081,2026-08-29 11:07:00,7274.59,Chennai,0
T04602,U0282,D0328,M083,2026-08-22 06:34:00,4721.94,Chennai,0
T04603,U0228,D0288,M090,2026-08-02 12:53:00,9553.92,Mumbai,0
T04604,U0456,D0449,M087,2026-08-02 06:53:00,9262.58,Mumbai,0
T04605,U0154,D0182,M097,2026-08-17 10:51:00,618.36,Mumbai,0
T04606,U0967,D0093,M068,2026-08-28 23:02:00,3200.6,Delhi,0
T04607,U0666,D0483,M064,2026-08-07 03:45:00,6338.73,Bangalore,0
T04608,U0896,D0497,M030,2026-08-30 03:23:00,4781.88,Pune,0
T04609,U0455,D0448,M032,2026-08-07 00:28:00,8988.29,Hyderabad,0
T04610,U0169,D0421,M081,2026-08-22 12:54:00,7836.86,Hyderabad,0
T04611,U0669,D0161,M080,2026-08-21 15:16:00,4260.46,Hyderabad,0
T04612,U0733,D0077,M081,2026-08-08 06:39:00,236.55,Bangalore,0
T04613,U0401,D0437,M077,2026-08-09 16:31:00,8068.02,Pune,0
T04614,U0516,D0400,M077,2026-08-12 22:34:00,9464.06,Pune,0
T04615,U0223,D0220,M099,2026-08-21 09:08:00,2745.93,Delhi,0
T04616,U0648,D0406,M052,2026-08-05 18:07:00,5274.91,Chennai,0
T04617,U0752,D0433,M099,2026-08-23 01:05:00,7510.76,Delhi,0
T04618,U0876,D0218,M035,2026-08-12 17:27:00,6027.55,Pune,0
T04619,U0669,D0294,M030,2026-08-27 19:38:00,7426.92,Hyderabad,0
T04620,U0984,D0236,M027,2026-08-13 20:07:00,6012.43,Pune,0
T04621,U0363,D0149,M079,2026-08-20 20:47:00,3036.33,Chennai,0
T04622,U0285,D0457,M054,2026-08-27 20:57:00,2646.87,Mumbai,0
T04623,U0254,D0142,M038,2026-08-08 03:25:00,7214.15,Delhi,0
T04624,U0871,D0349,M035,2026-08-05 17:57:00,3362.49,Hyderabad,0
T04625,U0726,D0249,M055,2026-08-12 10:40:00,261.21,Pune,0
T04626,U0225,D0169,M083,2026-08-20 21:15:00,7438.99,Chennai,0
T04627,U0291,D0174,M093,2026-08-14 20:15:00,9396.56,Hyderabad,0
T04628,U0327,D0499,M046,2026-08-16 12:28:00,4037.15,Mumbai,0
T04629,U0915,D0334,M088,2026-08-03 22:08:00,8487.72,Delhi,0
T04630,U0689,D0148,M042,2026-08-10 07:56:00,4557.49,Pune,0
T04631,U0710,D0408,M087,2026-08-03 15:08:00,3365.3,Delhi,0
T04632,U0448,D0110,M075,2026-08-24 18:20:00,589.81,Pune,0
T04633,U0229,D0450,M051,2026-08-12 14:59:00,5797.79,Hyderabad,0
T04634,U0561,D0232,M085,2026-08-27 04:00:00,6034.64,Hyderabad,0
T04635,U0551,D0088,M067,2026-08-24 10:51:00,4340.98,Mumbai,0
T04636,U0789,D0213,M098,2026-08-18 14:30:00,2008.7,Pune,0
T04637,U0705,D0199,M026,2026-08-29 06:11:00,8594.99,Mumbai,0
T04638,U0308,D0179,M076,2026-08-06 10:20:00,601.88,Delhi,0
T04639,U0211,D0369,M044,2026-08-19 23:40:00,928.37,Mumbai,0
T04640,U0286,D0079,M038,2026-08-20 01:19:00,3294.25,Hyderabad,0
T04641,U0901,D0306,M090,2026-08-19 11:50:00,9515.72,Hyderabad,0
T04642,U0662,D0416,M092,2026-08-19 03:22:00,3292.49,Hyderabad,0
T04643,U0656,D0256,M038,2026-08-08 20:01:00,2622.18,Mumbai,0
T04644,U0432,D0078,M026,2026-08-03 09:07:00,3925.51,Mumbai,0
T04645,U0496,D0342,M079,2026-08-25 03:56:00,8572.78,Hyderabad,0
T04646,U0850,D0105,M071,2026-08-04 05:52:00,4205.76,Hyderabad,0
T04647,U0412,D0242,M039,2026-08-08 00:06:00,1833.74,Hyderabad,0
T04648,U0460,D0209,M034,2026-08-24 07:33:00,5928.41,Mumbai,0
T04649,U0454,D0078,M044,2026-08-10 04:19:00,2095.75,Mumbai,0
T04650,U0698,D0294,M028,2026-08-24 07:51:00,7777.76,Hyderabad,0
T04651,U0991,D0316,M031,2026-08-03 21:23:00,4581.09,Chennai,0
T04652,U0569,D0175,M031,2026-08-29 07:37:00,3053.16,Hyderabad,0
T04653,U0308,D0184,M091,2026-08-30 06:18:00,4171.0,Chennai,0
T04654,U0197,D0484,M068,2026-08-03 04:59:00,5451.52,Pune,0
T04655,U0698,D0190,M029,2026-08-28 16:52:00,7790.9,Hyderabad,0
T04656,U0915,D0111,M053,2026-08-13 05:56:00,6712.94,Bangalore,0
T04657,U0748,D0470,M081,2026-08-30 00:50:00,755.51,Delhi,0
T04658,U0638,D0381,M088,2026-08-27 04:59:00,8788.63,Chennai,0
T04659,U0430,D0248,M045,2026-08-26 06:28:00,2760.39,Chennai,0
T04660,U0522,D0275,M060,2026-08-24 23:13:00,230.51,Hyderabad,0
T04661,U0194,D0313,M052,2026-08-17 02:35:00,7559.76,Mumbai,0
T04662,U0920,D0429,M088,2026-08-14 14:45:00,9879.79,Bangalore,0
T04663,U0737,D0240,M089,2026-08-30 03:17:00,6427.67,Chennai,0
T04664,U0737,D0204,M028,2026-08-16 07:51:00,5886.33,Pune,0
T04665,U0930,D0356,M031,2026-08-07 09:18:00,6612.82,Mumbai,0
T04666,U0152,D0162,M058,2026-08-13 07:12:00,1556.67,Bangalore,0
T04667,U0971,D0195,M037,2026-08-17 02:24:00,9122.34,Delhi,0
T04668,U0932,D0147,M068,2026-08-24 16:37:00,2875.63,Bangalore,0
T04669,U0630,D0173,M065,2026-08-07 23:44:00,504.6,Bangalore,0
T04670,U0728,D0456,M082,2026-08-21 22:15:00,4764.53,Delhi,0
T04671,U0598,D0311,M072,2026-08-28 17:54:00,3716.47,Bangalore,0
T04672,U0823,D0234,M034,2026-08-24 08:51:00,9003.61,Pune,0
T04673,U0424,D0427,M092,2026-08-08 05:38:00,2094.52,Delhi,0
T04674,U0685,D0462,M042,2026-08-28 14:19:00,3268.0,Pune,0
T04675,U0683,D0278,M091,2026-08-13 13:57:00,1149.61,Mumbai,0
T04676,U0313,D0201,M054,2026-08-08 15:50:00,9713.63,Mumbai,0
T04677,U0182,D0453,M072,2026-08-25 23:15:00,3829.76,Delhi,0
T04678,U0925,D0219,M047,2026-08-21 21:37:00,4257.9,Mumbai,0
T04679,U0450,D0340,M052,2026-08-05 11:45:00,8508.13,Mumbai,0
T04680,U0348,D0434,M026,2026-08-18 11:22:00,4088.27,Delhi,0
T04681,U0369,D0412,M037,2026-08-17 21:48:00,1013.5,Delhi,0
T04682,U0968,D0467,M037,2026-08-22 07:59:00,5454.74,Chennai,0
T04683,U0452,D0474,M044,2026-08-18 08:40:00,8250.95,Hyderabad,0
T04684,U0727,D0235,M079,2026-08-29 08:19:00,5532.72,Bangalore,0
T04685,U0581,D0154,M056,2026-08-07 01:50:00,4655.67,Chennai,0
T04686,U0376,D0410,M086,2026-08-06 10:01:00,4558.07,Delhi,0
T04687,U0744,D0089,M045,2026-08-08 19:03:00,2357.19,Pune,0
T04688,U0998,D0369,M033,2026-08-02 15:13:00,7113.45,Mumbai,0
T04689,U0474,D0497,M060,2026-08-25 16:10:00,6314.11,Mumbai,0
T04690,U0207,D0419,M096,2026-08-13 18:27:00,8118.21,Mumbai,0
T04691,U0745,D0241,M059,2026-08-04 05:06:00,6308.49,Mumbai,0
T04692,U0581,D0330,M066,2026-08-15 06:50:00,2105.0,Delhi,0
T04693,U0230,D0495,M095,2026-08-25 14:41:00,6280.72,Bangalore,0
T04694,U0614,D0459,M052,2026-08-22 01:28:00,5190.46,Hyderabad,0
T04695,U0748,D0109,M067,2026-08-23 11:42:00,6065.03,Delhi,0
T04696,U0745,D0230,M073,2026-08-24 04:58:00,9876.91,Pune,0
T04697,U0793,D0275,M047,2026-08-19 10:21:00,8285.06,Chennai,0
T04698,U0668,D0210,M096,2026-08-24 06:56:00,4488.61,Chennai,0
T04699,U0688,D0087,M045,2026-08-01 18:27:00,6883.95,Mumbai,0
T04700,U0232,D0153,M056,2026-08-28 00:27:00,4051.57,Bangalore,0
T04701,U0335,D0134,M029,2026-08-29 18:21:00,8512.27,Pune,0
T04702,U0241,D0356,M095,2026-08-05 12:58:00,1631.39,Delhi,0
T04703,U0813,D0480,M095,2026-08-24 19:14:00,6471.4,Pune,0
T04704,U0953,D0466,M038,2026-08-24 05:52:00,7693.46,Bangalore,0
T04705,U0815,D0499,M088,2026-08-01 07:41:00,9162.54,Mumbai,0
T04706,U0883,D0465,M030,2026-08-06 09:20:00,566.05,Delhi,0
T04707,U0286,D0188,M087,2026-08-07 16:16:00,5935.85,Chennai,0
T04708,U0547,D0359,M055,2026-08-11 04:33:00,2821.52,Pune,0
T04709,U0674,D0415,M081,2026-08-14 19:49:00,6113.97,Mumbai,0
T04710,U0198,D0200,M066,2026-08-03 00:19:00,4265.16,Hyderabad,0
T04711,U0622,D0337,M078,2026-08-24 14:24:00,7851.11,Chennai,0
T04712,U0346,D0249,M071,2026-08-21 07:15:00,231.37,Mumbai,0
T04713,U0603,D0196,M038,2026-08-08 18:34:00,8414.66,Pune,0
T04714,U0374,D0127,M067,2026-08-15 23:39:00,3468.61,Bangalore,0
T04715,U0848,D0469,M066,2026-08-21 00:34:00,6793.58,Bangalore,0
T04716,U0517,D0141,M037,2026-08-24 21:13:00,4836.57,Delhi,0
T04717,U0842,D0454,M054,2026-08-24 12:14:00,2811.1,Hyderabad,0
T04718,U0420,D0098,M065,2026-08-17 17:33:00,9820.37,Delhi,0
T04719,U0365,D0129,M035,2026-08-15 04:05:00,732.52,Mumbai,0
T04720,U0203,D0409,M039,2026-08-07 22:26:00,9368.47,Pune,0
T04721,U0963,D0241,M032,2026-08-10 00:45:00,4065.9,Mumbai,0
T04722,U0267,D0242,M076,2026-08-25 07:04:00,6057.23,Pune,0
T04723,U0189,D0374,M082,2026-08-21 11:53:00,6217.31,Delhi,0
T04724,U0205,D0148,M055,2026-08-30 01:45:00,9737.88,Pune,0
T04725,U0424,D0258,M080,2026-08-24 07:39:00,2990.03,Mumbai,0
T04726,U0635,D0370,M063,2026-08-02 03:01:00,9158.3,Chennai,0
T04727,U0990,D0471,M080,2026-08-20 10:41:00,9542.41,Bangalore,0
T04728,U0218,D0297,M053,2026-08-07 03:08:00,6170.24,Mumbai,0
T04729,U0374,D0464,M089,2026-08-24 00:43:00,6652.86,Bangalore,0
T04730,U0514,D0374,M089,2026-08-17 15:49:00,4584.76,Chennai,0
T04731,U0766,D0436,M044,2026-08-20 23:42:00,2411.86,Delhi,0
T04732,U0553,D0362,M052,2026-08-02 17:13:00,1453.38,Bangalore,0
T04733,U0490,D0362,M073,2026-08-14 20:22:00,6461.08,Chennai,0
T04734,U0383,D0165,M064,2026-08-05 02:49:00,3821.56,Pune,0
T04735,U0532,D0111,M096,2026-08-16 18:58:00,6305.61,Hyderabad,0
T04736,U0701,D0202,M100,2026-08-20 16:47:00,7991.26,Bangalore,0
T04737,U0628,D0182,M064,2026-08-14 06:32:00,7967.62,Mumbai,0
T04738,U0877,D0206,M075,2026-08-09 00:59:00,7298.84,Hyderabad,0
T04739,U0911,D0399,M099,2026-08-17 05:39:00,5493.22,Pune,0
T04740,U0235,D0397,M088,2026-08-13 04:26:00,7433.16,Delhi,0
T04741,U0268,D0293,M034,2026-08-21 02:43:00,129.08,Bangalore,0
T04742,U0316,D0160,M035,2026-08-24 09:00:00,6677.6,Mumbai,0
T04743,U0729,D0358,M035,2026-08-30 09:05:00,8357.88,Hyderabad,0
T04744,U0252,D0192,M064,2026-08-13 10:41:00,6709.7,Mumbai,0
T04745,U0866,D0105,M058,2026-08-26 14:20:00,2113.62,Mumbai,0
T04746,U0981,D0306,M062,2026-08-02 04:12:00,7385.85,Chennai,0
T04747,U0756,D0490,M042,2026-08-25 09:28:00,4110.17,Pune,0
T04748,U0803,D0199,M051,2026-08-02 07:19:00,8137.89,Mumbai,0
T04749,U0800,D0254,M029,2026-08-27 04:12:00,7287.49,Delhi,0
T04750,U0544,D0438,M049,2026-08-06 07:19:00,5622.52,Chennai,0
T04751,U0576,D0269,M083,2026-08-21 22:05:00,1318.83,Pune,0
T04752,U0537,D0288,M078,2026-08-20 19:41:00,9530.21,Bangalore,0
T04753,U0293,D0236,M076,2026-08-11 22:42:00,2851.06,Bangalore,0
T04754,U0288,D0482,M042,2026-08-07 01:58:00,6832.49,Chennai,0
T04755,U0426,D0390,M095,2026-08-02 19:16:00,816.47,Chennai,0
T04756,U0893,D0300,M080,2026-08-26 04:49:00,2285.0,Mumbai,0
T04757,U0650,D0259,M028,2026-08-05 06:26:00,4796.09,Mumbai,0
T04758,U0780,D0112,M067,2026-08-07 19:32:00,6393.08,Hyderabad,0
T04759,U0984,D0282,M041,2026-08-13 11:39:00,3008.28,Delhi,0
T04760,U0319,D0184,M057,2026-08-16 22:47:00,720.4,Hyderabad,0
T04761,U0555,D0260,M081,2026-08-14 23:30:00,1487.11,Mumbai,0
T04762,U0984,D0102,M040,2026-08-26 00:17:00,3898.93,Mumbai,0
T04763,U0920,D0141,M074,2026-08-10 22:18:00,758.2,Delhi,0
T04764,U0952,D0460,M071,2026-08-30 06:09:00,3875.78,Delhi,0
T04765,U0799,D0247,M071,2026-08-27 12:24:00,7603.54,Pune,0
T04766,U0338,D0324,M082,2026-08-18 02:17:00,8523.0,Hyderabad,0
T04767,U0982,D0123,M064,2026-08-28 15:56:00,545.31,Chennai,0
T04768,U0962,D0492,M096,2026-08-15 17:12:00,124.55,Chennai,0
T04769,U0911,D0486,M068,2026-08-16 14:56:00,729.1,Pune,0
T04770,U0364,D0476,M060,2026-08-14 03:10:00,9261.06,Hyderabad,0
T04771,U0713,D0280,M087,2026-08-07 09:39:00,1887.62,Delhi,0
T04772,U0385,D0369,M026,2026-08-14 16:26:00,4741.34,Chennai,0
T04773,U0390,D0109,M058,2026-08-17 10:31:00,2832.33,Pune,0
T04774,U0907,D0432,M036,2026-08-18 00:16:00,6897.71,Hyderabad,0
T04775,U0745,D0500,M051,2026-08-07 18:32:00,3640.22,Bangalore,0
T04776,U0417,D0432,M084,2026-08-24 22:30:00,5218.88,Delhi,0
T04777,U0994,D0238,M053,2026-08-03 21:23:00,1426.73,Pune,0
T04778,U0159,D0224,M027,2026-08-27 12:58:00,3290.08,Chennai,0
T04779,U0602,D0329,M081,2026-08-20 08:07:00,1038.11,Chennai,0
T04780,U0204,D0433,M093,2026-08-18 00:28:00,5070.28,Bangalore,0
T04781,U0253,D0446,M094,2026-08-22 20:45:00,9653.79,Bangalore,0
T04782,U0470,D0181,M100,2026-08-04 20:05:00,3313.27,Bangalore,0
T04783,U0407,D0193,M081,2026-08-22 21:47:00,5395.12,Chennai,0
T04784,U0797,D0129,M027,2026-08-23 02:42:00,8004.47,Bangalore,0
T04785,U0712,D0309,M038,2026-08-03 01:31:00,6189.88,Mumbai,0
T04786,U0797,D0344,M066,2026-08-20 06:17:00,3081.8,Hyderabad,0
T04787,U0930,D0308,M032,2026-08-19 12:03:00,6458.92,Pune,0
T04788,U0153,D0149,M080,2026-08-27 07:32:00,6599.8,Chennai,0
T04789,U0979,D0445,M035,2026-08-17 22:38:00,9426.45,Chennai,0
T04790,U0874,D0456,M051,2026-08-01 13:21:00,4102.02,Bangalore,0
T04791,U0340,D0175,M032,2026-08-09 10:05:00,9593.48,Mumbai,0
T04792,U0494,D0407,M068,2026-08-01 20:36:00,6785.27,Chennai,0
T04793,U0323,D0223,M038,2026-08-05 08:40:00,2963.83,Chennai,0
T04794,U0178,D0282,M078,2026-08-22 20:43:00,463.02,Hyderabad,0
T04795,U0228,D0207,M066,2026-08-27 19:09:00,5707.26,Bangalore,0
T04796,U0248,D0281,M080,2026-08-12 08:54:00,2137.49,Pune,0
T04797,U0682,D0148,M042,2026-08-07 04:12:00,8543.52,Hyderabad,0
T04798,U0189,D0092,M066,2026-08-11 13:31:00,8703.7,Delhi,0
T04799,U0284,D0170,M048,2026-08-03 03:32:00,3787.14,Chennai,0
T04800,U0821,D0090,M038,2026-08-28 22:35:00,7599.33,Bangalore,0
T04801,U0267,D0464,M052,2026-08-12 15:38:00,5388.43,Chennai,0
T04802,U0379,D0370,M038,2026-08-09 18:11:00,2355.47,Chennai,0
T04803,U0523,D0168,M092,2026-08-18 05:47:00,9558.03,Bangalore,0
T04804,U0966,D0185,M046,2026-08-12 01:42:00,7356.08,Hyderabad,0
T04805,U0494,D0286,M062,2026-08-16 04:00:00,1349.78,Hyderabad,0
T04806,U0341,D0332,M077,2026-08-14 13:56:00,7747.9,Hyderabad,0
T04807,U0775,D0302,M080,2026-08-01 05:26:00,1815.3,Delhi,0
T04808,U0675,D0296,M080,2026-08-09 19:09:00,2749.46,Pune,0
T04809,U0206,D0449,M100,2026-08-17 05:30:00,2550.42,Mumbai,0
T04810,U0802,D0419,M086,2026-08-29 10:46:00,9058.62,Chennai,0
T04811,U0434,D0414,M099,2026-08-26 00:54:00,6406.06,Hyderabad,0
T04812,U0332,D0394,M086,2026-08-11 13:27:00,3626.49,Bangalore,0
T04813,U0493,D0428,M048,2026-08-18 11:02:00,9820.18,Mumbai,0
T04814,U0530,D0492,M068,2026-08-26 14:38:00,8485.92,Hyderabad,0
T04815,U0650,D0467,M075,2026-08-08 04:15:00,3760.35,Chennai,0
T04816,U0805,D0337,M033,2026-08-29 04:45:00,9169.61,Mumbai,0
T04817,U0458,D0129,M060,2026-08-22 12:20:00,7849.29,Hyderabad,0
T04818,U0375,D0203,M077,2026-08-27 11:16:00,7009.9,Chennai,0
T04819,U0446,D0302,M060,2026-08-18 22:08:00,4399.59,Hyderabad,0
T04820,U0833,D0195,M069,2026-08-10 11:36:00,5655.81,Pune,0
T04821,U0856,D0434,M078,2026-08-06 19:01:00,7642.7,Delhi,0
T04822,U0715,D0249,M057,2026-08-08 00:18:00,2967.4,Pune,0
T04823,U0924,D0274,M089,2026-08-27 23:02:00,1592.27,Bangalore,0
T04824,U0497,D0319,M036,2026-08-08 03:06:00,6445.44,Pune,0
T04825,U0865,D0290,M051,2026-08-29 10:59:00,5515.82,Chennai,0
T04826,U0482,D0214,M053,2026-08-14 01:03:00,4167.16,Hyderabad,0
T04827,U0663,D0459,M080,2026-08-12 05:04:00,6720.68,Bangalore,0
T04828,U0573,D0477,M038,2026-08-18 21:35:00,7334.22,Chennai,0
T04829,U0454,D0365,M086,2026-08-27 20:41:00,6425.26,Delhi,0
T04830,U0774,D0461,M095,2026-08-30 21:55:00,863.92,Bangalore,0
T04831,U0513,D0190,M090,2026-08-04 18:59:00,1104.91,Delhi,0
T04832,U0822,D0176,M085,2026-08-05 00:32:00,389.35,Bangalore,0
T04833,U0660,D0488,M052,2026-08-22 13:43:00,1394.91,Bangalore,0
T04834,U0633,D0429,M047,2026-08-01 04:26:00,9435.55,Hyderabad,0
T04835,U0700,D0390,M080,2026-08-22 22:26:00,9593.37,Pune,0
T04836,U0170,D0360,M043,2026-08-18 14:16:00,7345.96,Delhi,0
T04837,U0363,D0136,M042,2026-08-06 13:47:00,9792.55,Mumbai,0
T04838,U0953,D0176,M064,2026-08-21 02:48:00,4028.92,Hyderabad,0
T04839,U0808,D0218,M044,2026-08-27 07:29:00,9915.8,Pune,0
T04840,U0319,D0274,M063,2026-08-16 16:15:00,7531.46,Chennai,0
T04841,U0986,D0173,M039,2026-08-21 22:27:00,1473.08,Delhi,0
T04842,U0976,D0377,M064,2026-08-01 12:23:00,2230.79,Delhi,0
T04843,U0419,D0334,M036,2026-08-05 23:58:00,1897.07,Mumbai,0
T04844,U0870,D0272,M063,2026-08-26 19:29:00,4655.63,Delhi,0
T04845,U0570,D0307,M029,2026-08-19 17:40:00,6851.09,Delhi,0
T04846,U0380,D0187,M068,2026-08-11 01:02:00,6040.82,Bangalore,0
T04847,U0258,D0275,M039,2026-08-08 17:28:00,3564.05,Delhi,0
T04848,U0179,D0134,M077,2026-08-12 05:40:00,5720.1,Hyderabad,0
T04849,U0899,D0375,M030,2026-08-04 16:48:00,2027.41,Chennai,0
T04850,U0429,D0215,M053,2026-08-22 16:10:00,9184.65,Mumbai,0
T04851,U0644,D0412,M052,2026-08-13 10:52:00,5381.44,Bangalore,0
T04852,U0439,D0099,M098,2026-08-25 19:49:00,7991.71,Hyderabad,0
T04853,U0241,D0448,M033,2026-08-04 05:43:00,8663.25,Mumbai,0
T04854,U0765,D0186,M030,2026-08-04 08:43:00,9940.36,Delhi,0
T04855,U0244,D0129,M077,2026-08-01 11:23:00,9755.66,Delhi,0
T04856,U0821,D0439,M036,2026-08-02 03:12:00,570.85,Hyderabad,0
T04857,U0822,D0158,M030,2026-08-07 20:24:00,5343.4,Mumbai,0
T04858,U0578,D0136,M077,2026-08-25 18:30:00,9992.59,Pune,0
T04859,U0225,D0393,M031,2026-08-12 05:11:00,2990.58,Bangalore,0
T04860,U0939,D0178,M059,2026-08-23 20:15:00,8963.66,Hyderabad,0
T04861,U0460,D0359,M059,2026-08-08 02:19:00,9964.49,Chennai,0
T04862,U0477,D0177,M035,2026-08-20 08:43:00,707.7,Mumbai,0
T04863,U0730,D0419,M038,2026-08-23 02:28:00,8389.6,Delhi,0
T04864,U0253,D0181,M095,2026-08-18 09:25:00,681.73,Hyderabad,0
T04865,U0957,D0322,M038,2026-08-04 22:22:00,7928.09,Bangalore,0
T04866,U0359,D0145,M038,2026-08-27 12:45:00,6850.27,Bangalore,0
T04867,U0289,D0231,M085,2026-08-01 04:42:00,1699.56,Delhi,0
T04868,U0719,D0487,M037,2026-08-14 04:01:00,1010.95,Chennai,0
T04869,U0697,D0311,M064,2026-08-15 10:22:00,1453.5,Mumbai,0
T04870,U0864,D0114,M053,2026-08-20 20:22:00,4816.72,Delhi,0
T04871,U0528,D0327,M074,2026-08-14 09:44:00,8615.84,Chennai,0
T04872,U0770,D0112,M056,2026-08-26 05:14:00,7907.32,Bangalore,0
T04873,U0189,D0402,M089,2026-08-14 17:29:00,6185.2,Bangalore,0
T04874,U0824,D0270,M041,2026-08-27 06:53:00,9987.68,Chennai,0
T04875,U0406,D0404,M045,2026-08-06 09:56:00,3548.68,Bangalore,0
T04876,U0228,D0439,M056,2026-08-04 18:00:00,9208.8,Chennai,0
T04877,U0490,D0102,M078,2026-08-28 03:52:00,6668.25,Pune,0
T04878,U0340,D0274,M034,2026-08-19 12:01:00,5523.89,Hyderabad,0
T04879,U0496,D0161,M067,2026-08-08 23:41:00,7600.83,Mumbai,0
T04880,U0908,D0235,M035,2026-08-01 02:12:00,1475.41,Hyderabad,0
T04881,U0440,D0325,M034,2026-08-22 05:35:00,5879.12,Delhi,0
T04882,U0872,D0390,M061,2026-08-24 16:37:00,5304.55,Hyderabad,0
T04883,U0587,D0275,M062,2026-08-24 01:26:00,5745.11,Delhi,0
T04884,U0377,D0105,M029,2026-08-17 19:18:00,1149.07,Pune,0
T04885,U0868,D0450,M069,2026-08-20 16:36:00,4569.04,Pune,0
T04886,U0562,D0182,M072,2026-08-17 13:39:00,7805.14,Hyderabad,0
T04887,U0300,D0170,M083,2026-08-30 01:01:00,7271.67,Mumbai,0
T04888,U0310,D0275,M077,2026-08-07 01:33:00,7628.17,Hyderabad,0
T04889,U0565,D0263,M029,2026-08-12 18:53:00,3889.54,Bangalore,0
T04890,U0638,D0087,M031,2026-08-04 18:39:00,3011.2,Pune,0
T04891,U0432,D0132,M054,2026-08-01 05:33:00,9869.6,Mumbai,0
T04892,U0672,D0407,M079,2026-08-09 04:38:00,2680.7,Pune,0
T04893,U0675,D0303,M039,2026-08-01 05:37:00,133.96,Pune,0
T04894,U0983,D0286,M078,2026-08-25 15:27:00,6035.1,Pune,0
T04895,U0429,D0487,M038,2026-08-23 02:41:00,1442.2,Chennai,0
T04896,U0158,D0317,M078,2026-08-08 16:02:00,2002.52,Pune,0
T04897,U0264,D0138,M070,2026-08-08 08:13:00,1486.07,Chennai,0
T04898,U0716,D0151,M049,2026-08-08 23:08:00,5605.06,Hyderabad,0
T04899,U0164,D0350,M061,2026-08-22 10:30:00,3334.75,Chennai,0
T04900,U0689,D0174,M071,2026-08-28 13:54:00,5951.45,Hyderabad,0
T04901,U0183,D0076,M060,2026-08-05 04:46:00,486.24,Delhi,0
T04902,U0425,D0307,M040,2026-08-11 09:13:00,3792.95,Bangalore,0
T04903,U0872,D0135,M057,2026-08-16 19:02:00,6703.44,Hyderabad,0
T04904,U0349,D0239,M082,2026-08-07 15:03:00,1730.85,Pune,0
T04905,U0694,D0379,M042,2026-08-01 08:21:00,7936.3,Mumbai,0
T04906,U0447,D0136,M072,2026-08-23 06:31:00,5609.59,Bangalore,0
T04907,U0764,D0464,M085,2026-08-24 20:33:00,2478.61,Chennai,0
T04908,U0704,D0084,M035,2026-08-02 01:55:00,8960.05,Bangalore,0
T04909,U0787,D0223,M068,2026-08-12 00:58:00,3082.69,Delhi,0
T04910,U0491,D0464,M042,2026-08-24 05:38:00,7633.41,Bangalore,0
T04911,U0822,D0210,M062,2026-08-22 08:51:00,5601.13,Mumbai,0
T04912,U0445,D0451,M042,2026-08-26 01:24:00,460.49,Bangalore,0
T04913,U0807,D0337,M097,2026-08-28 18:32:00,2310.4,Mumbai,0
T04914,U0378,D0463,M070,2026-08-23 15:38:00,9815.25,Delhi,0
T04915,U0808,D0439,M029,2026-08-11 08:19:00,4700.13,Delhi,0
T04916,U0942,D0135,M044,2026-08-05 10:19:00,2296.99,Pune,0
T04917,U0786,D0447,M082,2026-08-12 09:42:00,9318.51,Chennai,0
T04918,U0992,D0444,M077,2026-08-28 03:16:00,5799.52,Hyderabad,0
T04919,U0984,D0245,M096,2026-08-15 16:58:00,9582.43,Mumbai,0
T04920,U0954,D0266,M099,2026-08-14 22:18:00,7008.94,Bangalore,0
T04921,U0708,D0464,M061,2026-08-09 11:47:00,5801.53,Pune,0
T04922,U0151,D0290,M081,2026-08-26 18:42:00,6412.56,Pune,0
T04923,U0456,D0259,M045,2026-08-24 15:47:00,6116.6,Delhi,0
T04924,U0590,D0083,M074,2026-08-04 00:49:00,7306.09,Mumbai,0
T04925,U0490,D0291,M084,2026-08-11 22:47:00,2411.93,Hyderabad,0
T04926,U0531,D0303,M031,2026-08-04 18:39:00,4050.82,Chennai,0
T04927,U0605,D0288,M037,2026-08-11 03:12:00,4240.72,Delhi,0
T04928,U0221,D0229,M096,2026-08-03 15:59:00,1486.13,Chennai,0
T04929,U0801,D0086,M091,2026-08-13 18:13:00,2025.07,Pune,0
T04930,U0559,D0391,M046,2026-08-30 03:12:00,6167.41,Mumbai,0
T04931,U0453,D0213,M064,2026-08-21 22:15:00,7761.33,Mumbai,0
T04932,U0335,D0241,M027,2026-08-25 04:32:00,2891.64,Chennai,0
T04933,U0397,D0456,M044,2026-08-12 09:38:00,1823.68,Hyderabad,0
T04934,U0675,D0078,M030,2026-08-13 11:10:00,892.16,Pune,0
T04935,U0280,D0233,M040,2026-08-16 01:32:00,3485.88,Mumbai,0
T04936,U0765,D0131,M067,2026-08-25 07:54:00,3446.56,Mumbai,0
T04937,U0439,D0375,M029,2026-08-18 11:37:00,1823.76,Mumbai,0
T04938,U0727,D0490,M074,2026-08-01 16:19:00,1705.3,Chennai,0
T04939,U0528,D0307,M033,2026-08-11 21:13:00,9967.82,Chennai,0
T04940,U0377,D0412,M044,2026-08-29 05:50:00,7968.8,Pune,0
T04941,U0765,D0225,M071,2026-08-09 06:00:00,9316.08,Bangalore,0
T04942,U0480,D0403,M094,2026-08-07 08:09:00,5301.07,Chennai,0
T04943,U0198,D0219,M028,2026-08-07 08:43:00,6090.5,Mumbai,0
T04944,U0339,D0429,M037,2026-08-21 03:27:00,1663.52,Mumbai,0
T04945,U0453,D0156,M043,2026-08-06 23:06:00,361.78,Bangalore,0
T04946,U0568,D0313,M095,2026-08-09 01:08:00,9061.21,Hyderabad,0
T04947,U0851,D0199,M048,2026-08-19 11:35:00,3886.25,Chennai,0
T04948,U0637,D0078,M076,2026-08-11 01:42:00,9863.4,Hyderabad,0
T04949,U0920,D0092,M053,2026-08-06 12:17:00,8406.12,Delhi,0
T04950,U0311,D0332,M031,2026-08-14 17:56:00,5363.22,Hyderabad,0
T04951,U0158,D0170,M045,2026-08-03 01:14:00,4238.07,Pune,0
T04952,U0750,D0100,M039,2026-08-27 05:38:00,2469.66,Chennai,0
T04953,U0367,D0267,M054,2026-08-23 06:33:00,6081.53,Bangalore,0
T04954,U0769,D0107,M026,2026-08-03 15:29:00,6496.66,Chennai,0
T04955,U0876,D0373,M069,2026-08-20 13:59:00,1084.56,Chennai,0
T04956,U0339,D0250,M074,2026-08-13 18:40:00,7030.14,Bangalore,0
T04957,U0677,D0454,M073,2026-08-17 02:33:00,9701.29,Hyderabad,0
T04958,U0153,D0448,M083,2026-08-27 08:49:00,9975.26,Chennai,0
T04959,U0383,D0076,M062,2026-08-16 15:52:00,7296.87,Chennai,0
T04960,U0290,D0456,M055,2026-08-04 18:29:00,9627.49,Pune,0
T04961,U0793,D0315,M085,2026-08-25 07:47:00,7706.96,Hyderabad,0
T04962,U0490,D0268,M063,2026-08-21 01:47:00,7365.78,Chennai,0
T04963,U0605,D0082,M041,2026-08-28 23:40:00,3027.51,Hyderabad,0
T04964,U0351,D0422,M039,2026-08-04 15:41:00,6733.79,Mumbai,0
T04965,U0589,D0291,M080,2026-08-16 11:21:00,678.29,Chennai,0
T04966,U0825,D0317,M079,2026-08-04 01:04:00,1337.71,Delhi,0
T04967,U0314,D0359,M037,2026-08-30 11:47:00,3279.41,Delhi,0
T04968,U0207,D0284,M035,2026-08-29 10:36:00,692.75,Chennai,0
T04969,U0402,D0111,M040,2026-08-18 18:50:00,4836.76,Delhi,0
T04970,U0847,D0302,M029,2026-08-18 14:01:00,6329.08,Mumbai,0
T04971,U0798,D0294,M052,2026-08-16 06:14:00,2536.14,Chennai,0
T04972,U0354,D0426,M088,2026-08-06 14:27:00,5437.6,Delhi,0
T04973,U0310,D0112,M043,2026-08-18 05:28:00,8205.48,Delhi,0
T04974,U0888,D0221,M091,2026-08-17 17:33:00,4199.44,Mumbai,0
T04975,U0236,D0118,M062,2026-08-07 22:16:00,6102.11,Chennai,0
T04976,U0173,D0096,M029,2026-08-12 03:25:00,4590.2,Hyderabad,0
T04977,U0942,D0201,M098,2026-08-25 11:30:00,5689.53,Pune,0
T04978,U0303,D0200,M035,2026-08-10 10:17:00,1517.69,Mumbai,0
T04979,U0503,D0382,M090,2026-08-18 07:10:00,3861.9,Chennai,0
T04980,U0280,D0321,M094,2026-08-12 17:38:00,1122.49,Pune,0
T04981,U0718,D0179,M089,2026-08-19 18:48:00,3490.74,Bangalore,0
T04982,U0500,D0183,M093,2026-08-07 08:19:00,508.32,Bangalore,0
T04983,U0948,D0216,M029,2026-08-18 15:37:00,8057.9,Chennai,0
T04984,U0868,D0295,M076,2026-08-14 07:51:00,1921.49,Mumbai,0
T04985,U0963,D0188,M073,2026-08-03 21:28:00,8074.27,Mumbai,0
T04986,U0338,D0219,M066,2026-08-16 17:17:00,2284.01,Chennai,0
T04987,U0651,D0263,M076,2026-08-15 06:59:00,9310.49,Mumbai,0
T04988,U0779,D0316,M078,2026-08-12 20:11:00,5336.45,Delhi,0
T04989,U0451,D0377,M080,2026-08-08 06:28:00,1730.4,Delhi,0
T04990,U0445,D0438,M073,2026-08-06 11:24:00,314.63,Mumbai,0
T04991,U0791,D0146,M066,2026-08-01 06:20:00,9589.88,Delhi,0
T04992,U0283,D0366,M079,2026-08-15 21:09:00,3892.47,Hyderabad,0
T04993,U0263,D0149,M032,2026-08-20 04:36:00,7682.56,Mumbai,0
T04994,U0578,D0440,M089,2026-08-09 03:52:00,6013.04,Chennai,0
T04995,U0908,D0239,M028,2026-08-28 22:31:00,4464.41,Chennai,0
T04996,U0414,D0426,M060,2026-08-07 07:15:00,822.2,Delhi,0
T04997,U0263,D0230,M081,2026-08-30 21:20:00,3775.36,Bangalore,0
T04998,U0341,D0151,M051,2026-08-14 07:42:00,8940.5,Mumbai,0
T04999,U0714,D0429,M026,2026-08-14 01:20:00,9116.01,Mumbai,0
T05000,U0891,D0366,M085,2026-08-07 05:34:00,3798.45,Delhi,0
T05001,U0449,D0433,M032,2026-08-21 21:18:00,339.85,Chennai,0
T05002,U0816,D0388,M093,2026-08-07 02:18:00,1026.71,Mumbai,0
T05003,U0719,D0424,M044,2026-08-12 01:26:00,2011.37,Pune,0
T05004,U0899,D0155,M033,2026-08-26 19:44:00,7017.3,Hyderabad,0
T05005,U0475,D0108,M076,2026-08-23 05:17:00,4061.99,Pune,0
T05006,U0606,D0082,M076,2026-08-09 23:19:00,4129.26,Chennai,0
T05007,U0838,D0147,M092,2026-08-20 09:40:00,2084.57,Bangalore,0
T05008,U0219,D0146,M045,2026-08-02 05:33:00,8234.89,Bangalore,0
T05009,U0888,D0422,M092,2026-08-14 07:08:00,5083.46,Hyderabad,0
T05010,U0280,D0274,M058,2026-08-25 17:15:00,2115.05,Chennai,0
T05011,U0584,D0307,M099,2026-08-18 08:10:00,327.12,Delhi,0
T05012,U0321,D0429,M095,2026-08-28 13:05:00,4114.17,Pune,0
T05013,U0908,D0402,M036,2026-08-10 09:55:00,3873.79,Hyderabad,0
T05014,U0806,D0422,M058,2026-08-28 14:33:00,9181.81,Mumbai,0
T05015,U0764,D0144,M029,2026-08-26 14:10:00,9855.18,Mumbai,0
T05016,U0437,D0366,M032,2026-08-06 04:13:00,8684.16,Chennai,0
T05017,U0418,D0394,M073,2026-08-05 06:12:00,9090.16,Chennai,0
T05018,U0534,D0101,M026,2026-08-04 12:35:00,1171.98,Hyderabad,0
T05019,U0449,D0276,M040,2026-08-22 15:02:00,3515.31,Delhi,0
T05020,U0883,D0429,M033,2026-08-25 14:47:00,8789.97,Chennai,0
T05021,U0687,D0451,M091,2026-08-27 06:19:00,6425.33,Pune,0
T05022,U0903,D0094,M062,2026-08-12 14:50:00,6416.77,Bangalore,0
T05023,U0439,D0107,M060,2026-08-12 00:19:00,732.36,Mumbai,0
T05024,U0545,D0336,M069,2026-08-04 10:50:00,6902.33,Hyderabad,0
T05025,U0346,D0343,M039,2026-08-13 11:45:00,5199.01,Chennai,0
T05026,U0639,D0234,M084,2026-08-15 13:13:00,3587.41,Bangalore,0
T05027,U0352,D0097,M027,2026-08-05 16:37:00,9229.53,Delhi,0
T05028,U0476,D0271,M062,2026-08-21 08:39:00,1188.9,Mumbai,0
T05029,U0713,D0210,M030,2026-08-05 03:37:00,9624.46,Delhi,0
T05030,U0189,D0155,M085,2026-08-30 21:40:00,1116.8,Delhi,0
T05031,U0690,D0431,M097,2026-08-30 09:25:00,7062.51,Mumbai,0
T05032,U0869,D0128,M081,2026-08-05 06:01:00,1156.36,Delhi,0
T05033,U0549,D0293,M092,2026-08-20 05:22:00,1216.95,Delhi,0
T05034,U0735,D0316,M075,2026-08-20 23:00:00,3626.85,Pune,0
T05035,U0880,D0342,M051,2026-08-10 01:35:00,1682.33,Bangalore,0
T05036,U0638,D0097,M067,2026-08-02 06:40:00,3395.11,Delhi,0
T05037,U0363,D0267,M050,2026-08-12 15:09:00,3629.72,Delhi,0
T05038,U0219,D0377,M070,2026-08-20 04:55:00,3338.78,Pune,0
T05039,U0304,D0355,M073,2026-08-12 05:41:00,3710.99,Chennai,0
T05040,U0404,D0372,M091,2026-08-08 10:08:00,2894.66,Mumbai,0
T05041,U0560,D0413,M044,2026-08-05 06:57:00,4734.43,Pune,0
T05042,U0644,D0247,M097,2026-08-02 23:18:00,758.7,Hyderabad,0
T05043,U0703,D0492,M060,2026-08-20 08:33:00,4334.79,Mumbai,0
T05044,U0770,D0182,M026,2026-08-10 05:04:00,163.95,Delhi,0
T05045,U0500,D0180,M046,2026-08-22 00:39:00,1869.82,Mumbai,0
T05046,U0591,D0379,M097,2026-08-30 11:04:00,2297.59,Hyderabad,0
T05047,U0222,D0402,M073,2026-08-03 18:52:00,1729.6,Chennai,0
T05048,U0681,D0265,M064,2026-08-20 09:49:00,1154.3,Chennai,0
T05049,U0155,D0487,M095,2026-08-22 06:12:00,8200.03,Bangalore,0
T05050,U0699,D0364,M086,2026-08-06 16:36:00,8871.41,Bangalore,0
T05051,U0805,D0309,M054,2026-08-26 06:49:00,8663.79,Chennai,0
T05052,U0646,D0482,M086,2026-08-22 08:25:00,4613.22,Pune,0
T05053,U0924,D0135,M041,2026-08-23 19:30:00,2995.65,Hyderabad,0
T05054,U0282,D0430,M087,2026-08-30 16:40:00,5089.15,Mumbai,0
T05055,U0354,D0076,M033,2026-08-01 09:24:00,4481.6,Bangalore,0
T05056,U0300,D0113,M032,2026-08-07 10:37:00,7191.65,Hyderabad,0
T05057,U0295,D0175,M063,2026-08-14 05:02:00,4939.71,Pune,0
T05058,U0204,D0254,M087,2026-08-21 08:16:00,9856.01,Bangalore,0
T05059,U0926,D0392,M080,2026-08-06 11:24:00,6810.77,Delhi,0
T05060,U0797,D0319,M039,2026-08-18 02:54:00,3711.17,Delhi,0
T05061,U0595,D0255,M077,2026-08-19 07:47:00,7719.69,Mumbai,0
T05062,U0454,D0096,M074,2026-08-24 20:21:00,8561.47,Chennai,0
T05063,U0445,D0474,M060,2026-08-01 17:33:00,272.91,Pune,0
T05064,U0526,D0153,M046,2026-08-13 19:31:00,9455.27,Pune,0
T05065,U0539,D0425,M072,2026-08-09 22:23:00,7825.28,Delhi,0
T05066,U0356,D0431,M049,2026-08-06 18:55:00,8394.11,Delhi,0
T05067,U0228,D0465,M059,2026-08-12 02:22:00,9842.34,Pune,0
T05068,U0164,D0310,M028,2026-08-17 11:13:00,6963.47,Mumbai,0
T05069,U0838,D0200,M079,2026-08-03 06:41:00,7646.4,Hyderabad,0
T05070,U0655,D0479,M040,2026-08-04 18:14:00,9087.94,Hyderabad,0
T05071,U0189,D0457,M038,2026-08-02 23:54:00,785.5,Pune,0
T05072,U0999,D0153,M079,2026-08-01 09:44:00,404.23,Bangalore,0
T05073,U0288,D0281,M070,2026-08-26 12:14:00,5761.02,Chennai,0
T05074,U0836,D0209,M085,2026-08-16 07:17:00,6018.95,Delhi,0
T05075,U0359,D0188,M066,2026-08-14 03:41:00,5125.24,Pune,0
T05076,U0362,D0259,M088,2026-08-05 01:29:00,6041.22,Bangalore,0
T05077,U0441,D0368,M077,2026-08-22 11:32:00,5744.33,Hyderabad,0
T05078,U0544,D0200,M090,2026-08-19 19:17:00,9851.02,Mumbai,0
T05079,U0441,D0423,M056,2026-08-08 02:08:00,327.16,Chennai,0
T05080,U0244,D0329,M043,2026-08-30 22:03:00,4135.91,Hyderabad,0
T05081,U0300,D0474,M092,2026-08-07 11:05:00,3172.74,Delhi,0
T05082,U0492,D0211,M047,2026-08-23 16:00:00,6731.12,Hyderabad,0
T05083,U0153,D0096,M030,2026-08-30 22:31:00,1498.38,Delhi,0
T05084,U0551,D0416,M032,2026-08-04 22:19:00,3111.52,Pune,0
T05085,U0537,D0480,M028,2026-08-15 13:07:00,951.56,Bangalore,0
T05086,U0723,D0468,M069,2026-08-13 17:37:00,2163.87,Chennai,0
T05087,U0658,D0134,M077,2026-08-30 15:49:00,2108.89,Bangalore,0
T05088,U0811,D0432,M051,2026-08-11 16:06:00,3270.66,Mumbai,0
T05089,U0822,D0187,M074,2026-08-28 05:28:00,7156.41,Chennai,0
T05090,U0982,D0082,M037,2026-08-03 15:35:00,662.96,Bangalore,0
T05091,U0754,D0102,M093,2026-08-28 02:06:00,5927.58,Bangalore,0
T05092,U0717,D0303,M092,2026-08-06 04:28:00,7298.47,Hyderabad,0
T05093,U0994,D0348,M031,2026-08-08 21:29:00,5314.6,Chennai,0
T05094,U0494,D0433,M061,2026-08-03 22:25:00,3417.52,Delhi,0
T05095,U0925,D0168,M032,2026-08-29 06:59:00,7421.99,Bangalore,0
T05096,U0419,D0437,M054,2026-08-29 19:47:00,4490.47,Mumbai,0
T05097,U0241,D0200,M079,2026-08-18 22:15:00,1786.9,Pune,0
T05098,U0176,D0338,M036,2026-08-07 09:16:00,9851.95,Pune,0
T05099,U0801,D0295,M092,2026-08-04 00:56:00,3553.02,Delhi,0
T05100,U0461,D0475,M084,2026-08-12 16:05:00,7714.13,Bangalore,0
T05101,U0506,D0443,M054,2026-08-04 08:26:00,9935.73,Bangalore,0
T05102,U0188,D0254,M096,2026-08-10 15:39:00,6776.0,Pune,0
T05103,U0401,D0080,M081,2026-08-23 15:04:00,9305.7,Delhi,0
T05104,U0609,D0392,M090,2026-08-14 04:59:00,9789.45,Bangalore,0
T05105,U0722,D0375,M041,2026-08-15 00:52:00,1485.32,Mumbai,0
T05106,U0771,D0195,M086,2026-08-19 13:51:00,7361.12,Hyderabad,0
T05107,U0814,D0090,M039,2026-08-19 10:57:00,8141.72,Mumbai,0
T05108,U0641,D0429,M038,2026-08-24 04:03:00,5002.87,Mumbai,0
T05109,U0279,D0412,M093,2026-08-25 16:45:00,8123.86,Chennai,0
T05110,U0569,D0196,M081,2026-08-25 19:00:00,5307.05,Pune,0
T05111,U0833,D0259,M029,2026-08-04 23:52:00,7314.23,Mumbai,0
T05112,U0945,D0476,M046,2026-08-21 22:19:00,9250.75,Chennai,0
T05113,U0757,D0157,M049,2026-08-20 08:20:00,4379.33,Mumbai,0
T05114,U0678,D0429,M091,2026-08-01 12:13:00,5741.77,Pune,0
T05115,U0350,D0305,M076,2026-08-04 21:31:00,9501.06,Hyderabad,0
T05116,U0324,D0171,M096,2026-08-30 03:57:00,6062.04,Pune,0
T05117,U0701,D0387,M026,2026-08-22 02:35:00,2985.2,Delhi,0
T05118,U0398,D0489,M066,2026-08-26 17:47:00,5401.06,Chennai,0
T05119,U0482,D0250,M087,2026-08-22 20:35:00,4702.05,Mumbai,0
T05120,U0481,D0384,M089,2026-08-18 07:15:00,3034.22,Delhi,0
T05121,U0343,D0361,M073,2026-08-25 05:18:00,343.9,Bangalore,0
T05122,U0225,D0439,M063,2026-08-06 16:18:00,7754.75,Bangalore,0
T05123,U0950,D0274,M068,2026-08-22 23:23:00,5559.22,Chennai,0
T05124,U0736,D0111,M043,2026-08-27 20:41:00,9576.93,Hyderabad,0
T05125,U0556,D0255,M037,2026-08-25 07:41:00,5375.48,Bangalore,0
T05126,U0814,D0134,M065,2026-08-24 22:04:00,4342.45,Bangalore,0
T05127,U0818,D0260,M031,2026-08-01 04:45:00,7212.15,Chennai,0
T05128,U0419,D0214,M049,2026-08-24 19:05:00,9484.15,Delhi,0
T05129,U0654,D0254,M085,2026-08-03 06:23:00,6301.95,Pune,0
T05130,U0168,D0472,M044,2026-08-27 20:03:00,2042.15,Bangalore,0
T05131,U0255,D0450,M045,2026-08-16 11:15:00,6372.84,Bangalore,0
T05132,U0810,D0335,M076,2026-08-29 11:16:00,457.68,Hyderabad,0
T05133,U0326,D0368,M028,2026-08-19 06:32:00,6649.52,Delhi,0
T05134,U0503,D0152,M049,2026-08-08 09:00:00,2347.91,Chennai,0
T05135,U0568,D0385,M052,2026-08-06 10:03:00,6376.48,Bangalore,0
T05136,U0544,D0162,M031,2026-08-01 14:53:00,7846.34,Mumbai,0
T05137,U0805,D0176,M028,2026-08-07 04:39:00,8142.62,Chennai,0
T05138,U0545,D0409,M080,2026-08-07 07:42:00,2669.67,Delhi,0
T05139,U0613,D0262,M056,2026-08-22 08:53:00,9457.39,Pune,0
T05140,U0801,D0223,M029,2026-08-15 20:46:00,4998.7,Pune,0
T05141,U0245,D0489,M061,2026-08-14 21:13:00,3971.18,Pune,0
T05142,U0762,D0264,M078,2026-08-23 13:48:00,2631.55,Pune,0
T05143,U0540,D0353,M089,2026-08-10 11:29:00,3682.68,Hyderabad,0
T05144,U0410,D0266,M054,2026-08-12 13:51:00,3370.03,Bangalore,0
T05145,U0438,D0270,M080,2026-08-25 23:37:00,9754.31,Pune,0
T05146,U0993,D0290,M071,2026-08-24 09:32:00,2066.4,Pune,0
T05147,U0425,D0335,M051,2026-08-14 12:02:00,5659.49,Chennai,0
T05148,U0828,D0256,M096,2026-08-20 12:32:00,6336.81,Mumbai,0
T05149,U0657,D0186,M081,2026-08-18 19:46:00,8315.72,Delhi,0
T05150,U0471,D0199,M045,2026-08-02 08:00:00,8620.7,Mumbai,0
T05151,U0635,D0262,M093,2026-08-22 10:27:00,145.3,Delhi,0
T05152,U0774,D0224,M057,2026-08-08 05:44:00,7754.08,Pune,0
T05153,U0569,D0470,M097,2026-08-10 22:35:00,6603.18,Pune,0
T05154,U0408,D0229,M057,2026-08-20 14:21:00,9968.49,Pune,0
T05155,U0496,D0350,M030,2026-08-17 04:52:00,335.41,Pune,0
T05156,U0960,D0232,M066,2026-08-03 17:04:00,3675.66,Pune,0
T05157,U0183,D0381,M048,2026-08-25 05:05:00,2764.49,Mumbai,0
T05158,U0320,D0451,M027,2026-08-03 07:51:00,4633.07,Hyderabad,0
T05159,U0327,D0464,M051,2026-08-26 19:28:00,552.22,Mumbai,0
T05160,U0608,D0192,M088,2026-08-07 10:58:00,8460.91,Delhi,0
T05161,U0473,D0214,M070,2026-08-29 14:54:00,9697.99,Bangalore,0
T05162,U0398,D0363,M029,2026-08-03 21:17:00,4274.93,Hyderabad,0
T05163,U0723,D0255,M040,2026-08-17 03:02:00,480.67,Chennai,0
T05164,U0856,D0432,M026,2026-08-14 15:34:00,9925.33,Bangalore,0
T05165,U0824,D0170,M097,2026-08-05 06:54:00,3185.35,Hyderabad,0
T05166,U0383,D0109,M043,2026-08-22 02:48:00,6006.59,Pune,0
T05167,U0854,D0420,M055,2026-08-11 04:26:00,7530.91,Delhi,0
T05168,U0927,D0245,M050,2026-08-04 13:55:00,7995.12,Pune,0
T05169,U0253,D0133,M044,2026-08-11 21:03:00,6602.52,Delhi,0
T05170,U0180,D0216,M047,2026-08-19 06:06:00,3643.9,Mumbai,0
T05171,U0987,D0211,M045,2026-08-26 02:13:00,4397.9,Pune,0
T05172,U0540,D0169,M070,2026-08-06 01:15:00,6949.82,Delhi,0
T05173,U0523,D0329,M054,2026-08-25 01:17:00,2005.14,Pune,0
T05174,U0844,D0255,M070,2026-08-14 07:32:00,3487.99,Bangalore,0
T05175,U0416,D0399,M081,2026-08-02 20:45:00,8002.04,Pune,0
T05176,U0233,D0375,M055,2026-08-15 18:05:00,1028.29,Mumbai,0
T05177,U0832,D0231,M070,2026-08-17 06:27:00,3195.38,Pune,0
T05178,U0376,D0428,M084,2026-08-02 10:08:00,9245.68,Mumbai,0
T05179,U0289,D0318,M049,2026-08-25 17:59:00,8467.49,Mumbai,0
T05180,U0617,D0178,M057,2026-08-21 03:04:00,2576.78,Bangalore,0
T05181,U0294,D0120,M066,2026-08-22 15:30:00,3808.06,Mumbai,0
T05182,U0887,D0445,M047,2026-08-20 08:39:00,2647.55,Bangalore,0
T05183,U0328,D0461,M080,2026-08-02 07:23:00,5185.59,Delhi,0
T05184,U0272,D0337,M082,2026-08-18 20:26:00,1681.86,Delhi,0
T05185,U0787,D0106,M080,2026-08-26 23:42:00,2417.01,Delhi,0
T05186,U0592,D0199,M028,2026-08-11 16:32:00,9237.18,Delhi,0
T05187,U0495,D0113,M081,2026-08-23 11:39:00,9416.15,Hyderabad,0
T05188,U0494,D0092,M068,2026-08-29 00:20:00,8232.91,Delhi,0
T05189,U0297,D0496,M042,2026-08-20 01:24:00,4463.06,Pune,0
T05190,U0974,D0127,M048,2026-08-10 19:10:00,2875.93,Chennai,0
T05191,U0998,D0473,M093,2026-08-26 07:21:00,5352.87,Bangalore,0
T05192,U0466,D0333,M070,2026-08-05 02:47:00,6609.95,Pune,0
T05193,U0306,D0105,M044,2026-08-17 19:22:00,6117.29,Chennai,0
T05194,U0561,D0228,M072,2026-08-03 02:27:00,8604.31,Chennai,0
T05195,U0717,D0165,M056,2026-08-05 20:56:00,2538.53,Chennai,0
T05196,U0633,D0261,M073,2026-08-21 02:18:00,3848.11,Chennai,0
T05197,U0771,D0388,M034,2026-08-06 00:22:00,7211.52,Hyderabad,0
T05198,U0755,D0088,M062,2026-08-29 14:43:00,2661.73,Bangalore,0
T05199,U0684,D0438,M051,2026-08-30 10:35:00,3061.63,Mumbai,0
T05200,U0780,D0266,M054,2026-08-04 20:21:00,8877.33,Pune,0
T05201,U0819,D0156,M100,2026-08-23 00:26:00,4888.08,Pune,0
T05202,U0808,D0130,M067,2026-08-01 17:15:00,4139.2,Pune,0
T05203,U0749,D0134,M085,2026-08-28 12:46:00,1352.42,Hyderabad,0
T05204,U0979,D0108,M083,2026-08-10 17:20:00,8586.61,Delhi,0
T05205,U0265,D0294,M044,2026-08-28 23:04:00,925.47,Bangalore,0
T05206,U0899,D0333,M088,2026-08-11 09:40:00,8218.96,Chennai,0
T05207,U0311,D0126,M096,2026-08-12 04:54:00,4031.0,Bangalore,0
T05208,U0956,D0240,M082,2026-08-10 21:55:00,6826.03,Mumbai,0
T05209,U0947,D0323,M040,2026-08-02 05:23:00,3653.95,Delhi,0
T05210,U0677,D0425,M083,2026-08-23 04:17:00,109.69,Pune,0
T05211,U0450,D0253,M036,2026-08-17 23:35:00,8647.55,Bangalore,0
T05212,U0411,D0216,M066,2026-08-03 07:50:00,202.49,Chennai,0
T05213,U0157,D0143,M074,2026-08-24 16:47:00,2515.95,Mumbai,0
T05214,U0719,D0389,M030,2026-08-10 16:42:00,7473.28,Hyderabad,0
T05215,U0804,D0253,M033,2026-08-08 17:47:00,5985.01,Delhi,0
T05216,U0560,D0307,M076,2026-08-03 03:35:00,2453.62,Bangalore,0
T05217,U0429,D0080,M052,2026-08-13 10:20:00,4140.06,Pune,0
T05218,U0621,D0423,M070,2026-08-14 13:03:00,6291.79,Delhi,0
T05219,U0879,D0446,M044,2026-08-11 22:14:00,7909.2,Delhi,0
T05220,U0668,D0125,M031,2026-08-04 10:29:00,8897.79,Delhi,0
T05221,U0831,D0143,M083,2026-08-08 20:26:00,809.54,Hyderabad,0
T05222,U0253,D0200,M057,2026-08-13 18:43:00,3815.44,Bangalore,0
T05223,U0709,D0234,M046,2026-08-07 18:38:00,128.93,Chennai,0
T05224,U0699,D0412,M096,2026-08-08 16:39:00,3680.45,Chennai,0
T05225,U0328,D0092,M096,2026-08-09 23:09:00,6882.9,Bangalore,0
T05226,U0921,D0420,M075,2026-08-24 19:13:00,1303.43,Pune,0
T05227,U0571,D0189,M079,2026-08-01 09:52:00,2451.83,Delhi,0
T05228,U0843,D0417,M037,2026-08-30 12:20:00,9390.27,Mumbai,0
T05229,U0402,D0453,M074,2026-08-28 07:36:00,225.04,Pune,0
T05230,U0673,D0379,M065,2026-08-30 11:48:00,4912.31,Mumbai,0
T05231,U0339,D0099,M031,2026-08-02 01:16:00,3600.52,Bangalore,0
T05232,U0414,D0433,M038,2026-08-03 07:00:00,9668.58,Bangalore,0
T05233,U0618,D0134,M081,2026-08-11 23:43:00,2763.04,Hyderabad,0
T05234,U0964,D0090,M094,2026-08-28 14:37:00,3274.35,Chennai,0
T05235,U0372,D0310,M026,2026-08-25 01:54:00,3776.01,Bangalore,0
T05236,U0950,D0375,M036,2026-08-29 07:37:00,2721.83,Pune,0
T05237,U0462,D0261,M059,2026-08-17 12:53:00,4261.13,Mumbai,0
T05238,U0296,D0391,M076,2026-08-16 15:52:00,3450.47,Bangalore,0
T05239,U0765,D0171,M084,2026-08-20 11:15:00,5035.31,Chennai,0
T05240,U0600,D0304,M040,2026-08-23 19:15:00,5054.71,Chennai,0
T05241,U0586,D0199,M100,2026-08-17 03:04:00,4067.84,Chennai,0
T05242,U0910,D0281,M074,2026-08-21 01:16:00,5484.64,Bangalore,0
T05243,U0532,D0262,M089,2026-08-10 10:36:00,4641.79,Chennai,0
T05244,U0708,D0344,M087,2026-08-14 00:55:00,8249.33,Bangalore,0
T05245,U0320,D0449,M043,2026-08-10 21:28:00,6905.17,Pune,0
T05246,U0930,D0223,M074,2026-08-04 03:11:00,3089.07,Mumbai,0
T05247,U0541,D0166,M089,2026-08-20 07:24:00,2127.46,Chennai,0
T05248,U0151,D0227,M040,2026-08-04 06:13:00,8074.81,Mumbai,0
T05249,U0948,D0125,M064,2026-08-08 22:10:00,6299.47,Bangalore,0
T05250,U0534,D0171,M063,2026-08-24 06:32:00,2344.97,Delhi,0
T05251,U0557,D0348,M079,2026-08-10 10:19:00,8883.03,Mumbai,0
T05252,U0419,D0321,M029,2026-08-12 09:20:00,3944.15,Mumbai,0
T05253,U0702,D0365,M075,2026-08-27 23:53:00,5154.09,Mumbai,0
T05254,U0173,D0186,M074,2026-08-26 02:03:00,5631.45,Chennai,0
T05255,U0154,D0090,M061,2026-08-25 15:13:00,2276.9,Pune,0
T05256,U0768,D0404,M055,2026-08-19 06:36:00,7316.47,Pune,0
T05257,U0231,D0467,M070,2026-08-27 05:51:00,9757.74,Pune,0
T05258,U0299,D0475,M040,2026-08-30 07:15:00,1759.9,Bangalore,0
T05259,U0543,D0244,M054,2026-08-13 18:00:00,737.7,Hyderabad,0
T05260,U0202,D0269,M044,2026-08-27 08:25:00,1032.46,Delhi,0
T05261,U0613,D0163,M042,2026-08-24 08:56:00,1653.09,Mumbai,0
T05262,U0278,D0341,M050,2026-08-01 22:18:00,966.3,Bangalore,0
T05263,U0608,D0432,M100,2026-08-19 05:25:00,6554.84,Mumbai,0
T05264,U0493,D0422,M083,2026-08-24 22:20:00,6166.94,Pune,0
T05265,U0684,D0411,M058,2026-08-27 05:44:00,4822.94,Hyderabad,0
T05266,U0746,D0390,M083,2026-08-29 09:52:00,6042.65,Hyderabad,0
T05267,U0316,D0145,M039,2026-08-23 07:34:00,1329.96,Hyderabad,0
T05268,U0710,D0285,M068,2026-08-20 00:01:00,3623.87,Pune,0
T05269,U0248,D0359,M094,2026-08-05 15:25:00,9949.52,Bangalore,0
T05270,U0594,D0115,M089,2026-08-10 14:45:00,6355.24,Pune,0
T05271,U0874,D0236,M078,2026-08-12 01:41:00,1037.66,Mumbai,0
T05272,U0355,D0500,M038,2026-08-08 15:40:00,6004.14,Hyderabad,0
T05273,U0511,D0305,M048,2026-08-19 20:39:00,1123.22,Delhi,0
T05274,U0463,D0387,M078,2026-08-10 22:01:00,4931.24,Delhi,0
T05275,U0670,D0112,M037,2026-08-27 02:54:00,8407.88,Chennai,0
T05276,U0689,D0429,M100,2026-08-27 15:14:00,630.16,Delhi,0
T05277,U0321,D0433,M032,2026-08-06 04:19:00,7659.74,Pune,0
T05278,U0994,D0082,M089,2026-08-04 11:57:00,4317.58,Mumbai,0
T05279,U0507,D0172,M047,2026-08-06 05:31:00,3951.27,Pune,0
T05280,U0350,D0291,M041,2026-08-12 00:24:00,861.13,Delhi,0
T05281,U0690,D0244,M060,2026-08-27 07:45:00,462.65,Bangalore,0
T05282,U0468,D0428,M033,2026-08-12 01:03:00,4814.59,Chennai,0
T05283,U0766,D0258,M063,2026-08-17 21:51:00,5207.3,Hyderabad,0
T05284,U0666,D0191,M069,2026-08-20 03:57:00,9047.67,Chennai,0
T05285,U0847,D0382,M096,2026-08-06 15:04:00,1616.17,Hyderabad,0
T05286,U0901,D0187,M045,2026-08-07 14:55:00,9116.68,Hyderabad,0
T05287,U0259,D0300,M060,2026-08-04 04:10:00,8352.91,Pune,0
T05288,U0908,D0170,M067,2026-08-26 09:06:00,8817.79,Bangalore,0
T05289,U0795,D0454,M058,2026-08-23 11:04:00,8689.7,Chennai,0
T05290,U0259,D0495,M049,2026-08-09 13:12:00,4117.58,Bangalore,0
T05291,U0275,D0432,M095,2026-08-18 23:37:00,2409.38,Delhi,0
T05292,U0418,D0259,M059,2026-08-05 10:40:00,8265.66,Pune,0
T05293,U0942,D0360,M058,2026-08-15 11:42:00,2414.17,Hyderabad,0
T05294,U0549,D0187,M032,2026-08-28 10:45:00,2499.38,Mumbai,0
T05295,U0763,D0280,M092,2026-08-16 08:49:00,7774.18,Delhi,0
T05296,U0198,D0409,M080,2026-08-14 22:04:00,3687.39,Delhi,0
T05297,U0702,D0313,M043,2026-08-29 15:43:00,2847.89,Pune,0
T05298,U0183,D0363,M048,2026-08-05 21:32:00,4662.93,Pune,0
T05299,U0946,D0172,M068,2026-08-30 14:54:00,9462.51,Bangalore,0
T05300,U0579,D0281,M091,2026-08-03 22:18:00,758.77,Chennai,0
T05301,U0371,D0394,M086,2026-08-09 17:50:00,9349.62,Mumbai,0
T05302,U0180,D0320,M043,2026-08-06 12:11:00,4840.34,Chennai,0
T05303,U0874,D0226,M027,2026-08-09 04:53:00,3125.74,Pune,0
T05304,U0326,D0406,M047,2026-08-13 07:19:00,1031.17,Delhi,0
T05305,U0688,D0481,M055,2026-08-03 18:59:00,4176.77,Chennai,0
T05306,U0340,D0451,M056,2026-08-20 17:54:00,3195.45,Bangalore,0
T05307,U0247,D0354,M038,2026-08-30 12:40:00,7929.94,Hyderabad,0
T05308,U0425,D0162,M063,2026-08-26 03:44:00,8738.89,Hyderabad,0
T05309,U0310,D0418,M029,2026-08-08 03:51:00,6961.96,Chennai,0
T05310,U0978,D0462,M073,2026-08-01 07:59:00,7007.3,Hyderabad,0
T05311,U0600,D0286,M070,2026-08-05 03:14:00,1268.35,Pune,0
T05312,U0678,D0294,M034,2026-08-16 07:23:00,4223.63,Hyderabad,0
T05313,U0159,D0389,M099,2026-08-13 23:18:00,1120.2,Mumbai,0
T05314,U0510,D0174,M095,2026-08-29 05:15:00,7096.14,Chennai,0
T05315,U0629,D0095,M066,2026-08-15 03:44:00,8325.1,Chennai,0
T05316,U0458,D0242,M037,2026-08-29 19:52:00,6273.53,Delhi,0
T05317,U0995,D0167,M075,2026-08-04 11:06:00,6707.23,Bangalore,0
T05318,U0178,D0405,M051,2026-08-15 11:40:00,3894.98,Delhi,0
T05319,U0424,D0168,M099,2026-08-28 00:24:00,9901.76,Bangalore,0
T05320,U0800,D0165,M056,2026-08-22 20:35:00,3884.09,Mumbai,0
T05321,U0594,D0374,M080,2026-08-28 07:18:00,1815.36,Chennai,0
T05322,U0734,D0253,M055,2026-08-11 13:05:00,5418.87,Bangalore,0
T05323,U0733,D0204,M037,2026-08-03 23:27:00,6288.61,Delhi,0
T05324,U0952,D0462,M050,2026-08-28 17:00:00,6800.39,Delhi,0
T05325,U0963,D0194,M065,2026-08-06 18:31:00,2876.38,Pune,0
T05326,U0303,D0226,M026,2026-08-18 05:28:00,4303.93,Chennai,0
T05327,U0675,D0457,M050,2026-08-13 07:05:00,4160.1,Chennai,0
T05328,U0976,D0229,M092,2026-08-25 12:30:00,6084.63,Chennai,0
T05329,U0414,D0182,M086,2026-08-17 21:09:00,1115.02,Pune,0
T05330,U0690,D0271,M081,2026-08-28 20:47:00,2618.58,Bangalore,0
T05331,U0670,D0298,M072,2026-08-14 02:32:00,1839.71,Chennai,0
T05332,U0895,D0363,M048,2026-08-18 11:07:00,9443.39,Chennai,0
T05333,U0718,D0244,M069,2026-08-01 22:44:00,4552.69,Chennai,0
T05334,U0499,D0496,M028,2026-08-27 06:54:00,8633.49,Chennai,0
T05335,U0928,D0362,M092,2026-08-29 06:48:00,9888.09,Delhi,0
T05336,U0429,D0321,M027,2026-08-12 07:41:00,5736.25,Delhi,0
T05337,U0583,D0221,M067,2026-08-10 12:51:00,3294.89,Bangalore,0
T05338,U0632,D0283,M068,2026-08-03 00:56:00,2660.28,Bangalore,0
T05339,U0972,D0357,M092,2026-08-10 03:59:00,144.85,Delhi,0
T05340,U0968,D0377,M069,2026-08-13 11:14:00,1450.1,Delhi,0
T05341,U0617,D0184,M061,2026-08-13 23:04:00,7421.76,Delhi,0
T05342,U0811,D0281,M074,2026-08-24 11:59:00,9632.43,Mumbai,0
T05343,U0611,D0377,M094,2026-08-28 19:41:00,5835.97,Mumbai,0
T05344,U0167,D0285,M039,2026-08-21 19:47:00,7032.77,Pune,0
T05345,U0173,D0297,M100,2026-08-03 08:14:00,941.53,Hyderabad,0
T05346,U0787,D0301,M036,2026-08-04 16:14:00,360.54,Chennai,0
T05347,U0968,D0344,M059,2026-08-21 09:22:00,1116.03,Mumbai,0
T05348,U0642,D0500,M071,2026-08-20 01:28:00,4378.14,Hyderabad,0
T05349,U0151,D0410,M069,2026-08-04 11:38:00,5473.91,Delhi,0
T05350,U0583,D0086,M038,2026-08-18 11:49:00,4964.81,Hyderabad,0
T05351,U0418,D0364,M049,2026-08-10 07:16:00,2912.46,Chennai,0
T05352,U0527,D0388,M081,2026-08-27 04:34:00,5219.52,Bangalore,0
T05353,U0435,D0241,M028,2026-08-30 09:17:00,3417.72,Mumbai,0
T05354,U0569,D0438,M099,2026-08-11 10:29:00,4896.28,Hyderabad,0
T05355,U0197,D0145,M059,2026-08-09 02:21:00,7974.51,Mumbai,0
T05356,U0224,D0317,M094,2026-08-27 18:03:00,1761.4,Hyderabad,0
T05357,U0971,D0304,M041,2026-08-14 16:24:00,9593.76,Chennai,0
T05358,U0489,D0104,M056,2026-08-25 12:38:00,3304.89,Pune,0
T05359,U0653,D0295,M048,2026-08-18 03:07:00,8757.99,Hyderabad,0
T05360,U0677,D0480,M035,2026-08-29 15:14:00,4171.59,Chennai,0
T05361,U0680,D0407,M062,2026-08-27 01:50:00,2520.49,Pune,0
T05362,U0567,D0362,M032,2026-08-18 12:55:00,2039.04,Delhi,0
T05363,U0510,D0189,M028,2026-08-04 20:23:00,315.18,Bangalore,0
T05364,U0933,D0148,M082,2026-08-25 23:57:00,5823.25,Delhi,0
T05365,U0492,D0119,M052,2026-08-01 01:40:00,7615.01,Pune,0
T05366,U0666,D0264,M044,2026-08-23 06:54:00,4650.7,Delhi,0
T05367,U0536,D0464,M086,2026-08-03 05:16:00,8926.18,Mumbai,0
T05368,U0486,D0288,M044,2026-08-03 08:22:00,9459.01,Pune,0
T05369,U0583,D0186,M058,2026-08-14 20:05:00,6832.03,Chennai,0
T05370,U0794,D0380,M059,2026-08-19 08:08:00,5135.83,Delhi,0
T05371,U0537,D0458,M057,2026-08-11 14:05:00,1139.02,Bangalore,0
T05372,U0841,D0153,M051,2026-08-11 02:51:00,3770.76,Pune,0
T05373,U0582,D0121,M087,2026-08-03 04:13:00,4540.08,Chennai,0
T05374,U0278,D0304,M064,2026-08-13 17:46:00,8677.23,Mumbai,0
T05375,U0623,D0295,M048,2026-08-19 19:37:00,8912.9,Mumbai,0
T05376,U0401,D0276,M082,2026-08-25 11:50:00,3200.3,Bangalore,0
T05377,U0672,D0390,M096,2026-08-28 13:19:00,4935.01,Mumbai,0
T05378,U0422,D0477,M089,2026-08-18 00:52:00,6171.43,Pune,0
T05379,U0444,D0408,M056,2026-08-13 23:34:00,8409.18,Pune,0
T05380,U0493,D0146,M071,2026-08-09 15:48:00,4516.64,Mumbai,0
T05381,U0957,D0205,M029,2026-08-11 22:10:00,4814.36,Mumbai,0
T05382,U0580,D0361,M086,2026-08-13 19:21:00,347.72,Chennai,0
T05383,U0174,D0321,M079,2026-08-22 06:21:00,3611.45,Hyderabad,0
T05384,U0762,D0303,M070,2026-08-10 02:08:00,3050.67,Bangalore,0
T05385,U0475,D0462,M086,2026-08-10 10:51:00,6552.23,Chennai,0
T05386,U0211,D0394,M033,2026-08-02 11:18:00,6469.16,Bangalore,0
T05387,U0735,D0218,M030,2026-08-19 14:46:00,3788.75,Hyderabad,0
T05388,U0894,D0335,M045,2026-08-12 00:30:00,7474.17,Pune,0
T05389,U0420,D0251,M057,2026-08-24 21:48:00,9833.59,Hyderabad,0
T05390,U0821,D0412,M080,2026-08-17 15:10:00,2535.42,Chennai,0
T05391,U0356,D0422,M042,2026-08-19 17:35:00,4355.39,Bangalore,0
T05392,U0797,D0425,M027,2026-08-02 16:12:00,2676.26,Bangalore,0
T05393,U0735,D0453,M036,2026-08-04 04:36:00,693.31,Chennai,0
T05394,U0985,D0233,M100,2026-08-17 11:02:00,8262.27,Bangalore,0
T05395,U0231,D0383,M090,2026-08-26 20:04:00,5956.54,Mumbai,0
T05396,U0472,D0117,M037,2026-08-25 22:08:00,1107.84,Hyderabad,0
T05397,U0665,D0186,M083,2026-08-13 14:12:00,4077.75,Bangalore,0
T05398,U0470,D0449,M065,2026-08-22 09:47:00,4541.91,Bangalore,0
T05399,U0673,D0405,M078,2026-08-24 06:16:00,4919.92,Bangalore,0
T05400,U0438,D0444,M085,2026-08-27 13:23:00,4174.93,Pune,0
T05401,U0817,D0476,M075,2026-08-25 22:04:00,8865.84,Pune,0
T05402,U0779,D0084,M073,2026-08-07 01:27:00,3751.72,Hyderabad,0
T05403,U0765,D0376,M073,2026-08-01 18:19:00,5314.87,Delhi,0
T05404,U0220,D0217,M047,2026-08-11 14:08:00,6947.39,Bangalore,0
T05405,U0898,D0168,M099,2026-08-09 11:05:00,5014.16,Hyderabad,0
T05406,U0168,D0237,M061,2026-08-22 21:34:00,6836.05,Delhi,0
T05407,U0698,D0292,M048,2026-08-08 01:55:00,764.14,Bangalore,0
T05408,U0514,D0110,M053,2026-08-05 00:22:00,5366.15,Mumbai,0
T05409,U0184,D0233,M088,2026-08-14 23:54:00,4565.57,Chennai,0
T05410,U0369,D0358,M037,2026-08-12 12:42:00,4592.45,Pune,0
T05411,U0663,D0249,M047,2026-08-12 21:14:00,4606.55,Hyderabad,0
T05412,U0998,D0141,M026,2026-08-09 13:19:00,3340.41,Hyderabad,0
T05413,U0439,D0128,M028,2026-08-08 13:50:00,9171.61,Chennai,0
T05414,U0952,D0334,M087,2026-08-30 08:39:00,2334.04,Hyderabad,0
T05415,U0235,D0351,M078,2026-08-19 19:46:00,3169.93,Mumbai,0
T05416,U0641,D0230,M038,2026-08-10 06:35:00,992.71,Chennai,0
T05417,U0526,D0115,M090,2026-08-09 13:14:00,185.76,Hyderabad,0
T05418,U0677,D0267,M051,2026-08-13 04:13:00,9016.95,Mumbai,0
T05419,U0941,D0238,M094,2026-08-04 13:46:00,3557.69,Delhi,0
T05420,U0690,D0473,M094,2026-08-17 14:19:00,6413.19,Pune,0
T05421,U0272,D0326,M096,2026-08-28 09:53:00,3345.9,Delhi,0
T05422,U0977,D0393,M033,2026-08-27 06:36:00,5272.89,Pune,0
T05423,U0844,D0482,M035,2026-08-08 18:34:00,9714.14,Delhi,0
T05424,U0535,D0245,M072,2026-08-24 14:41:00,8411.08,Bangalore,0
T05425,U0536,D0311,M070,2026-08-29 06:06:00,1860.36,Delhi,0
T05426,U0361,D0125,M054,2026-08-15 03:44:00,5371.69,Delhi,0
T05427,U0244,D0356,M031,2026-08-03 12:36:00,9928.25,Delhi,0
T05428,U0217,D0495,M059,2026-08-18 12:43:00,1971.88,Chennai,0
T05429,U0871,D0386,M048,2026-08-15 04:31:00,9155.81,Bangalore,0
T05430,U0856,D0387,M073,2026-08-27 03:12:00,4686.77,Chennai,0
T05431,U0932,D0102,M039,2026-08-08 21:23:00,726.81,Hyderabad,0
T05432,U0309,D0317,M050,2026-08-14 10:25:00,997.71,Bangalore,0
T05433,U0453,D0446,M077,2026-08-05 00:15:00,2046.75,Bangalore,0
T05434,U0491,D0404,M071,2026-08-17 11:53:00,2038.19,Bangalore,0
T05435,U0215,D0240,M054,2026-08-02 18:35:00,1979.11,Hyderabad,0
T05436,U0454,D0081,M083,2026-08-21 01:38:00,5374.96,Pune,0
T05437,U0880,D0127,M032,2026-08-29 01:32:00,9998.18,Pune,0
T05438,U0568,D0260,M096,2026-08-14 19:02:00,6670.07,Hyderabad,0
T05439,U0478,D0309,M078,2026-08-20 16:01:00,2450.07,Hyderabad,0
T05440,U0484,D0231,M041,2026-08-26 09:52:00,7445.63,Chennai,0
T05441,U0762,D0378,M038,2026-08-07 10:24:00,4125.44,Delhi,0
T05442,U0763,D0212,M069,2026-08-07 22:47:00,645.26,Hyderabad,0
T05443,U0851,D0118,M039,2026-08-02 01:01:00,4251.58,Bangalore,0
T05444,U0862,D0459,M074,2026-08-30 03:49:00,3867.3,Delhi,0
T05445,U0246,D0084,M033,2026-08-24 23:00:00,6400.84,Chennai,0
T05446,U0831,D0204,M043,2026-08-06 14:53:00,4104.53,Chennai,0
T05447,U0578,D0498,M090,2026-08-06 17:33:00,1604.26,Bangalore,0
T05448,U0799,D0491,M089,2026-08-17 04:40:00,9285.92,Mumbai,0
T05449,U0325,D0408,M074,2026-08-29 03:19:00,5727.96,Mumbai,0
T05450,U0300,D0091,M093,2026-08-09 19:24:00,6351.13,Mumbai,0
T05451,U0737,D0485,M037,2026-08-01 04:14:00,210.11,Delhi,0
T05452,U0386,D0147,M071,2026-08-23 09:41:00,1382.11,Chennai,0
T05453,U0715,D0397,M084,2026-08-03 05:41:00,7064.25,Chennai,0
T05454,U0300,D0091,M031,2026-08-30 08:56:00,6643.98,Hyderabad,0
T05455,U0723,D0249,M089,2026-08-06 20:42:00,2615.48,Chennai,0
T05456,U0720,D0313,M041,2026-08-07 14:06:00,6139.6,Bangalore,0
T05457,U0453,D0247,M049,2026-08-03 00:49:00,3378.71,Delhi,0
T05458,U0973,D0404,M028,2026-08-07 17:01:00,9143.92,Delhi,0
T05459,U0560,D0084,M074,2026-08-02 23:58:00,2951.56,Bangalore,0
T05460,U0328,D0481,M049,2026-08-12 22:20:00,226.66,Hyderabad,0
T05461,U0458,D0320,M059,2026-08-21 12:46:00,9550.73,Mumbai,0
T05462,U0860,D0386,M069,2026-08-02 21:30:00,7208.37,Bangalore,0
T05463,U0414,D0118,M090,2026-08-27 14:20:00,5100.09,Mumbai,0
T05464,U0552,D0428,M059,2026-08-10 07:04:00,449.24,Mumbai,0
T05465,U0488,D0397,M071,2026-08-20 15:13:00,8072.07,Chennai,0
T05466,U0678,D0362,M088,2026-08-25 03:49:00,5135.73,Delhi,0
T05467,U0604,D0448,M074,2026-08-16 19:39:00,4313.12,Delhi,0
T05468,U0789,D0500,M056,2026-08-04 08:54:00,2139.44,Pune,0
T05469,U0204,D0289,M042,2026-08-07 06:47:00,8449.12,Bangalore,0
T05470,U0241,D0126,M050,2026-08-26 07:18:00,3883.69,Hyderabad,0
T05471,U0644,D0377,M061,2026-08-21 08:28:00,9035.25,Bangalore,0
T05472,U0922,D0371,M027,2026-08-10 18:05:00,5138.5,Chennai,0
T05473,U0488,D0138,M058,2026-08-24 17:07:00,5909.95,Hyderabad,0
T05474,U0898,D0201,M097,2026-08-08 16:02:00,9512.31,Delhi,0
T05475,U0447,D0233,M035,2026-08-27 19:28:00,7141.85,Bangalore,0
T05476,U0416,D0311,M098,2026-08-03 04:11:00,9574.63,Chennai,0
T05477,U0466,D0301,M042,2026-08-26 12:32:00,2469.75,Hyderabad,0
T05478,U0246,D0452,M078,2026-08-22 13:59:00,2229.02,Bangalore,0
T05479,U0990,D0364,M068,2026-08-11 01:27:00,1348.34,Pune,0
T05480,U0554,D0328,M027,2026-08-26 07:56:00,2632.89,Delhi,0
T05481,U0928,D0340,M077,2026-08-29 12:37:00,5334.33,Mumbai,0
T05482,U0969,D0245,M074,2026-08-07 19:01:00,5970.71,Chennai,0
T05483,U0527,D0472,M094,2026-08-09 10:41:00,8739.11,Chennai,0
T05484,U0689,D0160,M094,2026-08-01 01:45:00,7625.35,Bangalore,0
T05485,U0690,D0187,M045,2026-08-12 04:07:00,3797.81,Bangalore,0
T05486,U0598,D0337,M091,2026-08-16 14:28:00,4328.23,Pune,0
T05487,U0456,D0424,M080,2026-08-23 01:42:00,9075.81,Pune,0
T05488,U0658,D0333,M028,2026-08-28 19:10:00,9495.99,Hyderabad,0
T05489,U0482,D0486,M096,2026-08-10 22:59:00,4848.34,Hyderabad,0
T05490,U0902,D0219,M099,2026-08-15 19:28:00,8326.41,Mumbai,0
T05491,U0493,D0151,M036,2026-08-11 12:22:00,3638.4,Chennai,0
T05492,U0234,D0320,M067,2026-08-16 16:24:00,6868.42,Pune,0
T05493,U0488,D0383,M046,2026-08-23 21:21:00,7030.2,Mumbai,0
T05494,U0432,D0351,M084,2026-08-13 13:56:00,961.16,Pune,0
T05495,U0216,D0437,M063,2026-08-24 23:08:00,3919.14,Chennai,0
T05496,U0589,D0303,M067,2026-08-06 11:24:00,8406.4,Pune,0
T05497,U0271,D0480,M089,2026-08-20 07:33:00,2646.0,Chennai,0
T05498,U0425,D0389,M078,2026-08-17 04:24:00,7892.59,Bangalore,0
T05499,U0936,D0259,M081,2026-08-15 03:20:00,8878.53,Delhi,0
T05500,U0563,D0301,M093,2026-08-28 06:06:00,4325.0,Pune,0
T05501,U0159,D0490,M032,2026-08-26 17:55:00,9558.59,Hyderabad,0
T05502,U0905,D0334,M049,2026-08-03 18:39:00,8367.2,Mumbai,0
T05503,U0954,D0174,M030,2026-08-04 21:47:00,7610.15,Hyderabad,0
T05504,U0740,D0319,M045,2026-08-08 20:28:00,9227.45,Chennai,0
T05505,U0280,D0344,M061,2026-08-25 15:24:00,7939.61,Chennai,0
T05506,U0463,D0471,M047,2026-08-22 19:50:00,3877.55,Delhi,0
T05507,U0200,D0366,M092,2026-08-12 13:28:00,4415.35,Pune,0
T05508,U0201,D0118,M090,2026-08-02 12:41:00,2818.48,Chennai,0
T05509,U0352,D0229,M096,2026-08-01 05:28:00,812.7,Hyderabad,0
T05510,U0375,D0300,M056,2026-08-18 01:18:00,7966.15,Delhi,0
T05511,U0559,D0280,M088,2026-08-05 17:57:00,9292.58,Hyderabad,0
T05512,U0418,D0215,M079,2026-08-01 17:13:00,3516.0,Delhi,0
T05513,U0308,D0277,M031,2026-08-28 23:48:00,8916.26,Mumbai,0
T05514,U0424,D0458,M077,2026-08-29 19:23:00,7035.1,Mumbai,0
T05515,U0290,D0100,M068,2026-08-10 09:14:00,4011.37,Pune,0
T05516,U0963,D0229,M099,2026-08-03 20:46:00,1160.15,Pune,0
T05517,U0307,D0439,M093,2026-08-16 21:13:00,4146.8,Pune,0
T05518,U0792,D0425,M045,2026-08-23 19:33:00,3707.86,Bangalore,0
T05519,U0325,D0119,M071,2026-08-15 14:35:00,7254.28,Pune,0
T05520,U0823,D0187,M097,2026-08-12 04:35:00,8622.86,Pune,0
T05521,U0660,D0308,M069,2026-08-15 13:33:00,5535.32,Bangalore,0
T05522,U0313,D0273,M049,2026-08-19 23:14:00,2672.23,Delhi,0
T05523,U0530,D0279,M087,2026-08-30 04:31:00,5168.79,Hyderabad,0
T05524,U0917,D0278,M026,2026-08-21 06:56:00,5655.67,Bangalore,0
T05525,U0643,D0251,M036,2026-08-26 14:29:00,6999.98,Bangalore,0
T05526,U0772,D0334,M034,2026-08-21 18:09:00,4884.42,Hyderabad,0
T05527,U0221,D0154,M099,2026-08-13 14:55:00,3059.46,Hyderabad,0
T05528,U0769,D0475,M047,2026-08-16 10:20:00,2139.49,Bangalore,0
T05529,U0590,D0217,M095,2026-08-09 02:15:00,5248.13,Pune,0
T05530,U0929,D0201,M092,2026-08-30 07:31:00,3429.81,Delhi,0
T05531,U0638,D0215,M082,2026-08-21 05:59:00,4400.29,Mumbai,0
T05532,U0949,D0239,M100,2026-08-02 16:05:00,4865.95,Hyderabad,0
T05533,U0484,D0231,M059,2026-08-30 12:29:00,7958.54,Chennai,0
T05534,U0804,D0232,M054,2026-08-20 15:45:00,5416.73,Pune,0
T05535,U0655,D0128,M069,2026-08-19 16:24:00,8026.96,Chennai,0
T05536,U0295,D0447,M026,2026-08-27 11:59:00,2729.75,Delhi,0
T05537,U0206,D0325,M077,2026-08-11 23:13:00,3054.74,Bangalore,0
T05538,U0505,D0183,M072,2026-08-28 00:31:00,4691.75,Bangalore,0
T05539,U0203,D0415,M032,2026-08-05 23:55:00,1318.39,Hyderabad,0
T05540,U0809,D0205,M085,2026-08-21 16:49:00,8602.2,Hyderabad,0
T05541,U0780,D0210,M056,2026-08-04 06:22:00,8204.61,Pune,0
T05542,U0419,D0431,M094,2026-08-23 00:23:00,1421.57,Hyderabad,0
T05543,U0525,D0315,M090,2026-08-16 07:50:00,4072.78,Bangalore,0
T05544,U0379,D0251,M060,2026-08-30 11:57:00,9667.4,Pune,0
T05545,U0650,D0234,M038,2026-08-18 21:48:00,5386.28,Pune,0
T05546,U0534,D0315,M053,2026-08-29 04:44:00,6685.39,Chennai,0
T05547,U0394,D0150,M094,2026-08-17 16:33:00,9670.71,Hyderabad,0
T05548,U0716,D0085,M100,2026-08-16 15:45:00,4911.25,Delhi,0
T05549,U0459,D0325,M072,2026-08-23 19:51:00,1067.44,Mumbai,0
T05550,U0563,D0098,M045,2026-08-25 03:53:00,7756.78,Hyderabad,0
T05551,U0794,D0403,M041,2026-08-09 19:15:00,4164.39,Chennai,0
T05552,U0369,D0455,M064,2026-08-21 05:00:00,118.62,Bangalore,0
T05553,U0627,D0128,M058,2026-08-19 05:23:00,8087.95,Mumbai,0
T05554,U0799,D0442,M038,2026-08-12 13:57:00,7322.38,Mumbai,0
T05555,U0836,D0378,M088,2026-08-12 04:12:00,9744.51,Bangalore,0
T05556,U0720,D0254,M066,2026-08-27 00:40:00,3466.45,Bangalore,0
T05557,U0681,D0440,M053,2026-08-23 17:23:00,9394.42,Hyderabad,0
T05558,U0882,D0468,M077,2026-08-02 16:30:00,1314.35,Bangalore,0
T05559,U0346,D0387,M075,2026-08-05 14:04:00,291.02,Mumbai,0
T05560,U0507,D0391,M029,2026-08-30 23:51:00,8479.2,Bangalore,0
T05561,U0599,D0459,M030,2026-08-18 10:34:00,4654.12,Pune,0
T05562,U0427,D0370,M030,2026-08-23 05:59:00,5475.66,Pune,0
T05563,U0762,D0167,M093,2026-08-15 05:26:00,3206.78,Bangalore,0
T05564,U0558,D0436,M045,2026-08-05 23:58:00,7517.69,Hyderabad,0
T05565,U0743,D0490,M056,2026-08-26 00:23:00,7729.44,Delhi,0
T05566,U0585,D0303,M077,2026-08-12 09:03:00,3594.11,Chennai,0
T05567,U0960,D0295,M088,2026-08-11 22:18:00,3743.34,Pune,0
T05568,U0965,D0258,M093,2026-08-28 01:11:00,4134.44,Mumbai,0
T05569,U0210,D0308,M042,2026-08-07 01:05:00,5386.39,Chennai,0
T05570,U0427,D0474,M036,2026-08-10 17:20:00,2381.79,Hyderabad,0
T05571,U0990,D0130,M050,2026-08-28 20:34:00,172.28,Hyderabad,0
T05572,U0345,D0100,M085,2026-08-15 02:28:00,1733.19,Pune,0
T05573,U0468,D0390,M055,2026-08-20 16:05:00,4111.37,Pune,0
T05574,U0381,D0236,M087,2026-08-26 20:09:00,4199.06,Bangalore,0
T05575,U0862,D0213,M092,2026-08-02 00:24:00,2040.57,Pune,0
T05576,U0162,D0416,M032,2026-08-21 18:22:00,6768.09,Chennai,0
T05577,U0974,D0262,M081,2026-08-17 14:24:00,5651.13,Chennai,0
T05578,U0550,D0498,M029,2026-08-24 09:03:00,1823.65,Hyderabad,0
T05579,U0336,D0418,M079,2026-08-11 19:10:00,8979.57,Mumbai,0
T05580,U0980,D0378,M059,2026-08-04 02:36:00,1500.76,Delhi,0
T05581,U0932,D0343,M075,2026-08-20 12:45:00,9395.85,Bangalore,0
T05582,U0241,D0490,M042,2026-08-06 20:16:00,9573.45,Chennai,0
T05583,U0228,D0211,M047,2026-08-15 16:00:00,8680.7,Mumbai,0
T05584,U0235,D0131,M100,2026-08-23 06:22:00,7918.21,Delhi,0
T05585,U0732,D0488,M044,2026-08-16 03:53:00,8119.12,Hyderabad,0
T05586,U0554,D0464,M066,2026-08-21 13:09:00,9641.23,Pune,0
T05587,U0795,D0215,M074,2026-08-17 22:39:00,7030.66,Chennai,0
T05588,U0534,D0427,M066,2026-08-13 18:00:00,2935.46,Bangalore,0
T05589,U0263,D0342,M038,2026-08-25 05:26:00,6690.75,Pune,0
T05590,U0501,D0119,M053,2026-08-18 09:17:00,9221.53,Chennai,0
T05591,U0674,D0085,M069,2026-08-07 13:42:00,673.59,Delhi,0
T05592,U0996,D0407,M095,2026-08-05 13:31:00,6931.17,Chennai,0
T05593,U0606,D0445,M080,2026-08-24 08:19:00,3078.99,Bangalore,0
T05594,U0700,D0474,M061,2026-08-23 14:28:00,9397.09,Hyderabad,0
T05595,U0542,D0419,M043,2026-08-08 13:06:00,376.22,Bangalore,0
T05596,U0418,D0414,M092,2026-08-12 02:19:00,2063.43,Hyderabad,0
T05597,U0424,D0106,M038,2026-08-06 01:33:00,1927.38,Chennai,0
T05598,U0705,D0182,M075,2026-08-01 12:28:00,2036.39,Delhi,0
T05599,U0644,D0474,M076,2026-08-14 05:56:00,4740.26,Mumbai,0
T05600,U0198,D0450,M099,2026-08-01 11:32:00,9914.71,Pune,0
T05601,U0831,D0323,M081,2026-08-05 22:24:00,9716.11,Chennai,0
T05602,U0945,D0314,M074,2026-08-07 13:42:00,7430.58,Hyderabad,0
T05603,U0153,D0323,M079,2026-08-30 18:34:00,4879.53,Bangalore,0
T05604,U0802,D0289,M049,2026-08-05 06:27:00,5039.98,Bangalore,0
T05605,U0439,D0355,M093,2026-08-24 11:46:00,4008.04,Bangalore,0
T05606,U0823,D0229,M039,2026-08-23 19:13:00,3960.32,Delhi,0
T05607,U0378,D0098,M054,2026-08-08 08:46:00,3932.51,Hyderabad,0
T05608,U0821,D0244,M077,2026-08-12 16:23:00,6186.11,Mumbai,0
T05609,U0456,D0131,M036,2026-08-19 06:18:00,466.35,Pune,0
T05610,U0852,D0461,M055,2026-08-28 17:26:00,6849.13,Mumbai,0
T05611,U0954,D0204,M098,2026-08-02 12:15:00,9656.04,Pune,0
T05612,U0877,D0460,M088,2026-08-30 08:42:00,253.11,Hyderabad,0
T05613,U0284,D0248,M040,2026-08-28 03:11:00,4561.22,Bangalore,0
T05614,U0277,D0358,M034,2026-08-18 00:14:00,5630.67,Bangalore,0
T05615,U0343,D0279,M095,2026-08-07 11:19:00,5837.81,Mumbai,0
T05616,U0162,D0312,M061,2026-08-08 23:18:00,1266.87,Hyderabad,0
T05617,U0403,D0110,M057,2026-08-30 00:26:00,9023.15,Pune,0
T05618,U0292,D0475,M069,2026-08-08 19:43:00,4075.14,Bangalore,0
T05619,U0294,D0165,M040,2026-08-20 06:30:00,5756.73,Bangalore,0
T05620,U0714,D0438,M091,2026-08-21 17:31:00,3731.7,Hyderabad,0
T05621,U0677,D0081,M044,2026-08-28 11:09:00,2395.86,Hyderabad,0
T05622,U0709,D0194,M090,2026-08-14 13:32:00,2002.03,Delhi,0
T05623,U0805,D0118,M026,2026-08-19 13:55:00,3684.67,Chennai,0
T05624,U0973,D0243,M036,2026-08-22 20:18:00,3183.83,Hyderabad,0
T05625,U0537,D0369,M053,2026-08-16 17:00:00,1308.97,Chennai,0
T05626,U0903,D0117,M064,2026-08-03 03:25:00,9082.73,Bangalore,0
T05627,U0305,D0354,M057,2026-08-09 14:52:00,959.13,Hyderabad,0
T05628,U0527,D0338,M100,2026-08-22 22:40:00,5705.99,Bangalore,0
T05629,U0376,D0249,M084,2026-08-05 13:11:00,4978.54,Mumbai,0
T05630,U0234,D0324,M029,2026-08-09 17:59:00,423.32,Mumbai,0
T05631,U0663,D0307,M033,2026-08-27 02:00:00,3104.3,Chennai,0
T05632,U0410,D0433,M074,2026-08-01 05:15:00,3366.6,Mumbai,0
T05633,U0410,D0352,M055,2026-08-29 21:08:00,6348.85,Delhi,0
T05634,U0479,D0182,M056,2026-08-21 09:34:00,3913.33,Hyderabad,0
T05635,U0269,D0463,M097,2026-08-21 15:23:00,7663.24,Mumbai,0
T05636,U0619,D0313,M081,2026-08-03 18:14:00,192.96,Hyderabad,0
T05637,U0380,D0234,M067,2026-08-30 20:35:00,8443.64,Delhi,0
T05638,U0969,D0442,M084,2026-08-29 21:36:00,6716.13,Chennai,0
T05639,U0232,D0403,M086,2026-08-11 18:08:00,541.61,Chennai,0
T05640,U0332,D0211,M100,2026-08-20 02:58:00,7509.33,Pune,0
T05641,U0893,D0307,M068,2026-08-23 17:59:00,8971.76,Hyderabad,0
T05642,U0499,D0135,M026,2026-08-14 18:04:00,5474.17,Delhi,0
T05643,U0195,D0376,M064,2026-08-20 23:16:00,7281.08,Chennai,0
T05644,U0270,D0353,M037,2026-08-16 16:13:00,3931.47,Hyderabad,0
T05645,U0447,D0159,M087,2026-08-03 08:12:00,4604.64,Delhi,0
T05646,U0519,D0494,M100,2026-08-14 14:28:00,8047.19,Mumbai,0
T05647,U0271,D0129,M039,2026-08-03 07:57:00,4892.76,Delhi,0
T05648,U0635,D0276,M065,2026-08-21 11:03:00,3684.37,Pune,0
T05649,U0912,D0255,M079,2026-08-16 12:55:00,4667.21,Delhi,0
T05650,U0729,D0480,M084,2026-08-07 21:41:00,1747.55,Pune,0
T05651,U0741,D0183,M063,2026-08-24 01:40:00,3444.75,Pune,0
T05652,U0176,D0464,M052,2026-08-27 09:28:00,203.12,Delhi,0
T05653,U0415,D0426,M074,2026-08-25 01:10:00,8596.89,Pune,0
T05654,U0577,D0081,M081,2026-08-18 05:55:00,7263.29,Pune,0
T05655,U0762,D0169,M078,2026-08-04 01:55:00,2262.99,Chennai,0
T05656,U0570,D0476,M096,2026-08-22 16:18:00,434.32,Mumbai,0
T05657,U0602,D0309,M082,2026-08-28 03:08:00,3808.39,Bangalore,0
T05658,U0926,D0410,M052,2026-08-26 22:02:00,5693.51,Mumbai,0
T05659,U0298,D0268,M054,2026-08-23 14:51:00,4737.51,Chennai,0
T05660,U0914,D0489,M082,2026-08-04 04:11:00,6733.79,Bangalore,0
T05661,U0207,D0300,M056,2026-08-17 06:35:00,1319.71,Delhi,0
T05662,U0762,D0290,M048,2026-08-09 12:43:00,6640.82,Bangalore,0
T05663,U0567,D0352,M047,2026-08-14 01:56:00,2096.99,Chennai,0
T05664,U0348,D0426,M056,2026-08-03 08:40:00,7899.16,Chennai,0
T05665,U0782,D0377,M055,2026-08-12 11:30:00,2871.24,Bangalore,0
T05666,U0957,D0281,M029,2026-08-18 04:42:00,5703.39,Hyderabad,0
T05667,U0875,D0192,M026,2026-08-19 03:37:00,6158.52,Pune,0
T05668,U0284,D0173,M069,2026-08-20 22:01:00,5423.09,Mumbai,0
T05669,U0481,D0474,M043,2026-08-28 06:02:00,3124.65,Chennai,0
T05670,U0668,D0251,M057,2026-08-22 22:54:00,7182.48,Bangalore,0
T05671,U0184,D0478,M074,2026-08-13 01:20:00,2612.7,Delhi,0
T05672,U0495,D0223,M094,2026-08-22 19:03:00,7820.74,Hyderabad,0
T05673,U0402,D0130,M040,2026-08-27 08:02:00,6354.34,Delhi,0
T05674,U0953,D0081,M058,2026-08-08 14:06:00,3684.89,Hyderabad,0
T05675,U0297,D0347,M026,2026-08-15 17:52:00,2551.05,Mumbai,0
T05676,U0571,D0465,M064,2026-08-07 00:11:00,3715.12,Bangalore,0
T05677,U0642,D0361,M080,2026-08-26 01:27:00,5347.34,Mumbai,0
T05678,U0708,D0279,M029,2026-08-09 05:04:00,516.23,Pune,0
T05679,U0755,D0142,M047,2026-08-06 13:37:00,2566.15,Bangalore,0
T05680,U0643,D0093,M037,2026-08-29 06:46:00,9691.5,Hyderabad,0
T05681,U0724,D0281,M079,2026-08-10 12:07:00,9519.06,Delhi,0
T05682,U0828,D0143,M095,2026-08-22 11:31:00,5702.02,Mumbai,0
T05683,U0314,D0341,M089,2026-08-10 05:42:00,8281.03,Pune,0
T05684,U0229,D0204,M046,2026-08-15 02:17:00,5717.1,Mumbai,0
T05685,U0328,D0371,M040,2026-08-22 13:36:00,9165.56,Delhi,0
T05686,U0552,D0234,M064,2026-08-06 05:27:00,4328.39,Chennai,0
T05687,U0350,D0465,M049,2026-08-25 15:54:00,5611.41,Bangalore,0
T05688,U0633,D0078,M028,2026-08-15 18:05:00,877.95,Bangalore,0
T05689,U0334,D0345,M088,2026-08-15 05:01:00,3450.91,Bangalore,0
T05690,U0304,D0086,M044,2026-08-08 05:54:00,7333.16,Pune,0
T05691,U0921,D0077,M036,2026-08-23 06:13:00,3672.44,Hyderabad,0
T05692,U0429,D0110,M076,2026-08-13 12:50:00,5345.29,Delhi,0
T05693,U0291,D0413,M034,2026-08-03 12:40:00,8697.59,Hyderabad,0
T05694,U0566,D0288,M042,2026-08-22 05:30:00,3263.43,Pune,0
T05695,U0169,D0475,M038,2026-08-17 04:18:00,1794.06,Pune,0
T05696,U0847,D0368,M083,2026-08-12 12:11:00,2830.17,Bangalore,0
T05697,U0386,D0445,M076,2026-08-03 12:30:00,4864.69,Hyderabad,0
T05698,U0450,D0452,M095,2026-08-09 14:02:00,2096.47,Delhi,0
T05699,U0532,D0335,M089,2026-08-07 10:50:00,9030.66,Pune,0
T05700,U0719,D0186,M076,2026-08-25 08:15:00,7101.46,Bangalore,0
T05701,U0587,D0101,M037,2026-08-12 19:34:00,3422.17,Delhi,0
T05702,U0308,D0193,M043,2026-08-19 06:21:00,4905.72,Hyderabad,0
T05703,U0910,D0415,M094,2026-08-16 13:49:00,5051.66,Bangalore,0
T05704,U0786,D0400,M084,2026-08-01 07:36:00,1046.97,Bangalore,0
T05705,U0890,D0130,M098,2026-08-20 16:10:00,5013.88,Mumbai,0
T05706,U0836,D0143,M029,2026-08-29 02:23:00,1378.35,Bangalore,0
T05707,U0736,D0142,M031,2026-08-06 10:09:00,8499.02,Chennai,0
T05708,U0713,D0446,M071,2026-08-06 17:59:00,2458.92,Pune,0
T05709,U0303,D0365,M083,2026-08-01 04:05:00,8330.27,Delhi,0
T05710,U0813,D0177,M087,2026-08-27 15:30:00,3470.61,Chennai,0
T05711,U0758,D0128,M069,2026-08-25 08:56:00,9650.2,Pune,0
T05712,U0531,D0241,M041,2026-08-04 12:27:00,4350.63,Chennai,0
T05713,U0972,D0385,M082,2026-08-04 18:57:00,2895.98,Chennai,0
T05714,U0170,D0479,M085,2026-08-16 05:05:00,8321.85,Mumbai,0
T05715,U0460,D0432,M040,2026-08-15 02:21:00,9155.93,Hyderabad,0
T05716,U0725,D0491,M085,2026-08-11 20:12:00,5869.96,Chennai,0
T05717,U0545,D0142,M070,2026-08-28 08:46:00,889.31,Delhi,0
T05718,U0394,D0430,M034,2026-08-09 02:13:00,3073.75,Delhi,0
T05719,U0961,D0316,M083,2026-08-11 17:22:00,7621.28,Pune,0
T05720,U0595,D0438,M085,2026-08-22 20:18:00,1801.33,Hyderabad,0
T05721,U0455,D0173,M065,2026-08-09 23:46:00,6333.68,Hyderabad,0
T05722,U0462,D0394,M085,2026-08-24 14:46:00,5004.53,Delhi,0
T05723,U0536,D0261,M086,2026-08-06 00:29:00,3441.83,Mumbai,0
T05724,U0921,D0440,M065,2026-08-11 03:21:00,8953.84,Pune,0
T05725,U0814,D0098,M046,2026-08-28 21:58:00,9166.32,Bangalore,0
T05726,U0932,D0488,M054,2026-08-13 07:08:00,9288.15,Pune,0
T05727,U0170,D0404,M063,2026-08-06 16:55:00,3000.81,Delhi,0
T05728,U0579,D0101,M029,2026-08-03 06:26:00,5719.48,Bangalore,0
T05729,U0766,D0109,M079,2026-08-17 03:01:00,4881.0,Mumbai,0
T05730,U0576,D0141,M062,2026-08-08 15:16:00,4114.62,Pune,0
T05731,U0948,D0431,M043,2026-08-06 17:30:00,3723.08,Delhi,0
T05732,U0308,D0092,M054,2026-08-19 18:39:00,7840.71,Chennai,0
T05733,U0205,D0380,M036,2026-08-13 05:11:00,9237.23,Pune,0
T05734,U0211,D0127,M068,2026-08-07 17:59:00,4720.93,Bangalore,0
T05735,U0878,D0134,M084,2026-08-09 09:21:00,8213.96,Mumbai,0
T05736,U0469,D0109,M059,2026-08-23 08:40:00,9604.02,Hyderabad,0
T05737,U0582,D0368,M027,2026-08-01 12:35:00,6377.93,Delhi,0
T05738,U0423,D0140,M054,2026-08-10 21:29:00,9791.03,Delhi,0
T05739,U0691,D0453,M060,2026-08-21 09:44:00,8031.16,Chennai,0
T05740,U0312,D0370,M094,2026-08-30 00:10:00,2499.34,Pune,0
T05741,U0931,D0241,M079,2026-08-19 21:46:00,9124.78,Mumbai,0
T05742,U0957,D0320,M036,2026-08-17 01:28:00,2567.04,Delhi,0
T05743,U0171,D0480,M047,2026-08-08 13:29:00,4369.63,Chennai,0
T05744,U0910,D0230,M085,2026-08-11 18:04:00,4086.57,Bangalore,0
T05745,U0194,D0444,M051,2026-08-07 12:28:00,6090.63,Bangalore,0
T05746,U0739,D0095,M033,2026-08-20 16:12:00,3076.08,Mumbai,0
T05747,U0567,D0110,M065,2026-08-14 16:53:00,1541.92,Delhi,0
T05748,U0651,D0203,M067,2026-08-15 11:26:00,2672.1,Bangalore,0
T05749,U0882,D0221,M048,2026-08-30 04:28:00,2560.98,Mumbai,0
T05750,U0785,D0328,M044,2026-08-03 18:48:00,7373.6,Mumbai,0
T05751,U0523,D0491,M060,2026-08-26 23:34:00,2323.88,Chennai,0
T05752,U0464,D0194,M099,2026-08-19 05:10:00,5916.07,Hyderabad,0
T05753,U0478,D0184,M049,2026-08-16 18:45:00,1827.72,Mumbai,0
T05754,U0722,D0431,M054,2026-08-16 05:13:00,4621.07,Chennai,0
T05755,U0998,D0484,M091,2026-08-05 11:42:00,8930.17,Chennai,0
T05756,U0171,D0322,M055,2026-08-13 14:48:00,3469.83,Pune,0
T05757,U0846,D0182,M032,2026-08-09 05:28:00,9859.03,Mumbai,0
T05758,U0468,D0127,M048,2026-08-07 22:36:00,3001.89,Mumbai,0
T05759,U0410,D0087,M098,2026-08-25 12:26:00,3805.65,Pune,0
T05760,U0989,D0310,M046,2026-08-03 12:02:00,2493.1,Hyderabad,0
T05761,U0196,D0241,M035,2026-08-19 04:38:00,577.16,Chennai,0
T05762,U0992,D0143,M067,2026-08-05 08:40:00,8206.65,Mumbai,0
T05763,U0876,D0121,M072,2026-08-17 05:23:00,3310.24,Mumbai,0
T05764,U0206,D0487,M060,2026-08-29 20:33:00,9976.9,Bangalore,0
T05765,U0430,D0153,M045,2026-08-30 11:23:00,8196.41,Pune,0
T05766,U0457,D0250,M076,2026-08-14 21:44:00,804.94,Delhi,0
T05767,U0786,D0156,M073,2026-08-17 22:36:00,8572.92,Chennai,0
T05768,U0479,D0195,M091,2026-08-02 14:52:00,9419.67,Delhi,0
T05769,U0228,D0376,M037,2026-08-12 08:29:00,8240.73,Pune,0
T05770,U0504,D0086,M070,2026-08-11 03:48:00,7319.34,Hyderabad,0
T05771,U0776,D0206,M034,2026-08-29 01:21:00,7158.21,Mumbai,0
T05772,U0263,D0246,M089,2026-08-15 07:02:00,3643.63,Bangalore,0
T05773,U0552,D0297,M055,2026-08-08 21:42:00,9592.05,Pune,0
T05774,U0816,D0143,M061,2026-08-19 15:22:00,2535.71,Mumbai,0
T05775,U0274,D0457,M078,2026-08-07 02:30:00,8469.22,Bangalore,0
T05776,U0838,D0418,M094,2026-08-30 21:45:00,3710.37,Pune,0
T05777,U0593,D0197,M066,2026-08-06 23:32:00,191.66,Bangalore,0
T05778,U0620,D0299,M035,2026-08-15 05:30:00,511.2,Chennai,0
T05779,U0207,D0236,M097,2026-08-18 12:58:00,5059.65,Hyderabad,0
T05780,U0834,D0409,M079,2026-08-28 02:36:00,4509.39,Bangalore,0
T05781,U0464,D0173,M053,2026-08-20 05:26:00,337.39,Delhi,0
T05782,U0194,D0457,M030,2026-08-05 23:23:00,536.9,Hyderabad,0
T05783,U0934,D0462,M079,2026-08-05 08:54:00,8510.83,Pune,0
T05784,U0372,D0383,M045,2026-08-23 02:23:00,8327.47,Delhi,0
T05785,U0663,D0361,M038,2026-08-25 11:34:00,5979.58,Bangalore,0
T05786,U0438,D0485,M076,2026-08-30 21:00:00,1234.34,Chennai,0
T05787,U0719,D0343,M040,2026-08-19 13:14:00,9672.17,Mumbai,0
T05788,U0875,D0350,M071,2026-08-05 00:46:00,5321.68,Pune,0
T05789,U0512,D0291,M031,2026-08-16 22:51:00,6314.33,Pune,0
T05790,U0756,D0271,M068,2026-08-19 05:11:00,7611.58,Delhi,0
T05791,U0927,D0158,M074,2026-08-22 18:47:00,1843.36,Bangalore,0
T05792,U0163,D0321,M045,2026-08-23 05:19:00,1650.27,Bangalore,0
T05793,U0892,D0402,M096,2026-08-06 02:37:00,6764.97,Hyderabad,0
T05794,U0609,D0155,M050,2026-08-21 20:22:00,2186.71,Mumbai,0
T05795,U0440,D0085,M085,2026-08-24 11:21:00,2310.43,Pune,0
T05796,U0880,D0475,M029,2026-08-25 06:41:00,2297.26,Mumbai,0
T05797,U0769,D0303,M092,2026-08-28 05:37:00,5881.48,Delhi,0
T05798,U0531,D0128,M058,2026-08-16 18:39:00,9771.73,Delhi,0
T05799,U0712,D0180,M078,2026-08-22 00:01:00,8927.82,Hyderabad,0
T05800,U0547,D0322,M059,2026-08-26 16:21:00,449.65,Mumbai,0
T05801,U0539,D0345,M091,2026-08-20 00:24:00,4549.46,Bangalore,0
T05802,U0725,D0248,M088,2026-08-05 14:17:00,931.61,Hyderabad,0
T05803,U0513,D0296,M031,2026-08-16 23:29:00,6721.47,Hyderabad,0
T05804,U0991,D0281,M052,2026-08-14 19:41:00,2564.54,Bangalore,0
T05805,U0666,D0100,M082,2026-08-10 12:50:00,5926.86,Chennai,0
T05806,U0167,D0444,M030,2026-08-07 03:07:00,3559.95,Hyderabad,0
T05807,U0589,D0245,M053,2026-08-11 22:23:00,7728.25,Pune,0
T05808,U0639,D0322,M056,2026-08-01 20:07:00,6802.37,Bangalore,0
T05809,U0538,D0329,M097,2026-08-22 21:24:00,1171.83,Chennai,0
T05810,U0576,D0131,M073,2026-08-13 21:17:00,5520.31,Pune,0
T05811,U0308,D0082,M039,2026-08-07 12:49:00,2699.95,Bangalore,0
T05812,U0292,D0267,M063,2026-08-16 08:06:00,3280.37,Pune,0
T05813,U0210,D0251,M063,2026-08-27 20:16:00,9926.27,Delhi,0
T05814,U0913,D0444,M030,2026-08-26 15:35:00,5902.88,Delhi,0
T05815,U0364,D0366,M089,2026-08-19 06:30:00,6347.86,Chennai,0
T05816,U0683,D0337,M087,2026-08-07 03:34:00,3167.58,Bangalore,0
T05817,U0552,D0185,M027,2026-08-10 04:51:00,8003.51,Hyderabad,0
T05818,U0405,D0345,M054,2026-08-03 16:55:00,372.22,Delhi,0
T05819,U0232,D0225,M054,2026-08-15 05:44:00,1658.15,Hyderabad,0
T05820,U0784,D0191,M028,2026-08-23 09:05:00,6947.26,Pune,0
T05821,U0435,D0130,M082,2026-08-26 20:33:00,5707.3,Pune,0
T05822,U0573,D0236,M060,2026-08-19 19:26:00,7570.49,Chennai,0
T05823,U0675,D0393,M089,2026-08-09 20:36:00,3656.34,Delhi,0
T05824,U0771,D0484,M074,2026-08-08 03:13:00,1538.19,Chennai,0
T05825,U0614,D0474,M067,2026-08-29 18:08:00,4101.78,Bangalore,0
T05826,U0320,D0141,M057,2026-08-02 16:48:00,1383.43,Hyderabad,0
T05827,U0190,D0266,M074,2026-08-22 07:17:00,4570.92,Bangalore,0
T05828,U0339,D0260,M036,2026-08-17 19:00:00,5234.71,Pune,0
T05829,U0195,D0498,M059,2026-08-05 15:43:00,9237.97,Pune,0
T05830,U0320,D0471,M090,2026-08-01 13:04:00,3434.46,Mumbai,0
T05831,U0563,D0296,M031,2026-08-25 16:17:00,8030.28,Chennai,0
T05832,U0373,D0372,M042,2026-08-23 04:48:00,5319.32,Hyderabad,0
T05833,U0940,D0217,M088,2026-08-29 21:27:00,6180.69,Delhi,0
T05834,U0721,D0271,M050,2026-08-19 22:41:00,920.69,Chennai,0
T05835,U0636,D0276,M067,2026-08-26 02:33:00,8122.1,Hyderabad,0
T05836,U0461,D0231,M045,2026-08-01 16:10:00,1533.0,Hyderabad,0
T05837,U0861,D0360,M045,2026-08-12 10:13:00,5413.24,Mumbai,0
T05838,U0346,D0446,M035,2026-08-12 02:51:00,8696.23,Chennai,0
T05839,U0624,D0115,M064,2026-08-17 16:51:00,511.37,Bangalore,0
T05840,U0263,D0348,M030,2026-08-07 22:34:00,3864.56,Mumbai,0
T05841,U0797,D0376,M041,2026-08-12 23:53:00,7901.06,Delhi,0
T05842,U0931,D0203,M099,2026-08-19 14:28:00,163.37,Bangalore,0
T05843,U0176,D0211,M084,2026-08-05 05:03:00,8746.24,Delhi,0
T05844,U0913,D0139,M039,2026-08-27 09:41:00,8061.95,Delhi,0
T05845,U0279,D0451,M066,2026-08-18 05:16:00,9568.49,Pune,0
T05846,U0764,D0149,M064,2026-08-23 03:03:00,4151.15,Delhi,0
T05847,U0836,D0473,M053,2026-08-14 04:10:00,727.57,Bangalore,0
T05848,U0376,D0210,M036,2026-08-13 18:49:00,1023.04,Bangalore,0
T05849,U0679,D0129,M040,2026-08-26 14:15:00,6371.53,Hyderabad,0
T05850,U0160,D0251,M036,2026-08-11 12:48:00,1650.07,Pune,0
T05851,U0269,D0303,M026,2026-08-15 02:17:00,3187.01,Bangalore,0
T05852,U0665,D0260,M079,2026-08-01 01:29:00,5767.99,Hyderabad,0
T05853,U0962,D0100,M075,2026-08-21 15:03:00,1090.87,Pune,0
T05854,U0988,D0333,M084,2026-08-24 23:09:00,2205.53,Bangalore,0
T05855,U0353,D0129,M059,2026-08-17 02:19:00,7652.98,Mumbai,0
T05856,U0429,D0237,M086,2026-08-06 16:41:00,9469.02,Chennai,0
T05857,U0619,D0243,M086,2026-08-28 06:58:00,2761.05,Bangalore,0
T05858,U0616,D0447,M060,2026-08-02 05:50:00,2302.59,Mumbai,0
T05859,U0422,D0208,M100,2026-08-28 22:02:00,9218.96,Delhi,0
T05860,U0611,D0077,M055,2026-08-12 05:42:00,6123.74,Pune,0
T05861,U0385,D0277,M062,2026-08-05 01:10:00,1939.64,Pune,0
T05862,U0565,D0229,M035,2026-08-01 04:42:00,8351.21,Bangalore,0
T05863,U0380,D0161,M080,2026-08-21 12:31:00,3570.87,Bangalore,0
T05864,U0870,D0406,M097,2026-08-03 01:40:00,3542.06,Mumbai,0
T05865,U0398,D0120,M030,2026-08-04 16:42:00,364.95,Delhi,0
T05866,U0768,D0283,M068,2026-08-14 10:34:00,4129.34,Bangalore,0
T05867,U0320,D0240,M054,2026-08-19 00:43:00,470.77,Hyderabad,0
T05868,U0172,D0107,M061,2026-08-21 01:29:00,2976.87,Delhi,0
T05869,U0560,D0313,M064,2026-08-26 13:13:00,3847.85,Pune,0
T05870,U0802,D0374,M092,2026-08-27 21:27:00,2789.08,Hyderabad,0
T05871,U0680,D0111,M085,2026-08-01 13:14:00,8992.01,Chennai,0
T05872,U0566,D0489,M039,2026-08-02 03:41:00,9883.46,Mumbai,0
T05873,U0968,D0315,M026,2026-08-04 06:26:00,4500.71,Chennai,0
T05874,U0820,D0322,M066,2026-08-27 03:05:00,9083.79,Delhi,0
T05875,U0353,D0490,M051,2026-08-02 16:23:00,4497.1,Bangalore,0
T05876,U0264,D0113,M082,2026-08-05 20:27:00,5779.97,Mumbai,0
T05877,U0204,D0094,M061,2026-08-29 00:55:00,333.9,Bangalore,0
T05878,U0425,D0222,M063,2026-08-04 22:04:00,9453.65,Hyderabad,0
T05879,U0493,D0379,M080,2026-08-21 09:03:00,2865.23,Chennai,0
T05880,U0389,D0416,M092,2026-08-14 18:59:00,6669.56,Pune,0
T05881,U0567,D0435,M069,2026-08-18 00:32:00,9407.22,Chennai,0
T05882,U0732,D0131,M087,2026-08-02 04:57:00,8203.58,Pune,0
T05883,U0390,D0260,M057,2026-08-01 01:22:00,8776.7,Bangalore,0
T05884,U0469,D0392,M100,2026-08-27 13:27:00,1883.11,Pune,0
T05885,U0564,D0254,M053,2026-08-18 13:31:00,7204.57,Pune,0
T05886,U0779,D0320,M084,2026-08-11 17:04:00,1127.28,Mumbai,0
T05887,U0372,D0366,M064,2026-08-20 11:01:00,6975.26,Chennai,0
T05888,U0430,D0335,M089,2026-08-07 22:16:00,9298.04,Chennai,0
T05889,U0962,D0458,M097,2026-08-16 21:11:00,8473.4,Mumbai,0
T05890,U0488,D0414,M057,2026-08-29 07:05:00,1619.0,Mumbai,0
T05891,U0825,D0491,M075,2026-08-26 04:28:00,4587.03,Bangalore,0
T05892,U0418,D0435,M036,2026-08-11 23:42:00,2807.45,Chennai,0
T05893,U0961,D0139,M087,2026-08-28 17:08:00,3966.12,Bangalore,0
T05894,U0591,D0079,M072,2026-08-17 13:24:00,5636.23,Bangalore,0
T05895,U0640,D0193,M066,2026-08-22 01:10:00,6114.5,Bangalore,0
T05896,U0885,D0138,M075,2026-08-07 04:49:00,3456.11,Mumbai,0
T05897,U0865,D0491,M097,2026-08-28 20:51:00,1960.98,Hyderabad,0
T05898,U0919,D0210,M076,2026-08-14 18:08:00,4066.38,Delhi,0
T05899,U0698,D0431,M083,2026-08-01 17:00:00,1106.08,Hyderabad,0
T05900,U0829,D0397,M067,2026-08-17 09:53:00,4911.38,Chennai,0
T05901,U0764,D0443,M056,2026-08-12 09:39:00,6647.98,Mumbai,0
T05902,U0863,D0126,M095,2026-08-18 23:34:00,4035.57,Pune,0
T05903,U0748,D0153,M072,2026-08-15 15:52:00,1348.82,Pune,0
T05904,U0207,D0244,M029,2026-08-29 06:26:00,9246.77,Mumbai,0
T05905,U0205,D0079,M032,2026-08-04 15:36:00,7859.34,Bangalore,0
T05906,U0834,D0470,M033,2026-08-04 18:50:00,8197.96,Mumbai,0
T05907,U0226,D0288,M035,2026-08-27 15:26:00,4650.76,Delhi,0
T05908,U0415,D0479,M058,2026-08-29 09:00:00,6305.31,Bangalore,0
T05909,U0293,D0120,M055,2026-08-01 01:19:00,564.1,Pune,0
T05910,U0720,D0338,M043,2026-08-30 19:35:00,7661.44,Delhi,0
T05911,U0461,D0416,M074,2026-08-27 01:49:00,6282.49,Pune,0
T05912,U0854,D0438,M097,2026-08-19 10:14:00,4832.91,Chennai,0
T05913,U0841,D0187,M035,2026-08-03 19:01:00,2710.59,Hyderabad,0
T05914,U0692,D0139,M089,2026-08-22 05:13:00,9492.01,Chennai,0
T05915,U0794,D0287,M072,2026-08-15 10:15:00,7273.93,Bangalore,0
T05916,U0771,D0146,M042,2026-08-04 06:26:00,7743.79,Delhi,0
T05917,U0711,D0145,M043,2026-08-01 22:55:00,4165.54,Bangalore,0
T05918,U0689,D0448,M076,2026-08-14 01:56:00,1303.49,Mumbai,0
T05919,U0215,D0402,M054,2026-08-02 07:44:00,1639.85,Mumbai,0
T05920,U0419,D0467,M040,2026-08-29 13:42:00,4419.98,Chennai,0
T05921,U0584,D0335,M050,2026-08-15 10:06:00,9139.3,Delhi,0
T05922,U0756,D0109,M078,2026-08-22 01:06:00,4402.0,Bangalore,0
T05923,U0400,D0151,M054,2026-08-27 06:40:00,6697.61,Pune,0
T05924,U0736,D0451,M055,2026-08-30 23:21:00,1878.88,Hyderabad,0
T05925,U0294,D0479,M094,2026-08-07 18:56:00,8866.56,Pune,0
T05926,U0975,D0281,M084,2026-08-05 15:04:00,1830.57,Delhi,0
T05927,U0397,D0312,M100,2026-08-12 20:01:00,6089.63,Delhi,0
T05928,U0732,D0240,M047,2026-08-09 11:42:00,3198.91,Delhi,0
T05929,U0575,D0465,M058,2026-08-12 17:57:00,3082.72,Delhi,0
T05930,U0436,D0465,M057,2026-08-29 15:54:00,4349.13,Pune,0
T05931,U0898,D0353,M081,2026-08-24 02:06:00,1218.36,Bangalore,0
T05932,U0227,D0234,M054,2026-08-11 01:09:00,558.69,Hyderabad,0
T05933,U0175,D0385,M092,2026-08-02 02:47:00,3272.7,Mumbai,0
T05934,U0641,D0119,M068,2026-08-15 10:32:00,7054.56,Delhi,0
T05935,U0842,D0413,M033,2026-08-30 03:23:00,9107.48,Pune,0
T05936,U0321,D0475,M087,2026-08-25 03:36:00,4841.2,Delhi,0
T05937,U0204,D0163,M071,2026-08-27 06:22:00,1069.89,Chennai,0
T05938,U0167,D0441,M060,2026-08-18 18:10:00,9541.79,Mumbai,0
T05939,U0323,D0135,M078,2026-08-09 03:03:00,8874.61,Mumbai,0
T05940,U0555,D0447,M028,2026-08-10 20:19:00,1542.97,Hyderabad,0
T05941,U0671,D0228,M035,2026-08-25 08:34:00,7983.41,Chennai,0
T05942,U0788,D0239,M070,2026-08-30 22:35:00,6230.36,Delhi,0
T05943,U0652,D0315,M055,2026-08-21 17:23:00,9704.7,Delhi,0
T05944,U0351,D0384,M071,2026-08-23 05:58:00,8541.88,Hyderabad,0
T05945,U0932,D0253,M034,2026-08-26 16:23:00,9620.54,Chennai,0
T05946,U0411,D0444,M083,2026-08-13 06:17:00,6853.68,Bangalore,0
T05947,U0216,D0321,M053,2026-08-18 19:38:00,9635.44,Mumbai,0
T05948,U0163,D0187,M093,2026-08-20 08:58:00,1569.33,Hyderabad,0
T05949,U0553,D0410,M085,2026-08-20 14:51:00,1130.32,Chennai,0
T05950,U0524,D0360,M063,2026-08-08 07:09:00,2132.33,Bangalore,0
T05951,U0966,D0083,M095,2026-08-02 22:55:00,3678.79,Chennai,0
T05952,U0183,D0456,M091,2026-08-07 15:38:00,5822.56,Chennai,0
T05953,U0794,D0205,M097,2026-08-07 08:10:00,5161.64,Chennai,0
T05954,U0326,D0485,M040,2026-08-02 18:56:00,8890.96,Pune,0
T05955,U0884,D0343,M093,2026-08-10 05:25:00,923.92,Pune,0
T05956,U0602,D0193,M080,2026-08-17 01:43:00,7648.72,Hyderabad,0
T05957,U0708,D0254,M045,2026-08-09 08:51:00,126.43,Chennai,0
T05958,U0157,D0108,M083,2026-08-02 00:34:00,5549.09,Chennai,0
T05959,U0708,D0316,M058,2026-08-04 03:45:00,4424.85,Pune,0
T05960,U0315,D0326,M081,2026-08-10 12:39:00,6329.38,Hyderabad,0
T05961,U0218,D0156,M067,2026-08-17 02:05:00,3386.97,Pune,0
T05962,U0877,D0085,M028,2026-08-17 12:57:00,8861.52,Bangalore,0
T05963,U0676,D0134,M064,2026-08-25 11:23:00,7708.98,Pune,0
T05964,U0282,D0141,M080,2026-08-08 20:52:00,2159.11,Bangalore,0
T05965,U0164,D0183,M079,2026-08-01 11:43:00,9960.72,Chennai,0
T05966,U0283,D0199,M067,2026-08-02 17:49:00,1620.05,Pune,0
T05967,U0692,D0194,M026,2026-08-09 15:58:00,6729.69,Pune,0
T05968,U0296,D0495,M061,2026-08-09 23:42:00,9958.07,Hyderabad,0
T05969,U0977,D0180,M099,2026-08-06 05:18:00,9808.05,Delhi,0
T05970,U0295,D0362,M029,2026-08-28 14:04:00,1207.39,Mumbai,0
T05971,U0877,D0278,M054,2026-08-06 15:24:00,4278.07,Mumbai,0
T05972,U0777,D0273,M097,2026-08-22 10:43:00,7296.14,Hyderabad,0
T05973,U0160,D0203,M052,2026-08-01 01:34:00,2616.97,Hyderabad,0
T05974,U0409,D0108,M028,2026-08-18 17:28:00,1085.94,Mumbai,0
T05975,U0421,D0373,M085,2026-08-01 04:40:00,403.21,Delhi,0
T05976,U0445,D0224,M068,2026-08-26 03:16:00,371.95,Hyderabad,0
T05977,U0897,D0411,M038,2026-08-23 06:59:00,4131.45,Chennai,0
T05978,U0745,D0287,M047,2026-08-24 11:18:00,135.57,Chennai,0
T05979,U0453,D0125,M041,2026-08-17 07:45:00,160.1,Bangalore,0
T05980,U0820,D0388,M078,2026-08-29 00:02:00,5774.14,Pune,0
T05981,U0576,D0126,M050,2026-08-06 13:26:00,3365.97,Chennai,0
T05982,U0876,D0245,M073,2026-08-08 06:32:00,7011.5,Pune,0
T05983,U0317,D0144,M096,2026-08-03 04:25:00,3311.33,Delhi,0
T05984,U0348,D0309,M082,2026-08-29 22:38:00,3111.19,Hyderabad,0
T05985,U0428,D0454,M033,2026-08-14 22:18:00,5019.75,Mumbai,0
T05986,U0329,D0250,M051,2026-08-28 02:47:00,3704.91,Bangalore,0
T05987,U0240,D0135,M068,2026-08-08 05:50:00,8189.01,Hyderabad,0
T05988,U0669,D0427,M081,2026-08-09 06:19:00,4683.77,Pune,0
T05989,U0707,D0358,M094,2026-08-09 01:30:00,4078.47,Chennai,0
T05990,U0235,D0303,M061,2026-08-25 04:33:00,5916.85,Chennai,0
T05991,U0171,D0206,M071,2026-08-25 06:53:00,8919.85,Delhi,0
T05992,U0158,D0437,M086,2026-08-06 08:35:00,8384.02,Mumbai,0
T05993,U0220,D0485,M065,2026-08-06 23:21:00,1863.1,Chennai,0
T05994,U0527,D0435,M068,2026-08-14 10:14:00,6641.43,Hyderabad,0
T05995,U0761,D0168,M031,2026-08-15 20:03:00,7390.88,Hyderabad,0
T05996,U0728,D0284,M082,2026-08-15 14:48:00,4504.68,Delhi,0
T05997,U0772,D0121,M039,2026-08-09 13:44:00,7874.02,Delhi,0
T05998,U0967,D0356,M054,2026-08-01 20:00:00,7115.55,Hyderabad,0
T05999,U0629,D0286,M044,2026-08-21 02:56:00,8753.09,Hyderabad,0
T06000,U0936,D0425,M039,2026-08-04 23:51:00,9973.47,Bangalore,0
T06001,U0713,D0367,M071,2026-08-25 03:33:00,5747.36,Bangalore,0
T06002,U0968,D0463,M039,2026-08-16 20:47:00,6627.05,Chennai,0
T06003,U0336,D0135,M052,2026-08-10 04:00:00,3851.27,Delhi,0
T06004,U0760,D0473,M074,2026-08-03 18:23:00,176.85,Delhi,0
T06005,U0351,D0215,M084,2026-08-20 16:32:00,6839.51,Bangalore,0
T06006,U0284,D0419,M090,2026-08-29 22:15:00,5819.89,Delhi,0
T06007,U0751,D0392,M055,2026-08-01 07:40:00,6899.91,Mumbai,0
T06008,U0438,D0275,M039,2026-08-06 07:36:00,7502.24,Pune,0
T06009,U0736,D0385,M087,2026-08-27 06:34:00,8850.18,Delhi,0
T06010,U0280,D0314,M039,2026-08-29 19:50:00,9072.99,Hyderabad,0
T06011,U0863,D0277,M032,2026-08-11 00:39:00,2191.31,Pune,0
T06012,U0648,D0459,M095,2026-08-24 14:56:00,6798.6,Chennai,0
T06013,U0676,D0263,M097,2026-08-28 23:29:00,5169.81,Delhi,0
T06014,U0818,D0129,M095,2026-08-12 18:01:00,7781.83,Delhi,0
T06015,U0629,D0278,M057,2026-08-03 07:52:00,7146.47,Delhi,0
T06016,U0159,D0406,M026,2026-08-22 09:39:00,2448.4,Delhi,0
T06017,U0442,D0391,M100,2026-08-28 20:09:00,8511.57,Pune,0
T06018,U0820,D0497,M064,2026-08-13 14:13:00,3195.07,Pune,0
T06019,U0808,D0413,M058,2026-08-15 02:16:00,2843.33,Bangalore,0
T06020,U0613,D0282,M100,2026-08-08 18:04:00,7463.79,Chennai,0
T06021,U0545,D0403,M069,2026-08-13 23:05:00,6576.5,Hyderabad,0
T06022,U0938,D0307,M071,2026-08-26 20:27:00,1180.34,Mumbai,0
T06023,U0182,D0485,M059,2026-08-12 08:30:00,3474.74,Pune,0
T06024,U0678,D0183,M092,2026-08-15 23:46:00,9552.57,Pune,0
T06025,U0878,D0366,M032,2026-08-22 00:41:00,8142.51,Pune,0
T06026,U0952,D0369,M080,2026-08-17 13:26:00,5112.19,Hyderabad,0
T06027,U0612,D0335,M054,2026-08-23 14:43:00,3365.67,Pune,0
T06028,U0967,D0358,M035,2026-08-18 05:19:00,4821.82,Hyderabad,0
T06029,U0994,D0187,M065,2026-08-02 18:32:00,4939.18,Pune,0
T06030,U0366,D0105,M082,2026-08-30 16:19:00,6732.25,Pune,0
T06031,U0628,D0314,M075,2026-08-05 06:35:00,8813.6,Pune,0
T06032,U0803,D0174,M066,2026-08-30 22:15:00,352.85,Pune,0
T06033,U0153,D0327,M091,2026-08-25 07:55:00,2257.33,Delhi,0
T06034,U0311,D0152,M050,2026-08-09 23:34:00,7183.42,Delhi,0
T06035,U0480,D0220,M027,2026-08-11 18:05:00,9051.48,Mumbai,0
T06036,U0746,D0376,M069,2026-08-06 21:52:00,9543.96,Hyderabad,0
T06037,U0849,D0468,M031,2026-08-09 12:34:00,2319.66,Chennai,0
T06038,U0992,D0425,M076,2026-08-15 08:07:00,2036.12,Mumbai,0
T06039,U0394,D0236,M068,2026-08-06 09:50:00,2918.96,Mumbai,0
T06040,U0310,D0210,M032,2026-08-09 13:45:00,1482.58,Chennai,0
T06041,U0402,D0213,M087,2026-08-23 04:15:00,840.88,Mumbai,0
T06042,U0962,D0389,M068,2026-08-02 12:27:00,5893.08,Pune,0
T06043,U0516,D0236,M073,2026-08-16 16:28:00,6979.12,Bangalore,0
T06044,U0303,D0094,M031,2026-08-19 17:00:00,1224.11,Hyderabad,0
T06045,U0226,D0175,M079,2026-08-15 01:41:00,2728.14,Hyderabad,0
T06046,U0728,D0216,M086,2026-08-18 19:45:00,1200.46,Chennai,0
T06047,U0261,D0358,M098,2026-08-12 08:16:00,9279.0,Delhi,0
T06048,U0246,D0401,M044,2026-08-22 17:40:00,6802.31,Bangalore,0
T06049,U0579,D0242,M029,2026-08-20 21:58:00,7375.93,Bangalore,0
T06050,U0308,D0162,M045,2026-08-25 14:56:00,6526.16,Pune,0
T06051,U0878,D0399,M029,2026-08-17 14:19:00,3923.41,Hyderabad,0
T06052,U0580,D0361,M071,2026-08-12 07:14:00,6744.85,Hyderabad,0
T06053,U0530,D0265,M067,2026-08-16 11:29:00,5848.26,Bangalore,0
T06054,U0280,D0284,M053,2026-08-16 03:32:00,4344.17,Mumbai,0
T06055,U0661,D0325,M094,2026-08-28 13:36:00,8039.9,Hyderabad,0
T06056,U0963,D0186,M055,2026-08-30 09:47:00,1455.29,Mumbai,0
T06057,U0347,D0371,M033,2026-08-12 23:06:00,6815.9,Mumbai,0
T06058,U0187,D0090,M092,2026-08-09 02:21:00,6973.38,Chennai,0
T06059,U0560,D0365,M074,2026-08-07 11:13:00,9485.6,Mumbai,0
T06060,U0727,D0084,M049,2026-08-09 08:42:00,1581.7,Delhi,0
T06061,U0605,D0267,M069,2026-08-02 01:31:00,4064.07,Mumbai,0
T06062,U0942,D0386,M030,2026-08-20 15:29:00,6468.82,Mumbai,0
T06063,U0175,D0445,M034,2026-08-16 12:12:00,6814.33,Chennai,0
T06064,U0190,D0104,M052,2026-08-27 13:54:00,8498.6,Hyderabad,0
T06065,U0467,D0389,M030,2026-08-21 19:16:00,4420.59,Mumbai,0
T06066,U0318,D0134,M074,2026-08-09 07:08:00,7308.35,Delhi,0
T06067,U0815,D0175,M056,2026-08-11 12:32:00,5922.85,Pune,0
T06068,U0225,D0455,M046,2026-08-27 07:19:00,9206.66,Pune,0
T06069,U0775,D0151,M040,2026-08-01 02:40:00,8516.0,Chennai,0
T06070,U0176,D0321,M036,2026-08-08 06:20:00,1816.03,Mumbai,0
T06071,U0194,D0104,M097,2026-08-06 17:32:00,8856.16,Delhi,0
T06072,U0389,D0410,M085,2026-08-21 05:28:00,7511.12,Chennai,0
T06073,U0615,D0475,M032,2026-08-15 08:40:00,2932.11,Delhi,0
T06074,U0482,D0327,M095,2026-08-25 08:51:00,8902.47,Chennai,0
T06075,U0711,D0150,M033,2026-08-19 05:09:00,2015.81,Chennai,0
T06076,U0860,D0414,M092,2026-08-02 04:10:00,9603.86,Chennai,0
T06077,U0582,D0371,M096,2026-08-03 09:54:00,9025.21,Hyderabad,0
T06078,U0576,D0436,M079,2026-08-17 15:24:00,5082.37,Hyderabad,0
T06079,U0291,D0455,M060,2026-08-23 08:22:00,4142.68,Delhi,0
T06080,U0577,D0495,M028,2026-08-30 10:24:00,4323.21,Hyderabad,0
T06081,U0601,D0155,M058,2026-08-16 14:15:00,1851.15,Mumbai,0
T06082,U0373,D0307,M096,2026-08-22 04:45:00,6979.28,Mumbai,0
T06083,U0657,D0356,M094,2026-08-12 20:56:00,239.53,Bangalore,0
T06084,U0980,D0432,M060,2026-08-19 23:00:00,3249.0,Mumbai,0
T06085,U0620,D0473,M032,2026-08-20 18:01:00,955.46,Delhi,0
T06086,U0677,D0332,M084,2026-08-07 23:17:00,5502.98,Chennai,0
T06087,U0559,D0343,M033,2026-08-28 05:58:00,1449.68,Chennai,0
T06088,U0561,D0427,M035,2026-08-30 07:18:00,7583.31,Hyderabad,0
T06089,U0273,D0300,M029,2026-08-01 01:25:00,3481.84,Mumbai,0
T06090,U0227,D0406,M092,2026-08-20 07:23:00,429.43,Mumbai,0
T06091,U0897,D0443,M076,2026-08-25 16:49:00,5201.58,Chennai,0
T06092,U0227,D0429,M077,2026-08-18 04:52:00,3125.58,Mumbai,0
T06093,U0742,D0264,M034,2026-08-07 13:39:00,4715.5,Delhi,0
T06094,U0346,D0139,M048,2026-08-12 22:43:00,1422.01,Pune,0
T06095,U0520,D0197,M073,2026-08-13 06:58:00,923.74,Mumbai,0
T06096,U0961,D0085,M036,2026-08-27 06:01:00,6078.91,Delhi,0
T06097,U0720,D0424,M059,2026-08-26 07:28:00,295.23,Mumbai,0
T06098,U0153,D0435,M041,2026-08-22 10:45:00,111.63,Delhi,0
T06099,U0949,D0446,M077,2026-08-23 02:43:00,8735.0,Bangalore,0
T06100,U0526,D0163,M031,2026-08-22 19:47:00,4726.66,Bangalore,0
T06101,U0892,D0104,M086,2026-08-13 23:32:00,676.33,Chennai,0
T06102,U0381,D0293,M096,2026-08-27 08:24:00,3792.6,Mumbai,0
T06103,U0762,D0270,M083,2026-08-07 21:39:00,6516.36,Hyderabad,0
T06104,U0573,D0118,M032,2026-08-15 21:44:00,9747.01,Bangalore,0
T06105,U0186,D0500,M099,2026-08-01 00:33:00,607.29,Mumbai,0
T06106,U0203,D0493,M039,2026-08-23 14:09:00,5597.15,Hyderabad,0
T06107,U0179,D0447,M048,2026-08-01 12:54:00,3785.02,Chennai,0
T06108,U0507,D0416,M062,2026-08-26 17:30:00,4788.2,Pune,0
T06109,U0931,D0396,M055,2026-08-29 02:46:00,1838.69,Bangalore,0
T06110,U0163,D0421,M048,2026-08-29 05:19:00,9022.08,Mumbai,0
T06111,U0524,D0395,M086,2026-08-13 05:51:00,6519.38,Pune,0
T06112,U0860,D0410,M068,2026-08-30 03:03:00,2377.67,Delhi,0
T06113,U0583,D0240,M083,2026-08-15 01:45:00,2618.61,Chennai,0
T06114,U0505,D0153,M075,2026-08-29 00:19:00,7659.16,Hyderabad,0
T06115,U0836,D0408,M047,2026-08-03 13:20:00,2884.68,Mumbai,0
T06116,U0442,D0133,M070,2026-08-10 14:40:00,4464.0,Bangalore,0
T06117,U0963,D0478,M072,2026-08-05 05:29:00,9014.52,Chennai,0
T06118,U0395,D0310,M055,2026-08-21 05:07:00,7915.21,Mumbai,0
T06119,U0910,D0369,M083,2026-08-18 06:19:00,5382.37,Pune,0
T06120,U0843,D0268,M026,2026-08-25 03:06:00,3270.28,Mumbai,0
T06121,U0936,D0121,M084,2026-08-14 16:58:00,6027.25,Bangalore,0
T06122,U0970,D0261,M092,2026-08-14 13:47:00,6192.23,Mumbai,0
T06123,U0679,D0336,M036,2026-08-13 12:24:00,2801.41,Delhi,0
T06124,U0186,D0339,M033,2026-08-10 14:56:00,9564.43,Hyderabad,0
T06125,U0666,D0281,M047,2026-08-13 21:22:00,7371.27,Pune,0
T06126,U0515,D0303,M058,2026-08-13 02:01:00,3373.94,Delhi,0
T06127,U0783,D0371,M097,2026-08-20 21:01:00,2170.09,Hyderabad,0
T06128,U0533,D0467,M057,2026-08-15 10:37:00,1539.04,Mumbai,0
T06129,U0905,D0378,M039,2026-08-05 10:08:00,9023.49,Bangalore,0
T06130,U0859,D0105,M092,2026-08-17 22:15:00,8026.74,Bangalore,0
T06131,U0698,D0204,M078,2026-08-20 07:26:00,8980.97,Delhi,0
T06132,U0718,D0418,M067,2026-08-28 03:29:00,2301.49,Chennai,0
T06133,U0229,D0200,M071,2026-08-27 06:06:00,4179.29,Delhi,0
T06134,U0832,D0183,M032,2026-08-30 23:53:00,4594.2,Pune,0
T06135,U0354,D0409,M061,2026-08-25 04:56:00,182.31,Bangalore,0
T06136,U0310,D0151,M079,2026-08-13 01:07:00,1633.15,Delhi,0
T06137,U0658,D0415,M043,2026-08-01 09:27:00,3415.97,Hyderabad,0
T06138,U0454,D0355,M046,2026-08-27 03:26:00,5218.71,Mumbai,0
T06139,U0961,D0356,M039,2026-08-28 18:01:00,1494.97,Bangalore,0
T06140,U0927,D0487,M062,2026-08-22 09:53:00,9720.25,Hyderabad,0
T06141,U0774,D0449,M095,2026-08-13 17:52:00,4523.88,Mumbai,0
T06142,U0156,D0226,M048,2026-08-27 13:44:00,2554.28,Mumbai,0
T06143,U0257,D0322,M096,2026-08-12 11:19:00,6853.71,Chennai,0
T06144,U0233,D0210,M081,2026-08-04 13:46:00,4634.31,Mumbai,0
T06145,U0495,D0350,M032,2026-08-13 08:28:00,3506.96,Chennai,0
T06146,U0787,D0168,M080,2026-08-21 07:09:00,8656.3,Mumbai,0
T06147,U0785,D0333,M092,2026-08-30 12:56:00,6224.73,Delhi,0
T06148,U0705,D0344,M085,2026-08-22 10:03:00,3373.36,Hyderabad,0
T06149,U0488,D0338,M059,2026-08-21 13:36:00,7609.07,Bangalore,0
T06150,U0392,D0218,M026,2026-08-06 06:12:00,9188.87,Chennai,0
T06151,U0890,D0373,M053,2026-08-19 22:19:00,9947.74,Bangalore,0
T06152,U0858,D0244,M081,2026-08-09 06:47:00,6984.26,Hyderabad,0
T06153,U0830,D0108,M100,2026-08-10 12:03:00,2586.56,Chennai,0
T06154,U0679,D0384,M029,2026-08-06 01:06:00,1616.59,Hyderabad,0
T06155,U0691,D0222,M063,2026-08-22 18:40:00,6080.02,Mumbai,0
T06156,U0887,D0479,M070,2026-08-19 12:41:00,1276.4,Bangalore,0
T06157,U0519,D0285,M096,2026-08-19 07:09:00,1447.42,Chennai,0
T06158,U0869,D0198,M033,2026-08-22 04:16:00,379.41,Mumbai,0
T06159,U0494,D0390,M058,2026-08-24 14:17:00,399.53,Hyderabad,0
T06160,U0388,D0128,M074,2026-08-02 14:21:00,1400.06,Chennai,0
T06161,U0611,D0401,M064,2026-08-11 23:32:00,2555.95,Chennai,0
T06162,U0601,D0421,M048,2026-08-30 14:35:00,7183.19,Mumbai,0
T06163,U0220,D0350,M078,2026-08-29 22:23:00,6522.13,Hyderabad,0
T06164,U0456,D0309,M071,2026-08-20 00:58:00,1961.72,Bangalore,0
T06165,U0969,D0488,M039,2026-08-06 22:03:00,6292.88,Chennai,0
T06166,U0707,D0433,M027,2026-08-23 08:53:00,5490.85,Chennai,0
T06167,U0721,D0325,M095,2026-08-03 03:52:00,9071.09,Mumbai,0
T06168,U0230,D0239,M064,2026-08-16 18:42:00,6263.57,Delhi,0
T06169,U0490,D0338,M077,2026-08-18 03:27:00,2393.3,Mumbai,0
T06170,U0484,D0438,M063,2026-08-04 15:16:00,5276.56,Bangalore,0
T06171,U0320,D0397,M096,2026-08-24 18:26:00,1842.6,Chennai,0
T06172,U0228,D0163,M092,2026-08-25 14:08:00,3874.13,Delhi,0
T06173,U0193,D0237,M060,2026-08-18 18:06:00,5934.39,Pune,0
T06174,U0771,D0345,M065,2026-08-08 23:48:00,5414.88,Chennai,0
T06175,U0860,D0348,M062,2026-08-21 10:26:00,8845.94,Hyderabad,0
T06176,U0308,D0098,M057,2026-08-04 14:33:00,6731.5,Pune,0
T06177,U0322,D0493,M095,2026-08-26 06:44:00,8683.77,Mumbai,0
T06178,U0244,D0481,M047,2026-08-10 12:56:00,7483.34,Bangalore,0
T06179,U0363,D0297,M074,2026-08-24 19:12:00,4421.14,Hyderabad,0
T06180,U0280,D0479,M082,2026-08-22 20:52:00,5496.89,Chennai,0
T06181,U0588,D0353,M069,2026-08-09 11:19:00,4764.86,Delhi,0
T06182,U0624,D0454,M074,2026-08-02 07:44:00,7251.51,Chennai,0
T06183,U0157,D0334,M087,2026-08-21 10:14:00,5654.28,Hyderabad,0
T06184,U0599,D0116,M026,2026-08-19 12:13:00,1901.77,Delhi,0
T06185,U0384,D0497,M054,2026-08-13 02:29:00,6413.5,Hyderabad,0
T06186,U0983,D0462,M073,2026-08-22 20:39:00,2502.91,Mumbai,0
T06187,U0328,D0174,M042,2026-08-21 14:42:00,5047.09,Pune,0
T06188,U0936,D0094,M033,2026-08-12 14:11:00,3372.86,Hyderabad,0
T06189,U0694,D0258,M100,2026-08-22 09:09:00,2261.41,Chennai,0
T06190,U0945,D0312,M054,2026-08-29 22:42:00,6725.02,Chennai,0
T06191,U0325,D0357,M070,2026-08-21 09:30:00,9235.53,Bangalore,0
T06192,U0470,D0439,M046,2026-08-12 14:03:00,513.41,Pune,0
T06193,U0307,D0245,M069,2026-08-16 08:54:00,2974.5,Mumbai,0
T06194,U0684,D0385,M054,2026-08-27 08:15:00,7978.06,Mumbai,0
T06195,U0815,D0095,M063,2026-08-05 17:52:00,1129.59,Mumbai,0
T06196,U0722,D0351,M034,2026-08-17 08:52:00,7908.28,Mumbai,0
T06197,U0803,D0477,M062,2026-08-19 04:36:00,8707.51,Mumbai,0
T06198,U0389,D0346,M076,2026-08-16 14:56:00,3863.12,Bangalore,0
T06199,U0455,D0218,M091,2026-08-13 00:57:00,7486.67,Mumbai,0
T06200,U0662,D0458,M055,2026-08-10 10:20:00,1955.38,Chennai,0
T06201,U0789,D0112,M046,2026-08-13 21:34:00,5489.19,Hyderabad,0
T06202,U0511,D0349,M085,2026-08-20 22:05:00,387.17,Pune,0
T06203,U0584,D0158,M056,2026-08-28 23:42:00,2691.53,Hyderabad,0
T06204,U0747,D0379,M061,2026-08-08 06:23:00,4275.28,Bangalore,0
T06205,U0650,D0287,M029,2026-08-29 22:52:00,5596.07,Hyderabad,0
T06206,U0362,D0106,M036,2026-08-06 20:39:00,9446.14,Bangalore,0
T06207,U0381,D0201,M099,2026-08-24 06:51:00,386.46,Bangalore,0
T06208,U0398,D0445,M090,2026-08-23 16:49:00,1002.06,Mumbai,0
T06209,U0298,D0354,M054,2026-08-12 06:36:00,3622.95,Delhi,0
T06210,U0790,D0103,M067,2026-08-25 22:41:00,7773.1,Bangalore,0
T06211,U0190,D0352,M028,2026-08-06 07:45:00,3723.16,Chennai,0
T06212,U0362,D0310,M061,2026-08-09 23:58:00,3328.17,Mumbai,0
T06213,U0172,D0142,M083,2026-08-23 08:18:00,1740.44,Mumbai,0
T06214,U0223,D0239,M074,2026-08-17 15:34:00,6120.71,Pune,0
T06215,U0786,D0264,M085,2026-08-27 11:00:00,6711.08,Hyderabad,0
T06216,U0512,D0329,M069,2026-08-26 20:47:00,3498.27,Delhi,0
T06217,U0530,D0264,M029,2026-08-16 14:12:00,3309.68,Pune,0
T06218,U0396,D0428,M075,2026-08-07 02:22:00,5675.14,Pune,0
T06219,U0235,D0302,M040,2026-08-14 16:04:00,5188.07,Hyderabad,0
T06220,U0227,D0362,M054,2026-08-29 09:51:00,3515.24,Chennai,0
T06221,U0857,D0236,M042,2026-08-17 16:49:00,1519.78,Bangalore,0
T06222,U0615,D0418,M093,2026-08-30 08:46:00,9767.52,Chennai,0
T06223,U0944,D0464,M035,2026-08-18 22:44:00,6536.1,Bangalore,0
T06224,U0219,D0388,M049,2026-08-05 05:04:00,3063.76,Hyderabad,0
T06225,U0654,D0227,M063,2026-08-15 13:09:00,1574.48,Chennai,0
T06226,U0192,D0480,M043,2026-08-22 13:16:00,6343.68,Delhi,0
T06227,U0419,D0313,M051,2026-08-02 04:05:00,5177.62,Delhi,0
T06228,U0295,D0229,M033,2026-08-09 13:56:00,8243.09,Hyderabad,0
T06229,U0850,D0199,M048,2026-08-05 04:00:00,7879.16,Pune,0
T06230,U0442,D0222,M027,2026-08-08 20:49:00,5869.22,Mumbai,0
T06231,U0390,D0224,M028,2026-08-27 05:00:00,2580.09,Chennai,0
T06232,U0967,D0442,M037,2026-08-26 02:34:00,9021.66,Hyderabad,0
T06233,U0886,D0413,M047,2026-08-17 02:12:00,4834.13,Hyderabad,0
T06234,U0747,D0366,M033,2026-08-02 05:23:00,2894.9,Mumbai,0
T06235,U0773,D0205,M037,2026-08-07 04:52:00,8024.72,Pune,0
T06236,U0393,D0154,M067,2026-08-14 18:23:00,4125.7,Bangalore,0
T06237,U0717,D0380,M037,2026-08-06 04:21:00,2119.07,Hyderabad,0
T06238,U0909,D0449,M055,2026-08-12 22:09:00,8030.34,Pune,0
T06239,U0526,D0318,M034,2026-08-10 04:46:00,2221.96,Pune,0
T06240,U0789,D0297,M048,2026-08-22 00:16:00,4332.44,Mumbai,0
T06241,U0240,D0171,M089,2026-08-11 21:17:00,2974.51,Chennai,0
T06242,U0269,D0469,M040,2026-08-07 20:38:00,356.61,Chennai,0
T06243,U0785,D0120,M052,2026-08-23 20:51:00,927.47,Chennai,0
T06244,U0191,D0123,M063,2026-08-27 22:41:00,8607.05,Delhi,0
T06245,U0186,D0159,M093,2026-08-28 09:55:00,602.32,Delhi,0
T06246,U0811,D0346,M034,2026-08-27 07:45:00,3860.48,Mumbai,0
T06247,U0460,D0490,M072,2026-08-08 04:20:00,1963.73,Delhi,0
T06248,U0261,D0422,M099,2026-08-27 20:32:00,457.39,Chennai,0
T06249,U0222,D0419,M053,2026-08-09 17:55:00,3277.24,Delhi,0
T06250,U0895,D0494,M052,2026-08-05 06:46:00,4478.46,Chennai,0
T06251,U0390,D0465,M081,2026-08-29 11:47:00,4047.05,Bangalore,0
T06252,U0458,D0440,M034,2026-08-23 00:56:00,942.25,Pune,0
T06253,U0373,D0429,M096,2026-08-26 15:08:00,1013.19,Bangalore,0
T06254,U0669,D0482,M087,2026-08-14 05:22:00,454.07,Bangalore,0
T06255,U0265,D0198,M052,2026-08-08 05:32:00,326.97,Chennai,0
T06256,U0429,D0485,M059,2026-08-27 23:05:00,3742.01,Bangalore,0
T06257,U0655,D0115,M058,2026-08-24 15:08:00,4800.02,Mumbai,0
T06258,U0504,D0105,M089,2026-08-21 15:39:00,3532.85,Pune,0
T06259,U0308,D0259,M084,2026-08-07 22:03:00,2338.33,Mumbai,0
T06260,U0925,D0458,M052,2026-08-06 08:31:00,4004.3,Chennai,0
T06261,U0829,D0330,M090,2026-08-04 11:55:00,1018.94,Pune,0
T06262,U0913,D0469,M033,2026-08-15 08:33:00,7728.38,Pune,0
T06263,U0924,D0301,M029,2026-08-09 13:18:00,7620.95,Delhi,0
T06264,U0777,D0270,M052,2026-08-03 18:00:00,4302.8,Mumbai,0
T06265,U0174,D0082,M070,2026-08-28 00:35:00,6114.6,Mumbai,0
T06266,U0762,D0279,M076,2026-08-28 12:22:00,2531.09,Pune,0
T06267,U0291,D0468,M057,2026-08-10 22:19:00,6931.22,Bangalore,0
T06268,U0180,D0328,M039,2026-08-15 11:38:00,5276.86,Bangalore,0
T06269,U0951,D0089,M100,2026-08-23 13:11:00,8679.81,Bangalore,0
T06270,U0431,D0411,M032,2026-08-26 11:03:00,4266.48,Chennai,0
T06271,U0337,D0186,M064,2026-08-10 19:22:00,8459.36,Mumbai,0
T06272,U0496,D0349,M088,2026-08-14 08:12:00,2924.61,Pune,0
T06273,U0705,D0431,M093,2026-08-26 02:59:00,2007.71,Pune,0
T06274,U0326,D0200,M085,2026-08-16 05:58:00,6037.81,Bangalore,0
T06275,U0742,D0328,M049,2026-08-07 11:15:00,5293.53,Hyderabad,0
T06276,U0705,D0430,M044,2026-08-18 00:19:00,5549.06,Hyderabad,0
T06277,U0911,D0216,M071,2026-08-15 09:33:00,9989.47,Bangalore,0
T06278,U0367,D0393,M040,2026-08-27 05:15:00,9552.67,Bangalore,0
T06279,U0370,D0235,M092,2026-08-08 12:19:00,7805.03,Chennai,0
T06280,U0589,D0329,M095,2026-08-26 12:32:00,9097.87,Delhi,0
T06281,U0878,D0326,M051,2026-08-19 00:57:00,8792.54,Pune,0
T06282,U0348,D0150,M056,2026-08-25 04:57:00,268.24,Hyderabad,0
T06283,U0862,D0196,M078,2026-08-12 14:53:00,4445.86,Delhi,0
T06284,U0469,D0287,M079,2026-08-13 10:42:00,5220.88,Pune,0
T06285,U0642,D0440,M060,2026-08-05 11:19:00,3989.66,Mumbai,0
T06286,U0936,D0121,M042,2026-08-02 18:09:00,4063.21,Bangalore,0
T06287,U0619,D0246,M070,2026-08-08 16:13:00,5793.37,Mumbai,0
T06288,U0560,D0095,M041,2026-08-12 20:09:00,3647.67,Hyderabad,0
T06289,U0155,D0338,M039,2026-08-06 01:08:00,7518.04,Hyderabad,0
T06290,U0410,D0485,M036,2026-08-17 19:59:00,4450.18,Delhi,0
T06291,U0266,D0437,M065,2026-08-10 17:56:00,7060.17,Bangalore,0
T06292,U0225,D0288,M094,2026-08-18 08:22:00,1270.8,Hyderabad,0
T06293,U0546,D0091,M051,2026-08-18 01:39:00,853.67,Delhi,0
T06294,U0773,D0161,M077,2026-08-02 00:10:00,7848.67,Hyderabad,0
T06295,U0498,D0439,M060,2026-08-18 06:03:00,9716.34,Hyderabad,0
T06296,U0330,D0455,M076,2026-08-23 18:58:00,9700.79,Mumbai,0
T06297,U0669,D0461,M058,2026-08-11 12:49:00,5048.34,Bangalore,0
T06298,U0424,D0489,M029,2026-08-10 00:42:00,2971.67,Pune,0
T06299,U0430,D0399,M066,2026-08-13 18:43:00,9919.61,Delhi,0
T06300,U0513,D0421,M078,2026-08-20 07:06:00,383.76,Chennai,0
T06301,U0158,D0120,M037,2026-08-28 08:25:00,9557.28,Pune,0
T06302,U0291,D0153,M089,2026-08-07 19:39:00,9568.97,Delhi,0
T06303,U0536,D0485,M086,2026-08-13 03:41:00,6901.19,Pune,0
T06304,U0252,D0409,M082,2026-08-10 10:49:00,3966.73,Delhi,0
T06305,U0388,D0349,M073,2026-08-30 22:50:00,7882.43,Bangalore,0
T06306,U0745,D0242,M083,2026-08-01 23:27:00,9800.42,Delhi,0
T06307,U0349,D0208,M029,2026-08-28 12:20:00,5778.51,Mumbai,0
T06308,U0850,D0260,M030,2026-08-25 17:45:00,1223.67,Chennai,0
T06309,U0572,D0487,M059,2026-08-01 21:02:00,2481.43,Delhi,0
T06310,U0794,D0204,M097,2026-08-13 09:06:00,1969.31,Pune,0
T06311,U0636,D0492,M085,2026-08-02 13:03:00,254.4,Mumbai,0
T06312,U0327,D0490,M088,2026-08-26 23:02:00,3374.12,Pune,0
T06313,U0741,D0247,M041,2026-08-14 21:00:00,8131.88,Delhi,0
T06314,U0514,D0206,M062,2026-08-28 21:37:00,7513.58,Mumbai,0
T06315,U0740,D0244,M063,2026-08-07 06:56:00,8369.54,Pune,0
T06316,U0920,D0432,M086,2026-08-17 02:21:00,8462.93,Chennai,0
T06317,U0637,D0251,M047,2026-08-23 18:40:00,176.75,Bangalore,0
T06318,U0265,D0288,M034,2026-08-30 12:10:00,9928.97,Chennai,0
T06319,U0428,D0232,M085,2026-08-27 09:28:00,6656.41,Hyderabad,0
T06320,U0864,D0460,M066,2026-08-27 15:03:00,1922.83,Hyderabad,0
T06321,U0841,D0136,M078,2026-08-10 16:29:00,5552.95,Chennai,0
T06322,U0583,D0218,M091,2026-08-28 13:57:00,4915.49,Bangalore,0
T06323,U0854,D0425,M031,2026-08-03 09:54:00,995.92,Bangalore,0
T06324,U0627,D0360,M039,2026-08-06 17:01:00,6862.57,Delhi,0
T06325,U0441,D0401,M069,2026-08-21 09:51:00,4109.85,Bangalore,0
T06326,U0906,D0454,M056,2026-08-02 20:43:00,8578.71,Delhi,0
T06327,U0459,D0362,M062,2026-08-05 02:09:00,7018.62,Hyderabad,0
T06328,U0328,D0396,M057,2026-08-15 06:17:00,7164.97,Chennai,0
T06329,U0957,D0492,M095,2026-08-10 04:37:00,6435.08,Mumbai,0
T06330,U0324,D0421,M094,2026-08-22 11:24:00,7158.12,Mumbai,0
T06331,U0825,D0327,M099,2026-08-26 05:59:00,1334.47,Chennai,0
T06332,U0200,D0146,M079,2026-08-15 19:45:00,3845.74,Pune,0
T06333,U0618,D0440,M086,2026-08-05 08:42:00,8296.59,Hyderabad,0
T06334,U0681,D0362,M042,2026-08-03 22:43:00,8374.34,Mumbai,0
T06335,U0189,D0421,M092,2026-08-28 01:22:00,2848.19,Pune,0
T06336,U0153,D0325,M099,2026-08-06 11:58:00,1248.34,Mumbai,0
T06337,U0273,D0114,M064,2026-08-19 06:21:00,2652.17,Mumbai,0
T06338,U0880,D0408,M036,2026-08-05 16:34:00,9993.65,Delhi,0
T06339,U0397,D0106,M099,2026-08-21 19:41:00,3696.08,Hyderabad,0
T06340,U0327,D0450,M064,2026-08-23 06:38:00,2207.57,Pune,0
T06341,U0983,D0470,M092,2026-08-25 21:03:00,8593.99,Hyderabad,0
T06342,U0878,D0170,M056,2026-08-23 14:54:00,9999.89,Pune,0
T06343,U0645,D0225,M097,2026-08-23 13:18:00,4639.06,Bangalore,0
T06344,U0631,D0362,M097,2026-08-06 12:09:00,6361.98,Hyderabad,0
T06345,U0399,D0164,M068,2026-08-05 07:33:00,1652.56,Pune,0
T06346,U0895,D0470,M097,2026-08-02 09:38:00,5550.95,Chennai,0
T06347,U0924,D0160,M077,2026-08-22 23:38:00,5760.34,Delhi,0
T06348,U0212,D0390,M078,2026-08-19 11:18:00,4178.15,Bangalore,0
T06349,U0302,D0353,M081,2026-08-17 09:51:00,9114.59,Chennai,0
T06350,U0713,D0186,M099,2026-08-30 10:14:00,9974.85,Mumbai,0
T06351,U0215,D0285,M065,2026-08-19 07:38:00,7604.01,Pune,0
T06352,U0693,D0144,M039,2026-08-01 01:16:00,8308.17,Chennai,0
T06353,U0850,D0457,M086,2026-08-01 10:30:00,8336.47,Pune,0
T06354,U0758,D0086,M083,2026-08-03 02:56:00,8126.35,Mumbai,0
T06355,U0683,D0473,M033,2026-08-25 00:25:00,6351.99,Pune,0
T06356,U0577,D0441,M081,2026-08-27 09:33:00,2325.48,Bangalore,0
T06357,U0661,D0485,M030,2026-08-26 23:17:00,9642.63,Delhi,0
T06358,U0391,D0215,M090,2026-08-13 08:21:00,5979.29,Pune,0
T06359,U0862,D0430,M081,2026-08-23 09:04:00,7253.11,Delhi,0
T06360,U0601,D0285,M048,2026-08-29 00:29:00,4157.47,Bangalore,0
T06361,U0637,D0484,M062,2026-08-13 05:50:00,8139.53,Mumbai,0
T06362,U0475,D0302,M043,2026-08-20 10:28:00,4761.82,Hyderabad,0
T06363,U0844,D0217,M037,2026-08-28 05:15:00,5147.33,Delhi,0
T06364,U0256,D0304,M060,2026-08-23 16:23:00,4818.63,Hyderabad,0
T06365,U0154,D0488,M031,2026-08-09 19:42:00,3142.58,Chennai,0
T06366,U0923,D0152,M033,2026-08-09 11:03:00,4430.89,Chennai,0
T06367,U0557,D0389,M054,2026-08-03 15:43:00,2245.4,Pune,0
T06368,U0549,D0415,M058,2026-08-16 17:10:00,1801.12,Hyderabad,0
T06369,U0604,D0190,M056,2026-08-01 11:02:00,6156.7,Pune,0
T06370,U0928,D0092,M085,2026-08-12 17:42:00,7778.04,Bangalore,0
T06371,U0901,D0271,M055,2026-08-16 05:55:00,956.76,Delhi,0
T06372,U0502,D0151,M045,2026-08-13 08:50:00,4703.34,Pune,0
T06373,U0641,D0264,M041,2026-08-06 16:41:00,3491.72,Delhi,0
T06374,U0355,D0322,M099,2026-08-28 00:19:00,9836.1,Bangalore,0
T06375,U0888,D0484,M071,2026-08-10 13:18:00,4054.46,Mumbai,0
T06376,U0765,D0182,M050,2026-08-07 04:33:00,4976.41,Chennai,0
T06377,U0373,D0208,M042,2026-08-07 19:14:00,5374.62,Hyderabad,0
T06378,U0864,D0280,M046,2026-08-24 15:34:00,2385.69,Chennai,0
T06379,U0956,D0492,M054,2026-08-23 15:10:00,6774.28,Chennai,0
T06380,U0496,D0460,M100,2026-08-10 11:04:00,1109.87,Chennai,0
T06381,U0980,D0193,M086,2026-08-03 10:06:00,168.37,Pune,0
T06382,U0749,D0235,M044,2026-08-30 19:24:00,2155.4,Bangalore,0
T06383,U0360,D0456,M083,2026-08-01 12:10:00,2744.27,Chennai,0
T06384,U0389,D0465,M051,2026-08-06 15:12:00,6359.33,Delhi,0
T06385,U0981,D0339,M052,2026-08-25 06:35:00,2881.21,Mumbai,0
T06386,U0800,D0468,M036,2026-08-06 19:40:00,3664.47,Mumbai,0
T06387,U0711,D0396,M027,2026-08-13 06:14:00,4700.93,Mumbai,0
T06388,U0254,D0379,M093,2026-08-30 04:55:00,6300.36,Pune,0
T06389,U0844,D0134,M087,2026-08-20 03:48:00,5756.53,Mumbai,0
T06390,U0704,D0084,M075,2026-08-14 11:05:00,3758.34,Pune,0
T06391,U0516,D0233,M064,2026-08-07 13:22:00,1049.0,Mumbai,0
T06392,U0832,D0432,M095,2026-08-11 02:58:00,4689.32,Pune,0
T06393,U0312,D0298,M063,2026-08-02 08:53:00,3299.77,Pune,0
T06394,U0299,D0398,M083,2026-08-10 00:30:00,6512.16,Delhi,0
T06395,U0589,D0343,M093,2026-08-17 12:07:00,6205.73,Hyderabad,0
T06396,U0894,D0143,M093,2026-08-26 07:24:00,2212.51,Delhi,0
T06397,U0189,D0189,M084,2026-08-28 22:13:00,9110.77,Mumbai,0
T06398,U0844,D0420,M092,2026-08-10 21:46:00,6809.42,Bangalore,0
T06399,U0861,D0266,M028,2026-08-11 19:59:00,1733.31,Delhi,0
T06400,U0673,D0267,M100,2026-08-20 03:24:00,9643.12,Hyderabad,0
T06401,U0949,D0117,M029,2026-08-06 19:33:00,3383.06,Mumbai,0
T06402,U0597,D0298,M093,2026-08-19 10:08:00,6415.18,Bangalore,0
T06403,U0563,D0406,M084,2026-08-11 03:44:00,9905.62,Mumbai,0
T06404,U0578,D0317,M037,2026-08-14 13:19:00,8305.5,Delhi,0
T06405,U0845,D0348,M080,2026-08-12 05:22:00,1509.03,Delhi,0
T06406,U0517,D0446,M037,2026-08-01 01:03:00,2388.0,Hyderabad,0
T06407,U0340,D0234,M044,2026-08-22 09:02:00,3873.22,Chennai,0
T06408,U0256,D0242,M071,2026-08-26 18:12:00,7617.79,Chennai,0
T06409,U0844,D0302,M063,2026-08-10 08:53:00,5770.33,Mumbai,0
T06410,U0384,D0381,M058,2026-08-28 23:50:00,3434.49,Delhi,0
T06411,U0446,D0079,M051,2026-08-26 07:39:00,5672.53,Hyderabad,0
T06412,U0957,D0456,M062,2026-08-19 21:01:00,3686.71,Pune,0
T06413,U0819,D0264,M051,2026-08-04 09:21:00,4752.31,Delhi,0
T06414,U0653,D0187,M030,2026-08-03 10:31:00,1581.21,Bangalore,0
T06415,U0167,D0415,M044,2026-08-22 06:53:00,9406.14,Mumbai,0
T06416,U0838,D0268,M054,2026-08-08 15:13:00,3574.15,Mumbai,0
T06417,U0823,D0482,M085,2026-08-10 07:47:00,7226.18,Chennai,0
T06418,U0325,D0449,M052,2026-08-13 23:23:00,9189.43,Mumbai,0
T06419,U0425,D0364,M053,2026-08-28 05:36:00,9798.92,Mumbai,0
T06420,U0834,D0276,M026,2026-08-05 08:53:00,5844.58,Bangalore,0
T06421,U0768,D0081,M064,2026-08-25 23:20:00,5242.03,Mumbai,0
T06422,U0888,D0448,M028,2026-08-21 03:10:00,2157.94,Pune,0
T06423,U0308,D0287,M065,2026-08-14 20:16:00,9247.35,Mumbai,0
T06424,U0943,D0469,M097,2026-08-26 23:42:00,6316.7,Chennai,0
T06425,U0831,D0316,M091,2026-08-17 06:22:00,6178.97,Pune,0
T06426,U0437,D0122,M087,2026-08-20 14:29:00,7970.1,Delhi,0
T06427,U0837,D0087,M051,2026-08-23 13:22:00,1057.6,Mumbai,0
T06428,U0450,D0470,M072,2026-08-30 01:24:00,9500.91,Bangalore,0
T06429,U0165,D0222,M070,2026-08-23 08:07:00,8164.64,Pune,0
T06430,U0429,D0290,M081,2026-08-27 03:40:00,8370.38,Hyderabad,0
T06431,U0656,D0481,M053,2026-08-11 15:22:00,5441.66,Delhi,0
T06432,U0209,D0457,M067,2026-08-06 22:50:00,5061.62,Delhi,0
T06433,U0181,D0413,M068,2026-08-18 16:52:00,4423.76,Bangalore,0
T06434,U0717,D0173,M082,2026-08-25 16:21:00,8008.59,Hyderabad,0
T06435,U0908,D0306,M082,2026-08-05 02:55:00,5974.81,Delhi,0
T06436,U0665,D0197,M082,2026-08-13 10:40:00,2530.56,Hyderabad,0
T06437,U0514,D0098,M077,2026-08-24 02:59:00,3257.22,Chennai,0
T06438,U0666,D0096,M076,2026-08-08 04:17:00,7494.37,Bangalore,0
T06439,U0304,D0198,M031,2026-08-24 06:41:00,8619.68,Pune,0
T06440,U0756,D0500,M075,2026-08-13 18:17:00,3993.48,Delhi,0
T06441,U0806,D0160,M059,2026-08-11 02:48:00,3051.89,Chennai,0
T06442,U0517,D0204,M093,2026-08-19 11:07:00,5989.16,Chennai,0
T06443,U0265,D0171,M039,2026-08-17 04:29:00,3949.87,Chennai,0
T06444,U0667,D0307,M034,2026-08-01 05:34:00,5259.02,Bangalore,0
T06445,U0365,D0245,M065,2026-08-20 02:19:00,6256.79,Mumbai,0
T06446,U0588,D0076,M064,2026-08-27 17:36:00,8043.57,Chennai,0
T06447,U0639,D0282,M059,2026-08-21 02:00:00,2834.43,Mumbai,0
T06448,U0903,D0374,M041,2026-08-30 21:41:00,7442.61,Bangalore,0
T06449,U0587,D0117,M049,2026-08-09 01:47:00,1246.34,Hyderabad,0
T06450,U0196,D0462,M056,2026-08-27 03:33:00,8179.86,Mumbai,0
T06451,U0866,D0236,M070,2026-08-26 02:06:00,7907.65,Pune,0
T06452,U0665,D0440,M034,2026-08-30 01:23:00,5673.99,Pune,0
T06453,U0196,D0097,M064,2026-08-06 13:56:00,3207.17,Delhi,0
T06454,U0377,D0186,M053,2026-08-17 23:12:00,1397.12,Delhi,0
T06455,U0576,D0441,M077,2026-08-01 01:23:00,1094.13,Chennai,0
T06456,U0678,D0236,M066,2026-08-01 00:21:00,7687.56,Bangalore,0
T06457,U0322,D0376,M069,2026-08-22 22:23:00,2010.93,Delhi,0
T06458,U0162,D0130,M029,2026-08-04 02:54:00,1925.16,Hyderabad,0
T06459,U0981,D0257,M085,2026-08-05 07:24:00,9634.77,Bangalore,0
T06460,U0534,D0362,M033,2026-08-18 12:16:00,7501.97,Pune,0
T06461,U0978,D0122,M063,2026-08-28 15:38:00,5725.22,Delhi,0
T06462,U0269,D0173,M077,2026-08-29 11:10:00,7865.66,Hyderabad,0
T06463,U0188,D0258,M069,2026-08-06 11:57:00,5798.31,Pune,0
T06464,U0983,D0454,M054,2026-08-27 05:34:00,4176.66,Mumbai,0
T06465,U0234,D0332,M081,2026-08-23 09:53:00,860.35,Bangalore,0
T06466,U0700,D0081,M065,2026-08-28 18:37:00,9484.41,Delhi,0
T06467,U0359,D0438,M046,2026-08-26 10:01:00,9081.01,Hyderabad,0
T06468,U0168,D0327,M038,2026-08-28 07:32:00,4283.39,Chennai,0
T06469,U0756,D0188,M052,2026-08-07 09:27:00,834.84,Chennai,0
T06470,U0437,D0371,M071,2026-08-08 10:15:00,9621.03,Bangalore,0
T06471,U0727,D0471,M059,2026-08-02 21:09:00,6690.68,Chennai,0
T06472,U0640,D0422,M035,2026-08-22 10:39:00,5010.66,Delhi,0
T06473,U0720,D0254,M075,2026-08-08 00:45:00,7191.85,Hyderabad,0
T06474,U0704,D0079,M075,2026-08-19 04:16:00,1151.55,Pune,0
T06475,U0336,D0288,M042,2026-08-02 11:51:00,6531.7,Bangalore,0
T06476,U0548,D0379,M073,2026-08-04 08:12:00,4350.33,Mumbai,0
T06477,U0840,D0123,M047,2026-08-06 00:19:00,1267.01,Mumbai,0
T06478,U0200,D0405,M034,2026-08-25 16:03:00,910.5,Bangalore,0
T06479,U0834,D0449,M042,2026-08-30 08:35:00,7821.14,Pune,0
T06480,U0780,D0387,M054,2026-08-09 21:43:00,686.94,Hyderabad,0
T06481,U0516,D0374,M091,2026-08-23 13:01:00,5850.01,Chennai,0
T06482,U0211,D0295,M045,2026-08-11 01:34:00,1238.72,Hyderabad,0
T06483,U0986,D0415,M069,2026-08-28 07:23:00,4361.7,Pune,0
T06484,U0855,D0334,M039,2026-08-01 22:01:00,8826.58,Pune,0
T06485,U0547,D0400,M039,2026-08-26 23:22:00,7651.82,Delhi,0
T06486,U0200,D0223,M071,2026-08-02 09:41:00,3503.42,Bangalore,0
T06487,U0217,D0148,M032,2026-08-10 21:11:00,7946.8,Bangalore,0
T06488,U0682,D0138,M077,2026-08-13 11:22:00,7782.14,Pune,0
T06489,U0721,D0469,M027,2026-08-12 12:31:00,2625.58,Mumbai,0
T06490,U0194,D0353,M035,2026-08-28 19:34:00,5045.68,Bangalore,0
T06491,U0413,D0095,M096,2026-08-11 17:52:00,2804.43,Delhi,0
T06492,U0484,D0210,M061,2026-08-26 18:15:00,8765.29,Bangalore,0
T06493,U0990,D0282,M027,2026-08-27 21:07:00,6833.03,Pune,0
T06494,U0491,D0500,M090,2026-08-02 13:56:00,4198.31,Chennai,0
T06495,U0859,D0309,M059,2026-08-16 11:53:00,4043.91,Delhi,0
T06496,U0721,D0188,M095,2026-08-16 20:31:00,5757.84,Bangalore,0
T06497,U0649,D0208,M044,2026-08-28 16:31:00,9829.74,Bangalore,0
T06498,U0463,D0149,M028,2026-08-14 05:08:00,6240.95,Mumbai,0
T06499,U0817,D0302,M081,2026-08-09 03:40:00,3230.34,Chennai,0
T06500,U0841,D0465,M094,2026-08-14 02:11:00,4595.98,Mumbai,0
T06501,U0770,D0119,M070,2026-08-09 21:15:00,544.47,Mumbai,0
T06502,U0443,D0329,M043,2026-08-24 20:49:00,9806.06,Mumbai,0
T06503,U0277,D0316,M063,2026-08-18 01:57:00,8912.36,Hyderabad,0
T06504,U0747,D0083,M043,2026-08-18 15:09:00,1381.82,Mumbai,0
T06505,U0548,D0119,M041,2026-08-18 18:14:00,3930.77,Pune,0
T06506,U0704,D0280,M081,2026-08-01 08:36:00,7703.14,Hyderabad,0
T06507,U0762,D0343,M042,2026-08-13 06:59:00,8098.35,Mumbai,0
T06508,U0712,D0380,M078,2026-08-22 23:41:00,6539.62,Bangalore,0
T06509,U0556,D0265,M074,2026-08-08 03:55:00,8407.95,Pune,0
T06510,U0653,D0496,M063,2026-08-03 00:56:00,1665.56,Hyderabad,0
T06511,U0992,D0330,M042,2026-08-10 09:18:00,958.7,Chennai,0
T06512,U0481,D0151,M061,2026-08-09 03:51:00,9614.14,Hyderabad,0
T06513,U0306,D0250,M075,2026-08-02 12:58:00,106.81,Hyderabad,0
T06514,U0914,D0343,M065,2026-08-28 07:34:00,3965.74,Bangalore,0
T06515,U0614,D0168,M039,2026-08-17 11:21:00,9562.32,Bangalore,0
T06516,U0498,D0471,M045,2026-08-01 09:00:00,6296.78,Pune,0
T06517,U0384,D0245,M051,2026-08-04 23:44:00,1965.34,Bangalore,0
T06518,U0678,D0215,M073,2026-08-19 19:52:00,264.92,Delhi,0
T06519,U1000,D0395,M055,2026-08-14 02:44:00,6672.43,Chennai,0
T06520,U0304,D0140,M041,2026-08-01 07:14:00,6084.86,Chennai,0
T06521,U0743,D0214,M059,2026-08-11 07:05:00,7282.82,Hyderabad,0
T06522,U0866,D0404,M035,2026-08-13 18:58:00,8634.98,Delhi,0
T06523,U0959,D0324,M091,2026-08-11 02:58:00,2725.87,Chennai,0
T06524,U0848,D0401,M085,2026-08-22 22:09:00,5958.23,Delhi,0
T06525,U0305,D0428,M064,2026-08-03 01:17:00,7587.62,Bangalore,0
T06526,U0268,D0294,M093,2026-08-07 16:51:00,2358.05,Chennai,0
T06527,U0654,D0394,M098,2026-08-24 12:45:00,900.02,Bangalore,0
T06528,U0819,D0083,M031,2026-08-26 19:09:00,3890.38,Hyderabad,0
T06529,U0317,D0285,M070,2026-08-22 01:53:00,5241.25,Delhi,0
T06530,U0923,D0488,M081,2026-08-10 21:04:00,6824.9,Hyderabad,0
T06531,U0667,D0318,M083,2026-08-13 20:16:00,7785.39,Hyderabad,0
T06532,U0281,D0289,M053,2026-08-14 16:14:00,5072.46,Delhi,0
T06533,U0298,D0176,M089,2026-08-29 12:16:00,1576.03,Hyderabad,0
T06534,U0453,D0458,M049,2026-08-06 20:05:00,6430.01,Chennai,0
T06535,U0485,D0135,M034,2026-08-22 04:55:00,9702.97,Pune,0
T06536,U0721,D0463,M049,2026-08-26 04:36:00,349.9,Bangalore,0
T06537,U0406,D0204,M069,2026-08-17 15:14:00,2380.97,Pune,0
T06538,U0690,D0171,M091,2026-08-22 11:15:00,1672.49,Hyderabad,0
T06539,U0602,D0279,M086,2026-08-20 19:17:00,3858.94,Mumbai,0
T06540,U0876,D0098,M094,2026-08-06 20:21:00,5449.32,Mumbai,0
T06541,U0457,D0240,M090,2026-08-21 07:57:00,882.4,Pune,0
T06542,U0283,D0104,M086,2026-08-15 06:19:00,2155.31,Pune,0
T06543,U0992,D0186,M075,2026-08-26 06:41:00,3663.09,Chennai,0
T06544,U0256,D0266,M043,2026-08-19 00:40:00,1371.11,Pune,0
T06545,U0821,D0093,M087,2026-08-14 10:48:00,7147.54,Bangalore,0
T06546,U0414,D0480,M059,2026-08-11 00:09:00,137.55,Bangalore,0
T06547,U0166,D0488,M075,2026-08-04 17:09:00,2845.89,Hyderabad,0
T06548,U0515,D0148,M074,2026-08-14 22:06:00,3590.02,Mumbai,0
T06549,U0470,D0214,M052,2026-08-10 17:14:00,784.36,Delhi,0
T06550,U0641,D0125,M041,2026-08-17 11:51:00,2345.14,Chennai,0
T06551,U0434,D0478,M100,2026-08-21 12:31:00,1729.81,Mumbai,0
T06552,U0781,D0315,M029,2026-08-05 04:44:00,348.99,Bangalore,0
T06553,U0915,D0181,M064,2026-08-11 07:09:00,3015.48,Delhi,0
T06554,U0765,D0330,M072,2026-08-25 16:48:00,7040.06,Delhi,0
T06555,U0885,D0287,M034,2026-08-25 03:38:00,5282.58,Bangalore,0
T06556,U0638,D0338,M077,2026-08-03 10:38:00,9485.5,Chennai,0
T06557,U0269,D0263,M099,2026-08-27 21:16:00,1619.12,Delhi,0
T06558,U0412,D0187,M084,2026-08-20 21:26:00,9778.54,Chennai,0
T06559,U0678,D0141,M088,2026-08-14 03:04:00,5875.38,Bangalore,0
T06560,U0366,D0185,M041,2026-08-08 06:57:00,1757.05,Chennai,0
T06561,U0767,D0240,M059,2026-08-26 08:07:00,505.48,Mumbai,0
T06562,U0165,D0224,M083,2026-08-10 09:48:00,6889.05,Hyderabad,0
T06563,U0900,D0453,M093,2026-08-10 22:29:00,7995.8,Delhi,0
T06564,U0625,D0234,M084,2026-08-22 11:06:00,7258.27,Mumbai,0
T06565,U0412,D0079,M084,2026-08-01 19:39:00,2289.68,Mumbai,0
T06566,U0571,D0466,M071,2026-08-19 07:19:00,223.96,Pune,0
T06567,U0611,D0269,M043,2026-08-08 09:00:00,8562.59,Delhi,0
T06568,U0309,D0137,M049,2026-08-30 08:31:00,5433.78,Bangalore,0
T06569,U0745,D0500,M053,2026-08-23 21:53:00,4211.85,Delhi,0
T06570,U0319,D0322,M097,2026-08-12 21:43:00,7649.32,Chennai,0
T06571,U0587,D0209,M053,2026-08-28 05:56:00,2139.31,Bangalore,0
T06572,U0457,D0445,M072,2026-08-30 07:15:00,5903.67,Mumbai,0
T06573,U0734,D0161,M030,2026-08-19 07:24:00,4068.78,Mumbai,0
T06574,U0184,D0215,M095,2026-08-17 00:49:00,9886.52,Bangalore,0
T06575,U0337,D0179,M058,2026-08-30 17:43:00,9150.04,Chennai,0
T06576,U0499,D0342,M061,2026-08-27 07:38:00,8794.99,Delhi,0
T06577,U0244,D0133,M092,2026-08-30 22:31:00,3161.94,Mumbai,0
T06578,U0510,D0126,M045,2026-08-12 21:30:00,1895.02,Bangalore,0
T06579,U0549,D0459,M056,2026-08-22 06:50:00,5617.57,Bangalore,0
T06580,U0636,D0463,M028,2026-08-14 23:14:00,5635.2,Pune,0
T06581,U0381,D0480,M074,2026-08-12 11:42:00,6296.6,Delhi,0
T06582,U0248,D0118,M078,2026-08-16 09:14:00,5835.9,Hyderabad,0
T06583,U0906,D0495,M096,2026-08-29 11:07:00,7126.53,Delhi,0
T06584,U0415,D0161,M035,2026-08-29 08:06:00,2542.76,Delhi,0
T06585,U0923,D0177,M039,2026-08-10 11:49:00,7654.32,Mumbai,0
T06586,U0349,D0428,M076,2026-08-16 07:29:00,5804.39,Chennai,0
T06587,U0651,D0280,M085,2026-08-20 11:07:00,5244.7,Mumbai,0
T06588,U0650,D0263,M098,2026-08-10 12:56:00,3672.71,Delhi,0
T06589,U0586,D0112,M052,2026-08-15 01:04:00,984.06,Hyderabad,0
T06590,U0760,D0113,M100,2026-08-16 17:58:00,2278.58,Delhi,0
T06591,U0175,D0356,M095,2026-08-14 13:15:00,1873.65,Mumbai,0
T06592,U0284,D0174,M051,2026-08-28 15:53:00,6108.63,Pune,0
T06593,U0981,D0326,M077,2026-08-06 05:35:00,3696.86,Bangalore,0
T06594,U0184,D0124,M035,2026-08-04 17:33:00,2317.04,Bangalore,0
T06595,U0493,D0233,M093,2026-08-01 00:14:00,3147.4,Chennai,0
T06596,U0918,D0177,M078,2026-08-12 10:17:00,5043.97,Chennai,0
T06597,U0927,D0114,M059,2026-08-27 15:00:00,6076.72,Bangalore,0
T06598,U0153,D0447,M093,2026-08-18 22:06:00,1062.76,Mumbai,0
T06599,U0946,D0495,M058,2026-08-21 22:44:00,7069.95,Bangalore,0
T06600,U0470,D0397,M099,2026-08-05 01:49:00,3492.01,Mumbai,0
T06601,U0380,D0347,M029,2026-08-18 08:36:00,4596.47,Delhi,0
T06602,U0541,D0312,M055,2026-08-18 14:49:00,4575.7,Bangalore,0
T06603,U0749,D0421,M076,2026-08-06 09:04:00,546.04,Chennai,0
T06604,U0930,D0175,M084,2026-08-09 05:55:00,4380.25,Chennai,0
T06605,U0841,D0164,M033,2026-08-17 13:24:00,5138.28,Mumbai,0
T06606,U0732,D0365,M082,2026-08-08 04:49:00,8968.47,Hyderabad,0
T06607,U0786,D0316,M039,2026-08-30 09:10:00,3703.96,Pune,0
T06608,U0605,D0392,M051,2026-08-08 03:26:00,7705.39,Mumbai,0
T06609,U0629,D0079,M041,2026-08-06 06:18:00,6844.78,Hyderabad,0
T06610,U0845,D0392,M038,2026-08-22 05:35:00,6791.68,Chennai,0
T06611,U0791,D0489,M049,2026-08-19 19:52:00,145.56,Delhi,0
T06612,U0585,D0336,M069,2026-08-19 11:47:00,5133.02,Pune,0
T06613,U0699,D0404,M096,2026-08-20 02:51:00,7567.81,Bangalore,0
T06614,U0925,D0344,M069,2026-08-28 12:46:00,4795.4,Hyderabad,0
T06615,U0663,D0269,M087,2026-08-27 21:42:00,3004.1,Chennai,0
T06616,U0864,D0175,M078,2026-08-13 11:04:00,2788.26,Mumbai,0
T06617,U0203,D0162,M074,2026-08-10 03:17:00,1588.77,Mumbai,0
T06618,U0655,D0412,M080,2026-08-16 23:00:00,5985.83,Hyderabad,0
T06619,U0904,D0247,M092,2026-08-21 05:27:00,6592.64,Mumbai,0
T06620,U0545,D0392,M059,2026-08-27 13:11:00,6366.83,Mumbai,0
T06621,U0913,D0116,M070,2026-08-17 02:12:00,8435.4,Pune,0
T06622,U0395,D0216,M082,2026-08-12 12:03:00,8648.99,Pune,0
T06623,U0187,D0443,M042,2026-08-12 12:32:00,332.83,Hyderabad,0
T06624,U0398,D0302,M089,2026-08-08 17:18:00,6045.11,Bangalore,0
T06625,U0723,D0447,M060,2026-08-24 20:35:00,6150.3,Hyderabad,0
T06626,U0383,D0404,M059,2026-08-16 03:28:00,8787.54,Chennai,0
T06627,U0602,D0488,M070,2026-08-13 17:27:00,5584.26,Bangalore,0
T06628,U0942,D0322,M093,2026-08-01 07:57:00,3808.52,Delhi,0
T06629,U0372,D0177,M094,2026-08-17 22:11:00,9256.64,Delhi,0
T06630,U0344,D0171,M041,2026-08-12 06:31:00,4130.11,Mumbai,0
T06631,U0461,D0455,M093,2026-08-02 22:51:00,6996.61,Hyderabad,0
T06632,U0981,D0475,M029,2026-08-22 14:31:00,2291.97,Chennai,0
T06633,U0207,D0487,M061,2026-08-04 23:25:00,3582.31,Pune,0
T06634,U0546,D0187,M048,2026-08-12 17:19:00,8400.47,Hyderabad,0
T06635,U0256,D0099,M044,2026-08-19 13:13:00,3673.55,Chennai,0
T06636,U0696,D0307,M100,2026-08-20 15:43:00,2139.16,Hyderabad,0
T06637,U0555,D0315,M061,2026-08-30 11:28:00,4327.71,Pune,0
T06638,U0958,D0277,M081,2026-08-02 16:47:00,2551.64,Chennai,0
T06639,U0648,D0176,M099,2026-08-29 04:28:00,4797.92,Bangalore,0
T06640,U0494,D0380,M044,2026-08-03 10:38:00,7116.25,Delhi,0
T06641,U0441,D0494,M034,2026-08-03 10:17:00,8783.55,Bangalore,0
T06642,U0334,D0397,M088,2026-08-20 20:27:00,544.71,Delhi,0
T06643,U0263,D0425,M067,2026-08-06 05:35:00,3978.23,Delhi,0
T06644,U0419,D0379,M085,2026-08-22 15:40:00,5701.24,Mumbai,0
T06645,U0358,D0341,M051,2026-08-11 17:50:00,8644.12,Bangalore,0
T06646,U0588,D0120,M059,2026-08-12 10:49:00,2228.13,Hyderabad,0
T06647,U0608,D0411,M073,2026-08-13 06:27:00,7087.56,Mumbai,0
T06648,U0691,D0378,M052,2026-08-16 12:53:00,326.98,Hyderabad,0
T06649,U0835,D0463,M049,2026-08-19 15:42:00,413.87,Mumbai,0
T06650,U0180,D0447,M077,2026-08-25 00:33:00,4756.67,Mumbai,0
T06651,U0925,D0316,M033,2026-08-22 21:15:00,943.44,Pune,0
T06652,U0705,D0424,M041,2026-08-08 06:40:00,6037.17,Chennai,0
T06653,U0887,D0280,M038,2026-08-10 22:34:00,5742.85,Chennai,0
T06654,U0343,D0327,M085,2026-08-12 12:56:00,3702.76,Pune,0
T06655,U0753,D0342,M064,2026-08-05 15:54:00,7028.84,Chennai,0
T06656,U0405,D0331,M078,2026-08-23 18:43:00,4514.35,Hyderabad,0
T06657,U0861,D0334,M027,2026-08-23 06:25:00,5829.92,Bangalore,0
T06658,U0794,D0486,M077,2026-08-30 04:20:00,3697.32,Bangalore,0
T06659,U0989,D0294,M060,2026-08-02 20:35:00,5009.98,Mumbai,0
T06660,U0691,D0180,M094,2026-08-30 09:02:00,3083.77,Delhi,0
T06661,U0899,D0213,M091,2026-08-09 22:23:00,8074.75,Chennai,0
T06662,U0411,D0340,M070,2026-08-22 01:06:00,2209.36,Hyderabad,0
T06663,U0826,D0221,M026,2026-08-14 05:54:00,8788.65,Delhi,0
T06664,U0283,D0321,M049,2026-08-24 09:30:00,671.78,Bangalore,0
T06665,U0344,D0136,M083,2026-08-26 05:12:00,8704.44,Delhi,0
T06666,U0401,D0481,M075,2026-08-12 15:58:00,2532.47,Bangalore,0
T06667,U0589,D0328,M092,2026-08-15 19:39:00,7486.52,Delhi,0
T06668,U0999,D0212,M059,2026-08-13 03:48:00,8898.7,Delhi,0
T06669,U0726,D0413,M099,2026-08-15 08:33:00,9965.5,Delhi,0
T06670,U0371,D0088,M051,2026-08-09 11:22:00,9720.01,Bangalore,0
T06671,U0623,D0396,M073,2026-08-20 19:54:00,150.28,Pune,0
T06672,U0995,D0251,M045,2026-08-20 06:23:00,6231.21,Bangalore,0
T06673,U0278,D0456,M072,2026-08-08 05:37:00,2146.55,Pune,0
T06674,U0189,D0142,M077,2026-08-18 08:15:00,2038.75,Bangalore,0
T06675,U0765,D0497,M047,2026-08-12 04:34:00,3646.34,Mumbai,0
T06676,U0512,D0211,M026,2026-08-12 03:24:00,390.58,Delhi,0
T06677,U0809,D0379,M041,2026-08-17 01:48:00,2824.27,Bangalore,0
T06678,U0974,D0168,M085,2026-08-10 11:42:00,9251.48,Bangalore,0
T06679,U0271,D0150,M071,2026-08-10 18:50:00,1024.84,Hyderabad,0
T06680,U0155,D0087,M063,2026-08-06 19:50:00,2084.73,Pune,0
T06681,U0695,D0147,M030,2026-08-18 11:59:00,9339.48,Chennai,0
T06682,U0978,D0104,M064,2026-08-25 01:05:00,8757.41,Pune,0
T06683,U0184,D0366,M056,2026-08-03 13:04:00,9104.48,Hyderabad,0
T06684,U0455,D0347,M062,2026-08-21 09:38:00,2253.39,Delhi,0
T06685,U0518,D0303,M088,2026-08-28 07:21:00,4526.0,Chennai,0
T06686,U0751,D0491,M093,2026-08-07 20:14:00,2781.86,Pune,0
T06687,U0488,D0402,M067,2026-08-11 18:32:00,5310.04,Bangalore,0
T06688,U0534,D0119,M094,2026-08-08 03:16:00,4911.59,Pune,0
T06689,U0343,D0467,M091,2026-08-07 06:49:00,4422.25,Hyderabad,0
T06690,U0285,D0376,M071,2026-08-05 11:33:00,5093.99,Chennai,0
T06691,U0522,D0262,M085,2026-08-20 01:26:00,7762.65,Delhi,0
T06692,U0828,D0446,M036,2026-08-16 07:35:00,9062.11,Delhi,0
T06693,U0193,D0200,M032,2026-08-24 08:39:00,1326.94,Mumbai,0
T06694,U0896,D0448,M068,2026-08-14 19:19:00,2691.84,Delhi,0
T06695,U0615,D0274,M039,2026-08-16 09:49:00,247.44,Pune,0
T06696,U0931,D0226,M091,2026-08-26 05:33:00,2889.08,Pune,0
T06697,U0268,D0441,M067,2026-08-02 09:15:00,5153.17,Chennai,0
T06698,U0821,D0206,M062,2026-08-19 12:47:00,7147.27,Bangalore,0
T06699,U0394,D0246,M029,2026-08-21 04:33:00,9334.49,Mumbai,0
T06700,U0760,D0260,M070,2026-08-17 00:48:00,6053.21,Chennai,0
T06701,U0528,D0246,M091,2026-08-24 05:54:00,870.25,Bangalore,0
T06702,U0670,D0463,M043,2026-08-07 22:37:00,4521.7,Hyderabad,0
T06703,U0458,D0304,M083,2026-08-29 13:29:00,5016.86,Mumbai,0
T06704,U0429,D0266,M099,2026-08-09 04:31:00,3762.38,Pune,0
T06705,U0271,D0140,M053,2026-08-24 09:46:00,4529.04,Hyderabad,0
T06706,U0905,D0376,M057,2026-08-22 23:02:00,6001.74,Delhi,0
T06707,U0190,D0084,M089,2026-08-03 19:51:00,7135.88,Hyderabad,0
T06708,U0523,D0383,M062,2026-08-25 21:55:00,8338.07,Delhi,0
T06709,U0855,D0453,M079,2026-08-22 00:27:00,8974.24,Pune,0
T06710,U0259,D0299,M080,2026-08-07 00:48:00,2055.03,Delhi,0
T06711,U0500,D0479,M079,2026-08-30 23:47:00,8470.0,Bangalore,0
T06712,U0308,D0244,M072,2026-08-27 16:12:00,2287.87,Bangalore,0
T06713,U0323,D0473,M083,2026-08-20 14:41:00,4522.84,Delhi,0
T06714,U0902,D0481,M028,2026-08-18 02:15:00,3081.15,Chennai,0
T06715,U0945,D0154,M088,2026-08-07 17:08:00,6827.45,Mumbai,0
T06716,U0520,D0177,M034,2026-08-13 21:08:00,8188.65,Bangalore,0
T06717,U0861,D0397,M051,2026-08-13 13:47:00,1121.87,Pune,0
T06718,U0989,D0101,M033,2026-08-16 10:15:00,2900.89,Hyderabad,0
T06719,U0495,D0360,M056,2026-08-14 04:31:00,3596.6,Delhi,0
T06720,U0495,D0262,M081,2026-08-09 12:37:00,9586.37,Mumbai,0
T06721,U0722,D0415,M053,2026-08-10 06:19:00,3792.82,Pune,0
T06722,U0646,D0434,M079,2026-08-19 21:01:00,5138.85,Delhi,0
T06723,U0991,D0476,M071,2026-08-01 08:29:00,3085.07,Pune,0
T06724,U0745,D0122,M029,2026-08-23 21:07:00,4232.01,Pune,0
T06725,U0203,D0226,M051,2026-08-04 14:47:00,4789.13,Hyderabad,0
T06726,U0488,D0424,M086,2026-08-26 10:44:00,3278.49,Chennai,0
T06727,U0246,D0396,M100,2026-08-21 18:56:00,5872.4,Chennai,0
T06728,U0551,D0360,M075,2026-08-03 02:29:00,7806.52,Delhi,0
T06729,U0849,D0200,M034,2026-08-20 03:00:00,456.86,Delhi,0
T06730,U0681,D0335,M095,2026-08-16 22:34:00,6497.67,Bangalore,0
T06731,U0241,D0093,M073,2026-08-17 22:06:00,7921.55,Delhi,0
T06732,U0352,D0381,M036,2026-08-05 05:24:00,1169.47,Chennai,0
T06733,U0328,D0098,M046,2026-08-19 11:20:00,2921.85,Bangalore,0
T06734,U0776,D0438,M050,2026-08-11 19:15:00,7105.39,Delhi,0
T06735,U0594,D0200,M089,2026-08-27 17:38:00,521.39,Bangalore,0
T06736,U0832,D0418,M056,2026-08-25 17:28:00,5649.11,Mumbai,0
T06737,U0682,D0162,M034,2026-08-26 11:13:00,5369.73,Chennai,0
T06738,U0691,D0228,M062,2026-08-21 11:17:00,5245.36,Mumbai,0
T06739,U0942,D0307,M081,2026-08-19 09:28:00,2559.81,Hyderabad,0
T06740,U0974,D0145,M027,2026-08-25 17:50:00,2402.6,Delhi,0
T06741,U0867,D0123,M049,2026-08-14 09:04:00,1944.84,Mumbai,0
T06742,U0596,D0225,M087,2026-08-13 15:45:00,1574.1,Mumbai,0
T06743,U0465,D0216,M029,2026-08-12 17:25:00,4684.69,Delhi,0
T06744,U0349,D0468,M047,2026-08-23 12:34:00,6032.78,Mumbai,0
T06745,U0567,D0198,M082,2026-08-28 00:40:00,7870.47,Hyderabad,0
T06746,U0681,D0123,M096,2026-08-22 14:08:00,4491.91,Hyderabad,0
T06747,U0430,D0388,M098,2026-08-08 16:20:00,3179.89,Delhi,0
T06748,U0607,D0415,M037,2026-08-14 22:11:00,9329.41,Hyderabad,0
T06749,U0544,D0493,M053,2026-08-26 21:32:00,6204.38,Hyderabad,0
T06750,U0406,D0123,M067,2026-08-16 00:45:00,8100.05,Mumbai,0
T06751,U0469,D0410,M044,2026-08-09 22:04:00,6189.0,Bangalore,0
T06752,U0307,D0396,M074,2026-08-27 13:09:00,7614.14,Delhi,0
T06753,U0729,D0488,M074,2026-08-13 05:01:00,7680.16,Delhi,0
T06754,U0548,D0275,M079,2026-08-24 15:16:00,732.38,Bangalore,0
T06755,U0828,D0351,M049,2026-08-07 07:56:00,5807.73,Chennai,0
T06756,U0399,D0416,M043,2026-08-13 02:51:00,3898.72,Mumbai,0
T06757,U0291,D0171,M032,2026-08-11 07:27:00,4730.33,Chennai,0
T06758,U0648,D0437,M097,2026-08-13 06:44:00,627.01,Mumbai,0
T06759,U0842,D0440,M034,2026-08-10 06:33:00,5195.34,Mumbai,0
T06760,U0459,D0437,M092,2026-08-15 20:55:00,5008.15,Chennai,0
T06761,U0203,D0211,M068,2026-08-15 22:06:00,5882.8,Pune,0
T06762,U0970,D0242,M083,2026-08-19 04:14:00,6552.09,Pune,0
T06763,U0960,D0266,M084,2026-08-23 20:46:00,3915.19,Pune,0
T06764,U0153,D0103,M071,2026-08-16 08:26:00,764.33,Pune,0
T06765,U0285,D0278,M087,2026-08-30 15:47:00,4301.06,Pune,0
T06766,U0412,D0384,M059,2026-08-10 18:39:00,9684.34,Chennai,0
T06767,U0320,D0315,M030,2026-08-17 17:33:00,4169.76,Hyderabad,0
T06768,U0595,D0257,M050,2026-08-12 10:29:00,8016.4,Chennai,0
T06769,U0194,D0107,M063,2026-08-07 20:51:00,969.02,Pune,0
T06770,U0673,D0296,M082,2026-08-12 09:07:00,4613.54,Bangalore,0
T06771,U0528,D0146,M032,2026-08-12 08:35:00,3325.39,Pune,0
T06772,U0739,D0123,M099,2026-08-25 00:22:00,3541.25,Pune,0
T06773,U0173,D0487,M069,2026-08-19 14:34:00,3803.26,Bangalore,0
T06774,U0392,D0190,M066,2026-08-25 21:49:00,3263.09,Delhi,0
T06775,U0240,D0396,M059,2026-08-09 12:50:00,9133.17,Chennai,0
T06776,U0877,D0364,M090,2026-08-22 15:41:00,9000.52,Mumbai,0
T06777,U0878,D0180,M049,2026-08-23 07:10:00,6749.02,Pune,0
T06778,U0884,D0100,M061,2026-08-06 20:44:00,2151.35,Delhi,0
T06779,U0249,D0076,M077,2026-08-02 20:17:00,9208.92,Pune,0
T06780,U0970,D0334,M035,2026-08-23 08:22:00,527.86,Hyderabad,0
T06781,U0305,D0140,M036,2026-08-25 01:31:00,2745.99,Mumbai,0
T06782,U0821,D0474,M063,2026-08-27 09:55:00,8335.65,Mumbai,0
T06783,U0521,D0392,M028,2026-08-16 04:32:00,8487.72,Mumbai,0
T06784,U0170,D0436,M049,2026-08-16 23:45:00,6202.57,Mumbai,0
T06785,U0248,D0133,M063,2026-08-10 19:27:00,3233.65,Delhi,0
T06786,U0992,D0175,M031,2026-08-15 04:54:00,9427.55,Bangalore,0
T06787,U0793,D0323,M087,2026-08-17 16:04:00,1322.68,Bangalore,0
T06788,U0589,D0115,M027,2026-08-28 02:16:00,7536.59,Chennai,0
T06789,U0262,D0281,M096,2026-08-27 17:53:00,4612.17,Hyderabad,0
T06790,U0973,D0178,M084,2026-08-06 00:24:00,2896.91,Mumbai,0
T06791,U0395,D0155,M031,2026-08-13 21:34:00,2533.71,Delhi,0
T06792,U0280,D0303,M062,2026-08-12 07:52:00,8018.51,Chennai,0
T06793,U0574,D0293,M078,2026-08-16 23:48:00,4041.62,Bangalore,0
T06794,U0330,D0189,M051,2026-08-19 06:46:00,955.83,Mumbai,0
T06795,U0515,D0249,M091,2026-08-02 00:12:00,4243.35,Chennai,0
T06796,U0407,D0308,M067,2026-08-16 02:22:00,3449.88,Mumbai,0
T06797,U0618,D0147,M032,2026-08-12 00:16:00,4111.31,Mumbai,0
T06798,U0916,D0105,M044,2026-08-21 16:38:00,7267.83,Bangalore,0
T06799,U0158,D0079,M071,2026-08-20 20:54:00,5543.61,Bangalore,0
T06800,U0587,D0372,M026,2026-08-15 12:39:00,4677.37,Bangalore,0
T06801,U0942,D0112,M048,2026-08-04 18:54:00,7008.46,Bangalore,0
T06802,U0543,D0308,M051,2026-08-09 04:51:00,9721.2,Hyderabad,0
T06803,U0969,D0483,M050,2026-08-27 03:20:00,8054.28,Pune,0
T06804,U0387,D0084,M073,2026-08-13 09:47:00,5344.28,Pune,0
T06805,U0747,D0434,M066,2026-08-04 17:27:00,8721.64,Mumbai,0
T06806,U0489,D0318,M033,2026-08-21 03:10:00,5858.65,Chennai,0
T06807,U0299,D0131,M093,2026-08-11 08:09:00,417.47,Hyderabad,0
T06808,U0331,D0278,M059,2026-08-19 18:18:00,7523.77,Hyderabad,0
T06809,U0794,D0426,M068,2026-08-06 00:33:00,5778.02,Chennai,0
T06810,U0889,D0093,M064,2026-08-04 03:10:00,8576.32,Pune,0
T06811,U0217,D0241,M065,2026-08-25 18:36:00,5093.8,Hyderabad,0
T06812,U0251,D0101,M054,2026-08-09 15:55:00,2915.89,Hyderabad,0
T06813,U0891,D0202,M054,2026-08-19 23:05:00,2110.52,Chennai,0
T06814,U0157,D0237,M087,2026-08-17 18:17:00,7029.04,Chennai,0
T06815,U0627,D0434,M032,2026-08-01 03:09:00,5818.63,Delhi,0
T06816,U0439,D0137,M077,2026-08-12 23:51:00,2409.54,Mumbai,0
T06817,U0184,D0403,M044,2026-08-05 08:44:00,7884.27,Bangalore,0
T06818,U0999,D0458,M060,2026-08-21 01:30:00,708.73,Chennai,0
T06819,U0500,D0436,M047,2026-08-26 02:42:00,8995.37,Chennai,0
T06820,U0368,D0397,M098,2026-08-22 10:07:00,1016.09,Pune,0
T06821,U0703,D0267,M074,2026-08-25 02:00:00,1173.56,Mumbai,0
T06822,U0770,D0303,M073,2026-08-02 16:12:00,3610.6,Bangalore,0
T06823,U0656,D0454,M056,2026-08-26 14:43:00,2465.9,Pune,0
T06824,U0221,D0105,M070,2026-08-17 12:35:00,8935.55,Delhi,0
T06825,U0236,D0472,M074,2026-08-28 14:32:00,7713.87,Chennai,0
T06826,U0404,D0443,M035,2026-08-23 05:09:00,5929.69,Mumbai,0
T06827,U0445,D0405,M089,2026-08-02 06:30:00,5239.41,Pune,0
T06828,U0987,D0207,M064,2026-08-02 23:08:00,3918.5,Pune,0
T06829,U0885,D0486,M063,2026-08-17 03:41:00,8297.54,Pune,0
T06830,U0493,D0368,M051,2026-08-17 18:37:00,4724.14,Pune,0
T06831,U0660,D0271,M073,2026-08-01 07:19:00,5807.84,Mumbai,0
T06832,U0335,D0082,M086,2026-08-25 11:37:00,8819.29,Hyderabad,0
T06833,U0586,D0151,M049,2026-08-21 11:42:00,1195.53,Pune,0
T06834,U0989,D0157,M078,2026-08-02 04:28:00,7624.86,Pune,0
T06835,U0824,D0272,M034,2026-08-06 12:28:00,5655.02,Delhi,0
T06836,U0171,D0454,M041,2026-08-02 04:49:00,9899.61,Chennai,0
T06837,U0597,D0077,M034,2026-08-27 19:57:00,2855.55,Delhi,0
T06838,U0154,D0493,M097,2026-08-04 01:26:00,6571.44,Bangalore,0
T06839,U0201,D0176,M043,2026-08-23 17:41:00,6933.92,Pune,0
T06840,U0323,D0346,M029,2026-08-16 16:31:00,9297.76,Pune,0
T06841,U0833,D0429,M093,2026-08-22 00:26:00,4702.9,Mumbai,0
T06842,U0658,D0477,M032,2026-08-04 20:26:00,2847.55,Delhi,0
T06843,U0626,D0144,M075,2026-08-24 01:15:00,1381.48,Bangalore,0
T06844,U0258,D0364,M068,2026-08-20 10:10:00,6510.05,Pune,0
T06845,U0765,D0281,M065,2026-08-20 18:03:00,378.9,Mumbai,0
T06846,U0611,D0179,M066,2026-08-28 01:29:00,3683.97,Pune,0
T06847,U0968,D0364,M040,2026-08-27 23:32:00,8192.61,Chennai,0
T06848,U0188,D0257,M041,2026-08-10 07:32:00,3747.11,Chennai,0
T06849,U0897,D0367,M084,2026-08-13 20:21:00,7333.01,Pune,0
T06850,U0775,D0165,M071,2026-08-03 01:01:00,582.21,Hyderabad,0
T06851,U0259,D0293,M085,2026-08-13 02:11:00,8804.88,Pune,0
T06852,U0688,D0289,M086,2026-08-09 14:35:00,3694.75,Bangalore,0
T06853,U0715,D0142,M040,2026-08-23 07:16:00,7296.69,Hyderabad,0
T06854,U0672,D0306,M062,2026-08-23 17:10:00,4566.16,Chennai,0
T06855,U0533,D0390,M068,2026-08-30 19:00:00,5545.65,Chennai,0
T06856,U0700,D0196,M073,2026-08-18 14:18:00,6083.66,Delhi,0
T06857,U0631,D0460,M041,2026-08-09 01:48:00,3571.61,Bangalore,0
T06858,U0233,D0389,M051,2026-08-03 19:15:00,7000.58,Hyderabad,0
T06859,U0587,D0403,M099,2026-08-06 14:26:00,1572.17,Mumbai,0
T06860,U0265,D0371,M037,2026-08-26 21:03:00,4260.26,Delhi,0
T06861,U0740,D0172,M052,2026-08-17 19:39:00,2465.86,Bangalore,0
T06862,U0368,D0397,M035,2026-08-12 03:57:00,7670.09,Mumbai,0
T06863,U0721,D0186,M031,2026-08-15 14:32:00,6449.8,Delhi,0
T06864,U0286,D0339,M087,2026-08-18 00:24:00,2398.21,Hyderabad,0
T06865,U0490,D0167,M080,2026-08-08 19:30:00,627.31,Delhi,0
T06866,U0842,D0217,M096,2026-08-23 08:15:00,2610.45,Delhi,0
T06867,U0277,D0134,M049,2026-08-26 10:03:00,1660.67,Delhi,0
T06868,U0831,D0377,M051,2026-08-14 05:10:00,7485.49,Bangalore,0
T06869,U0613,D0194,M099,2026-08-08 12:26:00,8026.37,Chennai,0
T06870,U0743,D0189,M036,2026-08-21 01:08:00,6483.41,Delhi,0
T06871,U0592,D0247,M027,2026-08-12 02:50:00,5719.81,Hyderabad,0
T06872,U0853,D0445,M082,2026-08-17 23:59:00,8381.33,Pune,0
T06873,U0814,D0104,M066,2026-08-15 19:42:00,9657.82,Pune,0
T06874,U0827,D0329,M087,2026-08-26 14:26:00,880.89,Hyderabad,0
T06875,U0359,D0113,M042,2026-08-14 17:03:00,2195.66,Pune,0
T06876,U0477,D0181,M070,2026-08-12 06:29:00,5078.75,Pune,0
T06877,U0229,D0111,M068,2026-08-23 12:37:00,3582.01,Delhi,0
T06878,U0295,D0311,M046,2026-08-03 06:47:00,6227.12,Delhi,0
T06879,U0186,D0451,M050,2026-08-18 07:38:00,5956.09,Hyderabad,0
T06880,U0612,D0405,M071,2026-08-20 00:14:00,1945.89,Delhi,0
T06881,U0413,D0176,M051,2026-08-27 05:49:00,1094.16,Delhi,0
T06882,U0537,D0499,M084,2026-08-01 05:12:00,8085.21,Delhi,0
T06883,U0473,D0242,M028,2026-08-19 04:37:00,5769.04,Hyderabad,0
T06884,U0384,D0472,M100,2026-08-30 06:33:00,9167.11,Hyderabad,0
T06885,U0972,D0130,M033,2026-08-04 01:40:00,254.85,Chennai,0
T06886,U0649,D0475,M086,2026-08-12 20:28:00,6260.11,Hyderabad,0
T06887,U0436,D0375,M045,2026-08-06 05:19:00,9216.14,Bangalore,0
T06888,U0260,D0344,M035,2026-08-23 23:31:00,5502.41,Pune,0
T06889,U0780,D0288,M040,2026-08-10 17:53:00,9597.91,Pune,0
T06890,U0751,D0201,M073,2026-08-21 09:39:00,9714.19,Hyderabad,0
T06891,U0366,D0346,M065,2026-08-23 21:11:00,8888.62,Bangalore,0
T06892,U0254,D0121,M067,2026-08-23 17:34:00,472.08,Chennai,0
T06893,U0457,D0310,M073,2026-08-19 00:07:00,626.79,Bangalore,0
T06894,U0572,D0222,M046,2026-08-18 11:48:00,1955.03,Hyderabad,0
T06895,U0482,D0221,M079,2026-08-08 09:40:00,132.14,Chennai,0
T06896,U0277,D0194,M069,2026-08-12 09:47:00,7951.16,Delhi,0
T06897,U0877,D0432,M047,2026-08-07 13:22:00,6669.75,Delhi,0
T06898,U0442,D0078,M088,2026-08-04 19:03:00,7532.42,Chennai,0
T06899,U0833,D0227,M055,2026-08-13 13:40:00,3910.72,Bangalore,0
T06900,U0971,D0395,M069,2026-08-12 19:06:00,4775.62,Bangalore,0
T06901,U0889,D0414,M032,2026-08-19 23:36:00,602.17,Chennai,0
T06902,U0735,D0345,M035,2026-08-03 08:13:00,4470.82,Hyderabad,0
T06903,U0261,D0276,M050,2026-08-16 08:25:00,1421.27,Hyderabad,0
T06904,U0798,D0466,M036,2026-08-09 01:40:00,104.51,Chennai,0
T06905,U0320,D0225,M039,2026-08-23 04:35:00,3445.74,Bangalore,0
T06906,U0543,D0339,M031,2026-08-28 15:24:00,3440.61,Hyderabad,0
T06907,U0831,D0500,M036,2026-08-25 01:34:00,7346.13,Hyderabad,0
T06908,U0427,D0138,M050,2026-08-10 22:28:00,6773.7,Mumbai,0
T06909,U0552,D0260,M027,2026-08-07 09:26:00,5227.1,Delhi,0
T06910,U0970,D0110,M068,2026-08-20 14:52:00,6996.76,Hyderabad,0
T06911,U0716,D0135,M082,2026-08-30 10:28:00,6164.98,Pune,0
T06912,U0533,D0448,M086,2026-08-25 23:26:00,1787.31,Bangalore,0
T06913,U0871,D0244,M048,2026-08-14 20:04:00,5967.22,Chennai,0
T06914,U0238,D0492,M100,2026-08-06 06:51:00,6466.94,Bangalore,0
T06915,U0817,D0220,M046,2026-08-26 23:03:00,5870.68,Delhi,0
T06916,U0427,D0333,M040,2026-08-14 04:58:00,1190.57,Bangalore,0
T06917,U0920,D0119,M053,2026-08-24 08:35:00,9618.63,Pune,0
T06918,U0871,D0279,M099,2026-08-27 10:41:00,1976.65,Bangalore,0
T06919,U0442,D0162,M078,2026-08-15 15:06:00,1622.98,Bangalore,0
T06920,U0999,D0159,M029,2026-08-05 22:02:00,4557.22,Bangalore,0
T06921,U0306,D0102,M090,2026-08-30 10:15:00,3096.99,Hyderabad,0
T06922,U0597,D0392,M090,2026-08-24 08:52:00,9607.53,Mumbai,0
T06923,U0563,D0262,M064,2026-08-25 17:55:00,833.62,Delhi,0
T06924,U0301,D0313,M049,2026-08-28 07:12:00,1333.78,Pune,0
T06925,U0545,D0310,M067,2026-08-28 14:38:00,9521.3,Mumbai,0
T06926,U0470,D0215,M099,2026-08-06 15:10:00,9961.83,Hyderabad,0
T06927,U0346,D0483,M045,2026-08-06 04:10:00,5641.49,Bangalore,0
T06928,U0248,D0126,M050,2026-08-03 19:19:00,5222.09,Chennai,0
T06929,U0373,D0128,M071,2026-08-19 07:47:00,8305.33,Delhi,0
T06930,U0936,D0163,M056,2026-08-14 04:33:00,1912.0,Hyderabad,0
T06931,U0883,D0082,M042,2026-08-07 17:09:00,8825.94,Pune,0
T06932,U0408,D0278,M048,2026-08-18 21:19:00,4818.47,Bangalore,0
T06933,U0795,D0200,M046,2026-08-01 10:57:00,9950.41,Hyderabad,0
T06934,U0403,D0463,M058,2026-08-08 05:35:00,2493.24,Mumbai,0
T06935,U0602,D0485,M031,2026-08-21 09:32:00,4793.46,Bangalore,0
T06936,U0469,D0471,M043,2026-08-29 04:11:00,9195.28,Chennai,0
T06937,U0818,D0400,M094,2026-08-23 11:01:00,6433.94,Mumbai,0
T06938,U0876,D0278,M086,2026-08-14 18:17:00,612.91,Delhi,0
T06939,U0868,D0331,M088,2026-08-07 02:27:00,842.88,Mumbai,0
T06940,U0816,D0249,M048,2026-08-14 07:03:00,8444.09,Bangalore,0
T06941,U0171,D0199,M053,2026-08-02 15:05:00,8836.45,Hyderabad,0
T06942,U0225,D0085,M089,2026-08-07 13:59:00,2908.21,Mumbai,0
T06943,U0974,D0146,M070,2026-08-13 14:01:00,1910.18,Hyderabad,0
T06944,U0447,D0109,M081,2026-08-25 04:55:00,5966.85,Chennai,0
T06945,U0758,D0167,M088,2026-08-20 18:28:00,7549.31,Pune,0
T06946,U0881,D0195,M100,2026-08-26 01:44:00,3258.72,Chennai,0
T06947,U0375,D0360,M039,2026-08-26 02:12:00,1775.67,Delhi,0
T06948,U0741,D0173,M074,2026-08-30 11:54:00,1997.87,Pune,0
T06949,U0792,D0161,M084,2026-08-25 23:57:00,6544.01,Delhi,0
T06950,U0172,D0320,M031,2026-08-13 11:29:00,1888.39,Chennai,0
T06951,U0511,D0309,M055,2026-08-04 14:22:00,5258.54,Delhi,0
T06952,U0527,D0372,M056,2026-08-04 05:18:00,8224.12,Pune,0
T06953,U0587,D0425,M100,2026-08-27 23:54:00,1952.15,Bangalore,0
T06954,U0817,D0173,M066,2026-08-12 08:27:00,3193.37,Mumbai,0
T06955,U0888,D0105,M070,2026-08-01 07:28:00,8169.45,Pune,0
T06956,U0154,D0329,M087,2026-08-18 01:33:00,160.69,Delhi,0
T06957,U0715,D0472,M064,2026-08-26 18:35:00,2897.27,Delhi,0
T06958,U0775,D0389,M077,2026-08-10 00:04:00,7844.16,Mumbai,0
T06959,U0537,D0334,M079,2026-08-19 20:51:00,1339.93,Bangalore,0
T06960,U0394,D0355,M027,2026-08-15 19:22:00,9128.33,Hyderabad,0
T06961,U0225,D0388,M058,2026-08-26 03:25:00,2866.79,Hyderabad,0
T06962,U0435,D0459,M047,2026-08-08 09:54:00,9012.22,Delhi,0
T06963,U0491,D0248,M038,2026-08-09 22:14:00,8189.6,Chennai,0
T06964,U0875,D0093,M067,2026-08-28 20:49:00,766.48,Hyderabad,0
T06965,U0249,D0373,M078,2026-08-10 11:22:00,6628.53,Hyderabad,0
T06966,U0263,D0458,M038,2026-08-02 04:18:00,6006.84,Mumbai,0
T06967,U0467,D0251,M039,2026-08-11 11:39:00,9775.54,Mumbai,0
T06968,U0385,D0281,M071,2026-08-28 13:15:00,197.18,Hyderabad,0
T06969,U0902,D0091,M058,2026-08-03 22:52:00,4963.24,Mumbai,0
T06970,U0296,D0148,M056,2026-08-12 20:52:00,1429.65,Pune,0
T06971,U0649,D0333,M085,2026-08-02 19:11:00,9931.16,Chennai,0
T06972,U0996,D0423,M048,2026-08-10 20:27:00,6369.68,Delhi,0
T06973,U0265,D0147,M092,2026-08-04 15:34:00,4469.35,Delhi,0
T06974,U0986,D0394,M098,2026-08-11 11:17:00,3597.72,Hyderabad,0
T06975,U0841,D0302,M066,2026-08-07 07:51:00,9546.76,Bangalore,0
T06976,U0223,D0158,M082,2026-08-15 10:26:00,9485.11,Mumbai,0
T06977,U0401,D0463,M089,2026-08-10 21:31:00,796.27,Hyderabad,0
T06978,U0771,D0181,M056,2026-08-05 18:51:00,8986.89,Delhi,0
T06979,U0666,D0282,M046,2026-08-11 22:56:00,633.0,Mumbai,0
T06980,U0900,D0468,M068,2026-08-27 11:06:00,8897.34,Pune,0
T06981,U0177,D0089,M056,2026-08-25 05:41:00,1045.7,Bangalore,0
T06982,U0400,D0436,M079,2026-08-14 13:19:00,5516.7,Hyderabad,0
T06983,U0883,D0123,M030,2026-08-03 00:38:00,1376.99,Delhi,0
T06984,U0307,D0231,M035,2026-08-12 12:09:00,334.98,Bangalore,0
T06985,U0609,D0099,M043,2026-08-24 13:34:00,2691.73,Mumbai,0
T06986,U0215,D0293,M096,2026-08-22 10:00:00,5376.29,Pune,0
T06987,U0962,D0399,M050,2026-08-09 08:40:00,7618.93,Hyderabad,0
T06988,U0732,D0386,M099,2026-08-22 18:22:00,8632.6,Bangalore,0
T06989,U0365,D0416,M042,2026-08-01 22:30:00,2873.03,Pune,0
T06990,U0469,D0416,M089,2026-08-12 15:24:00,2209.15,Chennai,0
T06991,U0465,D0232,M042,2026-08-05 18:06:00,529.54,Hyderabad,0
T06992,U0218,D0099,M028,2026-08-14 09:22:00,8450.21,Bangalore,0
T06993,U0218,D0082,M063,2026-08-06 00:43:00,2072.85,Chennai,0
T06994,U0495,D0263,M068,2026-08-21 17:12:00,5755.12,Chennai,0
T06995,U0199,D0445,M086,2026-08-07 16:16:00,6877.86,Chennai,0
T06996,U0846,D0194,M071,2026-08-20 06:18:00,7574.7,Pune,0
T06997,U0626,D0142,M036,2026-08-23 06:15:00,3839.95,Bangalore,0
T06998,U0878,D0343,M097,2026-08-27 11:45:00,5587.72,Pune,0
T06999,U0718,D0497,M084,2026-08-23 08:25:00,4292.84,Pune,0
T07000,U0599,D0265,M034,2026-08-10 21:49:00,5051.0,Mumbai,0
T07001,U0823,D0115,M042,2026-08-10 16:44:00,6104.07,Bangalore,0
T07002,U0696,D0369,M054,2026-08-28 23:26:00,4619.07,Pune,0
T07003,U0970,D0158,M031,2026-08-13 15:21:00,5116.12,Chennai,0
T07004,U0190,D0216,M072,2026-08-06 07:41:00,5910.59,Hyderabad,0
T07005,U0500,D0454,M090,2026-08-19 15:42:00,9300.99,Bangalore,0
T07006,U0811,D0453,M084,2026-08-11 03:57:00,2877.44,Delhi,0
T07007,U0719,D0427,M029,2026-08-23 16:38:00,9622.22,Delhi,0
T07008,U0824,D0282,M065,2026-08-02 19:44:00,2554.95,Pune,0
T07009,U0965,D0130,M070,2026-08-23 01:09:00,8068.09,Delhi,0
T07010,U0490,D0393,M050,2026-08-26 21:12:00,1149.83,Delhi,0
T07011,U0803,D0242,M056,2026-08-18 19:24:00,7230.9,Bangalore,0
T07012,U0521,D0218,M065,2026-08-28 08:23:00,1993.01,Chennai,0
T07013,U0748,D0169,M083,2026-08-04 16:38:00,6775.29,Hyderabad,0
T07014,U0408,D0091,M078,2026-08-11 08:55:00,5213.96,Mumbai,0
T07015,U0618,D0080,M043,2026-08-03 11:34:00,7414.93,Pune,0
T07016,U0227,D0469,M071,2026-08-09 23:24:00,4640.5,Pune,0
T07017,U0436,D0171,M033,2026-08-16 18:19:00,3654.51,Pune,0
T07018,U0507,D0444,M069,2026-08-10 23:15:00,6770.32,Hyderabad,0
T07019,U0440,D0464,M030,2026-08-21 11:42:00,7612.56,Delhi,0
T07020,U0876,D0379,M078,2026-08-21 18:06:00,4733.04,Delhi,0
T07021,U0689,D0351,M047,2026-08-30 07:47:00,7186.49,Pune,0
T07022,U0289,D0485,M039,2026-08-02 10:10:00,7428.65,Mumbai,0
T07023,U0949,D0147,M027,2026-08-13 14:48:00,314.47,Delhi,0
T07024,U0468,D0329,M034,2026-08-06 16:18:00,7844.68,Hyderabad,0
T07025,U0563,D0130,M082,2026-08-17 16:55:00,6719.8,Delhi,0
T07026,U0860,D0083,M061,2026-08-05 07:31:00,9431.85,Bangalore,0
T07027,U0861,D0235,M096,2026-08-20 10:58:00,4147.66,Bangalore,0
T07028,U0685,D0290,M058,2026-08-13 10:38:00,1574.46,Mumbai,0
T07029,U0280,D0470,M063,2026-08-14 16:21:00,8254.88,Mumbai,0
T07030,U0211,D0432,M059,2026-08-26 14:53:00,5531.28,Mumbai,0
T07031,U0235,D0134,M028,2026-08-06 08:18:00,5070.6,Mumbai,0
T07032,U0948,D0083,M055,2026-08-12 00:32:00,1654.6,Mumbai,0
T07033,U0946,D0100,M062,2026-08-14 08:51:00,2318.88,Bangalore,0
T07034,U0625,D0201,M043,2026-08-15 00:22:00,8417.06,Pune,0
T07035,U0584,D0471,M093,2026-08-26 18:32:00,9919.59,Mumbai,0
T07036,U0824,D0207,M033,2026-08-10 17:30:00,6426.96,Bangalore,0
T07037,U0418,D0484,M055,2026-08-24 08:47:00,9827.86,Mumbai,0
T07038,U0603,D0395,M090,2026-08-27 20:18:00,5776.81,Hyderabad,0
T07039,U0564,D0369,M046,2026-08-13 21:47:00,4724.45,Hyderabad,0
T07040,U0691,D0138,M039,2026-08-09 17:19:00,685.96,Delhi,0
T07041,U0587,D0469,M062,2026-08-12 03:40:00,1445.4,Bangalore,0
T07042,U0984,D0211,M071,2026-08-18 05:55:00,8174.35,Bangalore,0
T07043,U0673,D0479,M041,2026-08-08 13:22:00,4690.79,Delhi,0
T07044,U0233,D0494,M086,2026-08-03 14:06:00,313.58,Hyderabad,0
T07045,U0398,D0464,M084,2026-08-13 07:47:00,2058.32,Chennai,0
T07046,U0513,D0271,M086,2026-08-14 11:19:00,380.51,Pune,0
T07047,U0489,D0183,M074,2026-08-07 06:48:00,3220.5,Pune,0
T07048,U0838,D0155,M052,2026-08-06 14:51:00,823.09,Hyderabad,0
T07049,U0415,D0131,M034,2026-08-06 04:01:00,5959.54,Bangalore,0
T07050,U0806,D0146,M029,2026-08-18 06:09:00,214.64,Bangalore,0
T07051,U0404,D0453,M077,2026-08-30 13:33:00,5872.27,Bangalore,0
T07052,U0953,D0092,M072,2026-08-06 20:27:00,1847.71,Pune,0
T07053,U0467,D0211,M046,2026-08-30 10:24:00,8659.63,Mumbai,0
T07054,U0820,D0201,M072,2026-08-10 02:38:00,5649.33,Pune,0
T07055,U0290,D0237,M080,2026-08-06 10:59:00,1324.57,Mumbai,0
T07056,U0262,D0426,M066,2026-08-29 06:29:00,5751.67,Delhi,0
T07057,U0469,D0214,M044,2026-08-19 19:12:00,7941.85,Bangalore,0
T07058,U0697,D0216,M068,2026-08-15 07:36:00,2175.58,Hyderabad,0
T07059,U0699,D0154,M077,2026-08-25 02:51:00,1359.8,Pune,0
T07060,U0790,D0264,M033,2026-08-25 07:06:00,1154.02,Delhi,0
T07061,U0745,D0494,M065,2026-08-02 10:17:00,1911.43,Chennai,0
T07062,U0287,D0175,M070,2026-08-26 06:22:00,3767.34,Chennai,0
T07063,U0996,D0254,M091,2026-08-03 13:07:00,6967.28,Pune,0
T07064,U0905,D0397,M068,2026-08-30 08:20:00,1796.81,Delhi,0
T07065,U0181,D0248,M029,2026-08-23 13:35:00,3229.91,Mumbai,0
T07066,U0884,D0416,M091,2026-08-05 00:09:00,5900.5,Pune,0
T07067,U0991,D0306,M053,2026-08-17 09:59:00,2666.55,Hyderabad,0
T07068,U0285,D0259,M049,2026-08-13 18:22:00,7067.07,Mumbai,0
T07069,U0655,D0326,M087,2026-08-12 12:27:00,2924.21,Hyderabad,0
T07070,U0730,D0275,M059,2026-08-27 17:29:00,2528.29,Hyderabad,0
T07071,U0588,D0220,M032,2026-08-03 05:18:00,4404.13,Mumbai,0
T07072,U0732,D0348,M091,2026-08-07 04:14:00,3962.73,Delhi,0
T07073,U0595,D0140,M084,2026-08-17 13:45:00,8081.65,Chennai,0
T07074,U0659,D0312,M055,2026-08-26 14:22:00,3581.2,Pune,0
T07075,U0448,D0410,M074,2026-08-01 22:36:00,5869.81,Chennai,0
T07076,U0275,D0087,M058,2026-08-02 02:36:00,4731.11,Hyderabad,0
T07077,U0410,D0490,M071,2026-08-10 00:23:00,6070.22,Bangalore,0
T07078,U0245,D0462,M081,2026-08-03 18:01:00,5777.7,Delhi,0
T07079,U0984,D0189,M044,2026-08-29 18:34:00,7457.41,Mumbai,0
T07080,U0182,D0301,M098,2026-08-07 12:32:00,4031.68,Chennai,0
T07081,U0520,D0418,M039,2026-08-22 16:55:00,3036.82,Bangalore,0
T07082,U0853,D0277,M033,2026-08-10 21:41:00,1403.79,Bangalore,0
T07083,U0815,D0498,M055,2026-08-27 14:25:00,3041.75,Pune,0
T07084,U0800,D0381,M091,2026-08-25 04:10:00,2660.7,Hyderabad,0
T07085,U0309,D0311,M097,2026-08-27 02:05:00,3639.13,Pune,0
T07086,U0399,D0294,M037,2026-08-23 17:27:00,5956.15,Hyderabad,0
T07087,U0734,D0288,M059,2026-08-16 07:08:00,9271.92,Hyderabad,0
T07088,U0770,D0433,M071,2026-08-29 08:40:00,3604.99,Mumbai,0
T07089,U0901,D0335,M040,2026-08-08 21:17:00,4541.39,Chennai,0
T07090,U0894,D0131,M089,2026-08-14 02:27:00,6842.43,Pune,0
T07091,U0971,D0149,M082,2026-08-05 20:17:00,5337.93,Chennai,0
T07092,U0299,D0425,M061,2026-08-02 01:51:00,1697.87,Delhi,0
T07093,U0364,D0277,M042,2026-08-22 15:41:00,3935.88,Mumbai,0
T07094,U0569,D0493,M060,2026-08-02 09:12:00,7687.81,Hyderabad,0
T07095,U0192,D0218,M075,2026-08-16 07:23:00,6671.42,Bangalore,0
T07096,U0233,D0159,M096,2026-08-18 04:37:00,2390.92,Bangalore,0
T07097,U0276,D0084,M070,2026-08-01 07:09:00,9383.46,Pune,0
T07098,U0974,D0143,M094,2026-08-28 10:44:00,1703.16,Mumbai,0
T07099,U0944,D0408,M063,2026-08-29 23:09:00,3451.25,Hyderabad,0
T07100,U0324,D0482,M093,2026-08-07 03:16:00,4479.3,Mumbai,0
T07101,U0653,D0322,M060,2026-08-09 07:24:00,2142.15,Chennai,0
T07102,U0476,D0433,M059,2026-08-10 21:02:00,9115.47,Chennai,0
T07103,U0990,D0403,M084,2026-08-09 19:22:00,7340.95,Chennai,0
T07104,U0883,D0301,M092,2026-08-10 19:52:00,6118.32,Pune,0
T07105,U0743,D0171,M036,2026-08-16 16:31:00,1284.97,Bangalore,0
T07106,U0292,D0270,M026,2026-08-23 06:54:00,4466.12,Chennai,0
T07107,U0220,D0207,M050,2026-08-29 13:58:00,6303.74,Pune,0
T07108,U0685,D0273,M098,2026-08-18 09:57:00,9715.38,Hyderabad,0
T07109,U0372,D0330,M034,2026-08-17 10:31:00,9035.78,Mumbai,0
T07110,U0405,D0133,M029,2026-08-17 04:57:00,1897.0,Delhi,0
T07111,U0732,D0362,M050,2026-08-03 23:32:00,5605.53,Chennai,0
T07112,U0182,D0416,M098,2026-08-17 10:41:00,612.22,Delhi,0
T07113,U0365,D0195,M085,2026-08-21 10:44:00,8514.91,Chennai,0
T07114,U0258,D0142,M086,2026-08-09 18:33:00,8901.97,Hyderabad,0
T07115,U0238,D0455,M065,2026-08-24 12:54:00,3464.87,Chennai,0
T07116,U0851,D0429,M084,2026-08-17 23:32:00,6104.72,Pune,0
T07117,U0178,D0345,M045,2026-08-19 17:59:00,5486.7,Bangalore,0
T07118,U0151,D0387,M033,2026-08-22 11:37:00,1592.36,Bangalore,0
T07119,U0725,D0411,M087,2026-08-04 21:16:00,8726.97,Bangalore,0
T07120,U0685,D0375,M061,2026-08-16 19:12:00,1881.88,Delhi,0
T07121,U0809,D0434,M067,2026-08-26 22:50:00,4193.91,Bangalore,0
T07122,U0285,D0196,M052,2026-08-04 10:20:00,8147.31,Delhi,0
T07123,U0949,D0395,M092,2026-08-22 03:25:00,9466.15,Bangalore,0
T07124,U0622,D0260,M083,2026-08-29 06:21:00,392.61,Chennai,0
T07125,U0352,D0083,M096,2026-08-24 22:17:00,5430.45,Mumbai,0
T07126,U0154,D0385,M062,2026-08-04 01:13:00,4702.08,Bangalore,0
T07127,U0324,D0483,M061,2026-08-06 12:59:00,9473.49,Bangalore,0
T07128,U0199,D0303,M091,2026-08-29 10:57:00,5507.97,Mumbai,0
T07129,U0816,D0254,M092,2026-08-23 01:18:00,3312.96,Pune,0
T07130,U0705,D0249,M026,2026-08-27 17:55:00,3453.92,Bangalore,0
T07131,U0461,D0247,M031,2026-08-14 12:02:00,6224.27,Mumbai,0
T07132,U0331,D0203,M076,2026-08-19 18:20:00,6258.04,Pune,0
T07133,U0553,D0141,M083,2026-08-09 02:24:00,5066.88,Hyderabad,0
T07134,U0257,D0352,M041,2026-08-14 02:36:00,7695.0,Chennai,0
T07135,U0191,D0233,M054,2026-08-30 15:23:00,5579.08,Pune,0
T07136,U0482,D0099,M059,2026-08-19 06:23:00,1547.74,Mumbai,0
T07137,U0546,D0209,M050,2026-08-14 11:11:00,6087.26,Chennai,0
T07138,U0738,D0222,M039,2026-08-20 09:01:00,7862.7,Pune,0
T07139,U0921,D0269,M083,2026-08-12 16:04:00,9689.66,Mumbai,0
T07140,U0720,D0423,M097,2026-08-20 02:10:00,5680.03,Pune,0
T07141,U0864,D0260,M094,2026-08-15 07:41:00,4520.53,Delhi,0
T07142,U0228,D0460,M037,2026-08-03 11:38:00,4013.39,Mumbai,0
T07143,U0619,D0404,M045,2026-08-20 12:21:00,2968.0,Bangalore,0
T07144,U0667,D0305,M056,2026-08-30 17:22:00,5832.73,Delhi,0
T07145,U0776,D0238,M053,2026-08-21 16:27:00,4779.83,Bangalore,0
T07146,U0314,D0218,M099,2026-08-10 16:23:00,8800.26,Bangalore,0
T07147,U0592,D0455,M060,2026-08-17 05:15:00,6790.31,Delhi,0
T07148,U0685,D0151,M059,2026-08-12 05:37:00,9867.0,Mumbai,0
T07149,U0710,D0083,M060,2026-08-21 01:01:00,127.16,Bangalore,0
T07150,U0645,D0397,M051,2026-08-18 16:52:00,3511.15,Delhi,0
T07151,U0608,D0267,M076,2026-08-27 09:24:00,1866.5,Mumbai,0
T07152,U0864,D0377,M043,2026-08-03 06:48:00,8353.43,Chennai,0
T07153,U0835,D0447,M046,2026-08-22 08:57:00,9533.01,Hyderabad,0
T07154,U0945,D0330,M041,2026-08-07 09:59:00,3705.64,Mumbai,0
T07155,U0340,D0113,M045,2026-08-12 08:09:00,148.11,Delhi,0
T07156,U0950,D0250,M084,2026-08-24 00:37:00,8638.97,Hyderabad,0
T07157,U0957,D0376,M040,2026-08-17 17:18:00,2417.87,Pune,0
T07158,U0463,D0168,M069,2026-08-18 16:11:00,3868.51,Bangalore,0
T07159,U0745,D0352,M026,2026-08-16 04:25:00,9177.05,Delhi,0
T07160,U0368,D0284,M031,2026-08-10 08:30:00,405.18,Hyderabad,0
T07161,U0225,D0496,M057,2026-08-29 23:38:00,4116.06,Pune,0
T07162,U0344,D0140,M091,2026-08-15 16:59:00,4393.46,Delhi,0
T07163,U0424,D0391,M082,2026-08-21 01:53:00,8182.03,Bangalore,0
T07164,U0905,D0331,M031,2026-08-20 09:30:00,535.37,Mumbai,0
T07165,U0429,D0269,M038,2026-08-13 15:38:00,7893.08,Chennai,0
T07166,U0606,D0092,M032,2026-08-13 15:24:00,7359.23,Bangalore,0
T07167,U0898,D0414,M088,2026-08-15 01:22:00,8928.2,Hyderabad,0
T07168,U0352,D0274,M097,2026-08-20 22:03:00,916.24,Pune,0
T07169,U0803,D0498,M074,2026-08-11 20:21:00,5086.97,Pune,0
T07170,U0620,D0299,M049,2026-08-04 14:39:00,9074.8,Mumbai,0
T07171,U0875,D0326,M064,2026-08-01 06:47:00,7416.63,Hyderabad,0
T07172,U0534,D0332,M081,2026-08-20 12:40:00,1307.2,Chennai,0
T07173,U0448,D0465,M095,2026-08-23 17:33:00,3145.3,Hyderabad,0
T07174,U0325,D0326,M090,2026-08-17 10:54:00,8835.55,Pune,0
T07175,U0216,D0204,M039,2026-08-28 12:07:00,5080.82,Mumbai,0
T07176,U0328,D0290,M052,2026-08-12 18:03:00,6891.89,Chennai,0
T07177,U0235,D0400,M046,2026-08-07 04:56:00,2129.05,Chennai,0
T07178,U0741,D0375,M093,2026-08-08 05:54:00,1314.46,Delhi,0
T07179,U0955,D0088,M027,2026-08-21 23:33:00,7016.9,Bangalore,0
T07180,U0367,D0146,M026,2026-08-14 04:10:00,7211.91,Delhi,0
T07181,U0415,D0475,M070,2026-08-20 02:39:00,4588.46,Mumbai,0
T07182,U0223,D0262,M060,2026-08-06 00:39:00,7367.47,Mumbai,0
T07183,U0816,D0432,M074,2026-08-18 18:37:00,169.96,Hyderabad,0
T07184,U0578,D0356,M055,2026-08-27 05:56:00,936.74,Bangalore,0
T07185,U0562,D0427,M065,2026-08-17 20:46:00,4457.69,Mumbai,0
T07186,U0654,D0478,M083,2026-08-19 04:21:00,9328.91,Mumbai,0
T07187,U0887,D0297,M075,2026-08-19 05:51:00,8627.14,Mumbai,0
T07188,U0554,D0099,M097,2026-08-17 01:20:00,1344.65,Delhi,0
T07189,U0838,D0453,M069,2026-08-30 03:52:00,1482.82,Mumbai,0
T07190,U0469,D0244,M067,2026-08-09 10:07:00,799.04,Hyderabad,0
T07191,U0214,D0223,M099,2026-08-29 08:42:00,5419.13,Mumbai,0
T07192,U0692,D0144,M097,2026-08-23 19:31:00,4927.74,Chennai,0
T07193,U0630,D0260,M064,2026-08-13 13:19:00,1503.26,Bangalore,0
T07194,U0592,D0115,M096,2026-08-17 11:11:00,6954.18,Mumbai,0
T07195,U0772,D0163,M094,2026-08-22 06:32:00,7858.0,Chennai,0
T07196,U0811,D0345,M081,2026-08-13 13:03:00,443.54,Mumbai,0
T07197,U0970,D0321,M043,2026-08-14 21:27:00,4207.37,Mumbai,0
T07198,U0358,D0375,M030,2026-08-12 04:25:00,1706.05,Bangalore,0
T07199,U0414,D0202,M033,2026-08-09 19:52:00,980.72,Pune,0
T07200,U0345,D0366,M056,2026-08-12 00:07:00,8225.89,Bangalore,0
T07201,U0262,D0133,M091,2026-08-12 23:05:00,6718.98,Mumbai,0
T07202,U0513,D0204,M090,2026-08-25 04:50:00,3301.49,Delhi,0
T07203,U0661,D0239,M073,2026-08-07 01:44:00,6995.64,Hyderabad,0
T07204,U0308,D0367,M076,2026-08-05 17:58:00,3501.67,Hyderabad,0
T07205,U0348,D0286,M084,2026-08-12 12:17:00,3529.78,Pune,0
T07206,U0686,D0184,M066,2026-08-04 07:34:00,9380.85,Delhi,0
T07207,U0710,D0178,M090,2026-08-21 18:22:00,7154.93,Bangalore,0
T07208,U0823,D0199,M068,2026-08-16 21:18:00,9691.91,Mumbai,0
T07209,U0783,D0297,M057,2026-08-30 21:40:00,9871.38,Delhi,0
T07210,U0880,D0488,M099,2026-08-17 04:11:00,7134.85,Pune,0
T07211,U0701,D0299,M058,2026-08-04 02:35:00,4693.36,Delhi,0
T07212,U0295,D0243,M075,2026-08-03 02:08:00,6955.76,Delhi,0
T07213,U0780,D0459,M100,2026-08-06 01:04:00,7771.64,Pune,0
T07214,U0593,D0142,M059,2026-08-20 07:44:00,9349.29,Hyderabad,0
T07215,U0800,D0316,M079,2026-08-08 15:37:00,5959.92,Mumbai,0
T07216,U0971,D0426,M094,2026-08-13 22:09:00,1460.14,Delhi,0
T07217,U0521,D0135,M088,2026-08-27 20:16:00,4629.99,Mumbai,0
T07218,U0643,D0365,M032,2026-08-05 02:48:00,8145.26,Bangalore,0
T07219,U0285,D0411,M089,2026-08-04 12:11:00,6106.5,Bangalore,0
T07220,U0846,D0478,M066,2026-08-06 18:56:00,8383.18,Chennai,0
T07221,U0703,D0414,M084,2026-08-08 05:30:00,1098.51,Chennai,0
T07222,U0278,D0473,M072,2026-08-29 23:42:00,844.79,Bangalore,0
T07223,U0800,D0216,M071,2026-08-18 10:00:00,1798.07,Hyderabad,0
T07224,U0986,D0446,M060,2026-08-19 23:33:00,6917.42,Chennai,0
T07225,U0187,D0124,M076,2026-08-16 07:38:00,4307.73,Chennai,0
T07226,U0798,D0481,M056,2026-08-28 09:08:00,2200.16,Pune,0
T07227,U0512,D0094,M092,2026-08-08 02:01:00,2950.69,Pune,0
T07228,U0285,D0272,M042,2026-08-15 16:50:00,2481.77,Delhi,0
T07229,U0244,D0217,M027,2026-08-11 16:42:00,631.18,Mumbai,0
T07230,U0472,D0236,M093,2026-08-13 22:00:00,748.9,Hyderabad,0
T07231,U0314,D0107,M044,2026-08-13 21:12:00,5339.27,Chennai,0
T07232,U0922,D0253,M032,2026-08-23 04:52:00,2872.2,Bangalore,0
T07233,U0929,D0457,M053,2026-08-12 05:31:00,9422.44,Delhi,0
T07234,U0206,D0375,M098,2026-08-28 16:12:00,7933.05,Bangalore,0
T07235,U0294,D0211,M060,2026-08-01 04:16:00,3092.57,Chennai,0
T07236,U0239,D0088,M027,2026-08-22 07:14:00,4893.74,Pune,0
T07237,U0721,D0165,M056,2026-08-15 22:51:00,7055.78,Chennai,0
T07238,U0283,D0463,M088,2026-08-22 14:30:00,6333.04,Chennai,0
T07239,U0652,D0299,M071,2026-08-16 14:48:00,2646.83,Mumbai,0
T07240,U0217,D0300,M042,2026-08-21 04:45:00,3633.98,Chennai,0
T07241,U0496,D0240,M065,2026-08-26 08:50:00,9274.85,Hyderabad,0
T07242,U0630,D0125,M049,2026-08-18 17:35:00,4122.24,Bangalore,0
T07243,U0498,D0425,M057,2026-08-27 09:37:00,2249.84,Delhi,0
T07244,U0913,D0141,M060,2026-08-09 03:46:00,4680.45,Bangalore,0
T07245,U0293,D0111,M070,2026-08-03 16:18:00,9344.0,Bangalore,0
T07246,U0363,D0206,M054,2026-08-29 23:19:00,2570.65,Bangalore,0
T07247,U0598,D0156,M086,2026-08-29 03:49:00,8561.31,Delhi,0
T07248,U0778,D0405,M068,2026-08-23 22:46:00,1891.26,Hyderabad,0
T07249,U0982,D0304,M086,2026-08-09 14:22:00,2230.66,Delhi,0
T07250,U0222,D0143,M031,2026-08-11 01:26:00,4554.23,Bangalore,0
T07251,U0856,D0383,M040,2026-08-07 17:41:00,9865.33,Hyderabad,0
T07252,U0764,D0200,M098,2026-08-17 12:05:00,3219.08,Pune,0
T07253,U0240,D0223,M049,2026-08-04 20:03:00,7918.73,Bangalore,0
T07254,U0582,D0420,M049,2026-08-09 01:37:00,432.6,Pune,0
T07255,U0551,D0410,M067,2026-08-28 05:13:00,979.54,Bangalore,0
T07256,U0885,D0217,M058,2026-08-09 15:04:00,3999.35,Chennai,0
T07257,U0552,D0212,M063,2026-08-12 10:08:00,2181.63,Chennai,0
T07258,U0917,D0474,M098,2026-08-20 01:00:00,5923.57,Hyderabad,0
T07259,U0301,D0156,M026,2026-08-29 17:48:00,658.11,Pune,0
T07260,U0304,D0160,M082,2026-08-19 02:41:00,7206.25,Chennai,0
T07261,U0477,D0156,M085,2026-08-24 03:32:00,564.88,Pune,0
T07262,U0670,D0304,M095,2026-08-15 13:05:00,6719.68,Bangalore,0
T07263,U0208,D0384,M053,2026-08-09 13:44:00,5450.03,Hyderabad,0
T07264,U0374,D0096,M027,2026-08-02 23:37:00,5921.22,Bangalore,0
T07265,U0832,D0292,M053,2026-08-29 20:38:00,9757.15,Hyderabad,0
T07266,U0677,D0450,M080,2026-08-30 08:56:00,9577.67,Mumbai,0
T07267,U0489,D0221,M077,2026-08-17 19:47:00,5560.14,Bangalore,0
T07268,U0641,D0160,M096,2026-08-30 22:47:00,3159.76,Mumbai,0
T07269,U0820,D0090,M056,2026-08-14 03:59:00,2814.76,Mumbai,0
T07270,U0804,D0186,M054,2026-08-09 08:46:00,7146.2,Mumbai,0
T07271,U0513,D0408,M078,2026-08-25 01:06:00,2921.95,Bangalore,0
T07272,U0493,D0227,M078,2026-08-10 03:12:00,3395.68,Mumbai,0
T07273,U0471,D0329,M052,2026-08-15 06:30:00,9731.39,Bangalore,0
T07274,U0988,D0339,M072,2026-08-05 22:12:00,7897.32,Mumbai,0
T07275,U0556,D0367,M075,2026-08-17 08:05:00,7065.99,Delhi,0
T07276,U0520,D0372,M078,2026-08-15 21:23:00,7911.78,Bangalore,0
T07277,U0193,D0478,M055,2026-08-10 23:07:00,4532.26,Hyderabad,0
T07278,U0308,D0169,M098,2026-08-18 23:37:00,7393.96,Delhi,0
T07279,U0413,D0402,M043,2026-08-05 00:25:00,186.18,Chennai,0
T07280,U0339,D0141,M067,2026-08-05 05:07:00,7350.29,Hyderabad,0
T07281,U0512,D0321,M073,2026-08-10 00:13:00,4586.28,Chennai,0
T07282,U0386,D0324,M076,2026-08-19 19:20:00,546.23,Bangalore,0
T07283,U0442,D0149,M080,2026-08-14 23:12:00,2218.64,Chennai,0
T07284,U0784,D0317,M031,2026-08-25 19:25:00,867.04,Mumbai,0
T07285,U0309,D0167,M097,2026-08-07 11:54:00,1306.41,Delhi,0
T07286,U0948,D0178,M072,2026-08-30 01:16:00,7596.37,Hyderabad,0
T07287,U0838,D0173,M045,2026-08-08 13:31:00,6112.82,Hyderabad,0
T07288,U0184,D0120,M065,2026-08-26 20:09:00,4001.82,Chennai,0
T07289,U0721,D0209,M029,2026-08-21 23:23:00,8072.08,Pune,0
T07290,U0812,D0417,M068,2026-08-10 00:25:00,6074.23,Delhi,0
T07291,U0630,D0351,M053,2026-08-30 20:49:00,3011.17,Mumbai,0
T07292,U0563,D0310,M029,2026-08-03 06:56:00,9513.75,Mumbai,0
T07293,U0668,D0155,M065,2026-08-14 19:26:00,4052.46,Mumbai,0
T07294,U0537,D0387,M065,2026-08-26 13:51:00,2297.61,Pune,0
T07295,U0990,D0078,M098,2026-08-29 20:15:00,3162.04,Delhi,0
T07296,U0569,D0334,M046,2026-08-17 04:49:00,9063.68,Bangalore,0
T07297,U0693,D0243,M068,2026-08-27 08:43:00,1889.6,Pune,0
T07298,U0588,D0160,M099,2026-08-22 16:42:00,7948.29,Mumbai,0
T07299,U0540,D0365,M044,2026-08-10 14:09:00,8091.22,Chennai,0
T07300,U0486,D0305,M046,2026-08-23 04:51:00,2525.97,Hyderabad,0
T07301,U0886,D0499,M078,2026-08-25 14:08:00,8218.37,Delhi,0
T07302,U0879,D0160,M086,2026-08-03 11:54:00,7303.79,Hyderabad,0
T07303,U0629,D0166,M050,2026-08-11 23:11:00,2607.82,Hyderabad,0
T07304,U0591,D0289,M076,2026-08-05 19:04:00,555.13,Bangalore,0
T07305,U0456,D0382,M075,2026-08-04 22:57:00,5513.78,Mumbai,0
T07306,U0676,D0278,M047,2026-08-23 20:29:00,8156.18,Mumbai,0
T07307,U0926,D0454,M092,2026-08-24 17:55:00,9561.72,Delhi,0
T07308,U0324,D0215,M058,2026-08-28 11:48:00,8951.92,Hyderabad,0
T07309,U0170,D0462,M057,2026-08-30 13:59:00,6790.77,Delhi,0
T07310,U0519,D0118,M092,2026-08-20 10:39:00,6253.67,Hyderabad,0
T07311,U0578,D0485,M037,2026-08-11 10:43:00,6705.49,Hyderabad,0
T07312,U0199,D0363,M095,2026-08-11 08:52:00,6984.49,Chennai,0
T07313,U0254,D0354,M057,2026-08-25 18:41:00,373.83,Mumbai,0
T07314,U0744,D0455,M050,2026-08-13 04:34:00,4742.27,Delhi,0
T07315,U0220,D0487,M043,2026-08-30 08:57:00,8342.53,Chennai,0
T07316,U0656,D0328,M057,2026-08-29 17:55:00,9700.34,Delhi,0
T07317,U0977,D0077,M037,2026-08-08 04:18:00,1683.44,Bangalore,0
T07318,U0229,D0273,M053,2026-08-05 08:38:00,5061.62,Hyderabad,0
T07319,U0335,D0091,M026,2026-08-29 13:03:00,1617.57,Delhi,0
T07320,U0252,D0262,M045,2026-08-10 20:12:00,824.64,Chennai,0
T07321,U0399,D0492,M076,2026-08-29 23:56:00,7622.62,Chennai,0
T07322,U0846,D0110,M063,2026-08-01 05:19:00,5977.11,Chennai,0
T07323,U0232,D0161,M088,2026-08-03 01:41:00,1917.55,Bangalore,0
T07324,U0713,D0380,M080,2026-08-23 00:33:00,1954.25,Bangalore,0
T07325,U0338,D0394,M070,2026-08-28 12:09:00,279.86,Chennai,0
T07326,U0251,D0415,M084,2026-08-23 02:47:00,6392.48,Mumbai,0
T07327,U0740,D0433,M027,2026-08-01 08:31:00,7021.65,Pune,0
T07328,U0258,D0411,M100,2026-08-30 01:47:00,9977.08,Pune,0
T07329,U0232,D0313,M074,2026-08-16 14:22:00,8444.66,Chennai,0
T07330,U0991,D0463,M048,2026-08-14 09:09:00,8514.37,Delhi,0
T07331,U0395,D0207,M053,2026-08-24 05:23:00,9105.74,Mumbai,0
T07332,U0267,D0266,M035,2026-08-15 05:27:00,2918.31,Mumbai,0
T07333,U0462,D0298,M040,2026-08-06 04:02:00,4705.44,Pune,0
T07334,U0210,D0442,M096,2026-08-21 13:55:00,206.87,Mumbai,0
T07335,U0295,D0348,M049,2026-08-02 12:14:00,8453.28,Bangalore,0
T07336,U0198,D0395,M056,2026-08-30 21:23:00,9913.51,Pune,0
T07337,U0683,D0080,M095,2026-08-10 04:45:00,2902.02,Pune,0
T07338,U0732,D0404,M040,2026-08-09 03:12:00,8390.02,Chennai,0
T07339,U0266,D0270,M027,2026-08-02 03:18:00,3809.11,Delhi,0
T07340,U0878,D0185,M048,2026-08-13 01:46:00,7009.15,Delhi,0
T07341,U0390,D0147,M070,2026-08-09 12:08:00,7142.85,Mumbai,0
T07342,U0315,D0260,M044,2026-08-30 20:01:00,8702.56,Chennai,0
T07343,U0241,D0188,M040,2026-08-05 11:50:00,4422.86,Delhi,0
T07344,U0505,D0447,M063,2026-08-08 12:54:00,5338.41,Pune,0
T07345,U0371,D0161,M075,2026-08-23 11:41:00,6828.37,Bangalore,0
T07346,U0918,D0463,M036,2026-08-19 05:52:00,4514.75,Bangalore,0
T07347,U0266,D0487,M081,2026-08-22 07:29:00,7967.19,Pune,0
T07348,U0700,D0286,M043,2026-08-28 04:57:00,169.89,Hyderabad,0
T07349,U0249,D0246,M050,2026-08-24 01:59:00,4030.07,Hyderabad,0
T07350,U0923,D0162,M081,2026-08-21 03:14:00,2415.23,Bangalore,0
T07351,U0325,D0163,M031,2026-08-28 23:30:00,5776.39,Bangalore,0
T07352,U0645,D0427,M069,2026-08-10 11:58:00,6443.09,Bangalore,0
T07353,U0440,D0420,M027,2026-08-17 10:19:00,7940.21,Bangalore,0
T07354,U0773,D0343,M061,2026-08-04 09:06:00,700.42,Hyderabad,0
T07355,U0179,D0305,M067,2026-08-15 13:13:00,126.03,Hyderabad,0
T07356,U0664,D0239,M046,2026-08-25 22:17:00,2983.01,Mumbai,0
T07357,U0608,D0107,M055,2026-08-23 14:23:00,5091.66,Mumbai,0
T07358,U0613,D0388,M088,2026-08-03 06:04:00,7364.98,Delhi,0
T07359,U0821,D0447,M055,2026-08-02 01:52:00,6539.07,Mumbai,0
T07360,U0430,D0413,M063,2026-08-02 20:03:00,3463.45,Delhi,0
T07361,U0388,D0240,M067,2026-08-01 08:29:00,933.69,Chennai,0
T07362,U0603,D0161,M084,2026-08-30 04:24:00,5989.94,Mumbai,0
T07363,U0399,D0447,M043,2026-08-25 23:06:00,1955.24,Bangalore,0
T07364,U0271,D0429,M096,2026-08-11 18:03:00,1391.32,Hyderabad,0
T07365,U0261,D0122,M046,2026-08-03 21:02:00,8281.53,Hyderabad,0
T07366,U0179,D0294,M051,2026-08-18 10:43:00,5388.22,Bangalore,0
T07367,U0783,D0381,M031,2026-08-17 13:27:00,391.76,Hyderabad,0
T07368,U0193,D0281,M066,2026-08-03 22:08:00,754.82,Mumbai,0
T07369,U0804,D0441,M060,2026-08-22 14:24:00,8039.52,Pune,0
T07370,U0241,D0311,M032,2026-08-18 21:07:00,2788.01,Hyderabad,0
T07371,U0982,D0301,M098,2026-08-20 19:49:00,9132.36,Delhi,0
T07372,U0566,D0175,M037,2026-08-08 10:36:00,8952.92,Hyderabad,0
T07373,U1000,D0104,M083,2026-08-28 11:54:00,349.87,Pune,0
T07374,U0455,D0354,M036,2026-08-12 05:11:00,5469.85,Pune,0
T07375,U0684,D0137,M099,2026-08-03 20:12:00,9147.75,Bangalore,0
T07376,U0922,D0216,M068,2026-08-19 12:24:00,5048.49,Pune,0
T07377,U0562,D0313,M082,2026-08-19 22:29:00,9030.98,Delhi,0
T07378,U0497,D0142,M060,2026-08-26 16:34:00,4051.15,Bangalore,0
T07379,U0249,D0323,M030,2026-08-26 20:40:00,1617.46,Bangalore,0
T07380,U0611,D0292,M065,2026-08-16 01:39:00,843.5,Mumbai,0
T07381,U0628,D0464,M031,2026-08-06 20:49:00,8854.67,Pune,0
T07382,U0361,D0360,M026,2026-08-12 10:47:00,7069.29,Hyderabad,0
T07383,U0386,D0232,M083,2026-08-23 23:22:00,8752.36,Mumbai,0
T07384,U0622,D0412,M043,2026-08-15 16:21:00,8634.17,Pune,0
T07385,U0303,D0106,M071,2026-08-29 22:48:00,5921.75,Pune,0
T07386,U0337,D0348,M060,2026-08-24 20:29:00,5683.88,Mumbai,0
T07387,U0953,D0196,M072,2026-08-23 20:21:00,5038.62,Mumbai,0
T07388,U0326,D0393,M050,2026-08-10 18:47:00,6323.34,Hyderabad,0
T07389,U0868,D0317,M028,2026-08-08 10:29:00,7030.27,Hyderabad,0
T07390,U0181,D0493,M057,2026-08-27 04:24:00,5079.99,Pune,0
T07391,U0584,D0176,M093,2026-08-15 00:47:00,7681.33,Hyderabad,0
T07392,U0697,D0222,M060,2026-08-07 03:48:00,6805.56,Chennai,0
T07393,U0750,D0361,M055,2026-08-15 12:32:00,7256.08,Mumbai,0
T07394,U0966,D0422,M070,2026-08-06 22:56:00,7130.12,Delhi,0
T07395,U0230,D0359,M096,2026-08-19 22:43:00,6648.98,Mumbai,0
T07396,U0321,D0479,M045,2026-08-22 12:59:00,2564.39,Chennai,0
T07397,U0391,D0235,M026,2026-08-18 18:27:00,6344.61,Bangalore,0
T07398,U0257,D0286,M080,2026-08-09 20:22:00,2533.85,Bangalore,0
T07399,U0270,D0210,M043,2026-08-05 04:20:00,3806.55,Pune,0
T07400,U0351,D0206,M069,2026-08-09 01:23:00,9725.69,Mumbai,0
T07401,U0367,D0281,M047,2026-08-25 00:54:00,5610.39,Chennai,0
T07402,U0373,D0175,M072,2026-08-21 21:45:00,418.33,Hyderabad,0
T07403,U0423,D0262,M072,2026-08-06 08:00:00,7427.95,Pune,0
T07404,U0464,D0180,M060,2026-08-14 05:17:00,9346.75,Bangalore,0
T07405,U0230,D0129,M085,2026-08-16 10:51:00,2724.86,Delhi,0
T07406,U0422,D0226,M098,2026-08-16 03:07:00,4832.71,Hyderabad,0
T07407,U0321,D0467,M036,2026-08-29 18:04:00,5586.71,Pune,0
T07408,U0457,D0167,M064,2026-08-18 05:29:00,2452.61,Bangalore,0
T07409,U0526,D0114,M046,2026-08-29 09:37:00,1201.31,Mumbai,0
T07410,U0430,D0461,M088,2026-08-30 04:53:00,6143.46,Hyderabad,0
T07411,U0827,D0274,M062,2026-08-09 02:27:00,5907.69,Delhi,0
T07412,U0603,D0164,M058,2026-08-21 01:36:00,7311.56,Hyderabad,0
T07413,U0370,D0409,M093,2026-08-23 13:35:00,3809.11,Pune,0
T07414,U0734,D0491,M041,2026-08-17 09:21:00,2474.67,Bangalore,0
T07415,U0213,D0313,M066,2026-08-06 10:13:00,2684.8,Pune,0
T07416,U0228,D0484,M093,2026-08-11 00:33:00,8580.66,Mumbai,0
T07417,U0733,D0166,M056,2026-08-03 05:12:00,3462.08,Mumbai,0
T07418,U0983,D0361,M047,2026-08-12 20:04:00,3310.39,Chennai,0
T07419,U0229,D0089,M090,2026-08-05 04:15:00,1489.11,Mumbai,0
T07420,U0458,D0198,M087,2026-08-25 08:26:00,6435.53,Mumbai,0
T07421,U0323,D0233,M052,2026-08-03 03:49:00,9879.08,Pune,0
T07422,U0223,D0213,M079,2026-08-01 14:28:00,4315.16,Pune,0
T07423,U0912,D0378,M075,2026-08-06 04:46:00,7281.4,Mumbai,0
T07424,U0979,D0380,M078,2026-08-12 00:42:00,7524.52,Hyderabad,0
T07425,U0772,D0128,M044,2026-08-03 21:45:00,5236.84,Mumbai,0
T07426,U0763,D0434,M030,2026-08-18 13:21:00,3447.84,Mumbai,0
T07427,U0230,D0471,M060,2026-08-20 22:09:00,926.89,Delhi,0
T07428,U0160,D0128,M039,2026-08-08 11:53:00,3252.37,Chennai,0
T07429,U0895,D0173,M036,2026-08-19 21:38:00,536.59,Hyderabad,0
T07430,U0930,D0102,M049,2026-08-22 20:56:00,1734.07,Delhi,0
T07431,U0705,D0288,M091,2026-08-11 07:45:00,6424.83,Bangalore,0
T07432,U0327,D0106,M096,2026-08-18 19:11:00,8896.78,Hyderabad,0
T07433,U0916,D0435,M096,2026-08-14 10:36:00,1496.0,Bangalore,0
T07434,U0624,D0392,M076,2026-08-18 07:51:00,6217.08,Pune,0
T07435,U0921,D0307,M090,2026-08-12 21:22:00,1722.87,Bangalore,0
T07436,U0813,D0110,M062,2026-08-04 20:35:00,2854.82,Hyderabad,0
T07437,U0290,D0207,M076,2026-08-01 15:07:00,6452.22,Chennai,0
T07438,U0651,D0162,M057,2026-08-25 06:27:00,9181.83,Bangalore,0
T07439,U0886,D0257,M100,2026-08-17 18:11:00,1779.61,Pune,0
T07440,U0480,D0454,M060,2026-08-21 19:07:00,9755.33,Pune,0
T07441,U0632,D0433,M081,2026-08-10 17:01:00,8964.37,Mumbai,0
T07442,U0870,D0467,M090,2026-08-08 18:09:00,5971.03,Bangalore,0
T07443,U0499,D0236,M089,2026-08-22 17:57:00,5790.34,Pune,0
T07444,U0991,D0383,M094,2026-08-10 12:15:00,3960.53,Mumbai,0
T07445,U0167,D0316,M065,2026-08-29 11:28:00,1087.08,Hyderabad,0
T07446,U0751,D0187,M060,2026-08-25 08:53:00,1123.43,Bangalore,0
T07447,U0941,D0219,M055,2026-08-26 22:22:00,651.18,Chennai,0
T07448,U0500,D0489,M081,2026-08-02 03:45:00,8758.27,Delhi,0
T07449,U0515,D0468,M096,2026-08-29 19:02:00,4157.17,Pune,0
T07450,U0543,D0293,M027,2026-08-29 02:22:00,4249.52,Hyderabad,0
T07451,U0465,D0422,M085,2026-08-18 21:02:00,269.2,Mumbai,0
T07452,U0485,D0117,M047,2026-08-04 23:06:00,663.71,Delhi,0
T07453,U0448,D0142,M075,2026-08-08 12:26:00,6666.53,Mumbai,0
T07454,U0469,D0411,M062,2026-08-05 17:21:00,5311.33,Chennai,0
T07455,U0435,D0252,M100,2026-08-14 08:27:00,702.76,Hyderabad,0
T07456,U0956,D0386,M055,2026-08-15 15:19:00,4112.27,Chennai,0
T07457,U0495,D0156,M061,2026-08-30 04:02:00,2517.3,Mumbai,0
T07458,U0933,D0449,M068,2026-08-02 17:34:00,8247.27,Pune,0
T07459,U0578,D0425,M072,2026-08-15 16:31:00,4641.6,Chennai,0
T07460,U0648,D0205,M097,2026-08-17 01:09:00,7301.46,Pune,0
T07461,U0309,D0245,M035,2026-08-08 18:11:00,1788.27,Hyderabad,0
T07462,U0988,D0457,M096,2026-08-14 05:14:00,4251.16,Delhi,0
T07463,U0806,D0102,M036,2026-08-23 09:08:00,8073.8,Chennai,0
T07464,U0312,D0321,M048,2026-08-29 06:28:00,2810.14,Pune,0
T07465,U0930,D0295,M067,2026-08-08 09:03:00,2169.35,Delhi,0
T07466,U0557,D0330,M058,2026-08-27 14:45:00,9507.07,Delhi,0
T07467,U0782,D0103,M044,2026-08-03 17:46:00,8217.33,Pune,0
T07468,U0680,D0249,M060,2026-08-02 17:33:00,4432.8,Bangalore,0
T07469,U0724,D0210,M037,2026-08-16 14:05:00,5746.47,Bangalore,0
T07470,U0282,D0220,M044,2026-08-19 21:07:00,5685.9,Hyderabad,0
T07471,U0632,D0239,M054,2026-08-25 17:29:00,3473.02,Pune,0
T07472,U0357,D0421,M087,2026-08-18 01:43:00,7083.79,Hyderabad,0
T07473,U0315,D0390,M062,2026-08-19 23:43:00,796.2,Chennai,0
T07474,U0891,D0298,M047,2026-08-01 23:46:00,2784.08,Delhi,0
T07475,U0513,D0148,M028,2026-08-19 02:34:00,7926.97,Chennai,0
T07476,U0420,D0284,M035,2026-08-04 03:18:00,5319.38,Mumbai,0
T07477,U0689,D0329,M050,2026-08-21 10:14:00,1524.84,Chennai,0
T07478,U0817,D0271,M070,2026-08-28 10:53:00,8941.7,Chennai,0
T07479,U0825,D0187,M090,2026-08-02 20:51:00,2939.87,Pune,0
T07480,U0778,D0109,M087,2026-08-04 20:52:00,8064.04,Mumbai,0
T07481,U0200,D0201,M051,2026-08-11 12:45:00,705.44,Hyderabad,0
T07482,U0449,D0220,M037,2026-08-25 01:57:00,6536.04,Chennai,0
T07483,U0580,D0410,M081,2026-08-03 11:13:00,6683.21,Pune,0
T07484,U0167,D0398,M051,2026-08-04 23:12:00,2302.93,Delhi,0
T07485,U0704,D0100,M046,2026-08-04 00:58:00,411.01,Chennai,0
T07486,U0576,D0324,M078,2026-08-23 16:40:00,9401.47,Mumbai,0
T07487,U0616,D0198,M079,2026-08-16 13:37:00,7675.92,Mumbai,0
T07488,U0537,D0235,M071,2026-08-16 20:45:00,3058.07,Delhi,0
T07489,U0210,D0182,M058,2026-08-23 22:47:00,1197.18,Hyderabad,0
T07490,U0976,D0432,M058,2026-08-10 04:41:00,3646.46,Pune,0
T07491,U0890,D0132,M039,2026-08-03 07:11:00,1483.13,Delhi,0
T07492,U0360,D0369,M066,2026-08-17 21:44:00,2133.69,Bangalore,0
T07493,U0701,D0392,M043,2026-08-09 17:52:00,6942.36,Chennai,0
T07494,U0819,D0118,M052,2026-08-17 14:55:00,6819.28,Bangalore,0
T07495,U0469,D0411,M092,2026-08-15 07:57:00,3429.98,Bangalore,0
T07496,U0626,D0087,M044,2026-08-18 03:15:00,2578.95,Mumbai,0
T07497,U0292,D0485,M080,2026-08-01 15:30:00,3916.52,Hyderabad,0
T07498,U0885,D0130,M066,2026-08-29 18:34:00,9990.84,Pune,0
T07499,U0995,D0228,M065,2026-08-24 01:49:00,4827.37,Chennai,0
T07500,U0260,D0291,M062,2026-08-26 14:23:00,9842.3,Pune,0
T07501,U0412,D0414,M043,2026-08-21 14:58:00,7002.91,Delhi,0
T07502,U0615,D0203,M032,2026-08-08 22:20:00,5873.01,Bangalore,0
T07503,U0598,D0366,M067,2026-08-22 18:05:00,9190.44,Hyderabad,0
T07504,U0322,D0417,M030,2026-08-08 04:13:00,2366.01,Hyderabad,0
T07505,U0670,D0393,M052,2026-08-21 15:50:00,4674.76,Bangalore,0
T07506,U0315,D0267,M095,2026-08-09 05:24:00,5416.43,Delhi,0
T07507,U0935,D0362,M036,2026-08-27 22:20:00,6731.98,Pune,0
T07508,U0754,D0229,M071,2026-08-04 18:10:00,3902.52,Pune,0
T07509,U0492,D0395,M100,2026-08-04 01:25:00,7516.49,Pune,0
T07510,U0748,D0217,M066,2026-08-18 21:53:00,6602.43,Hyderabad,0
T07511,U0456,D0297,M058,2026-08-15 15:05:00,1529.36,Delhi,0
T07512,U0157,D0091,M059,2026-08-04 07:14:00,9688.49,Chennai,0
T07513,U0461,D0155,M093,2026-08-18 02:20:00,5005.6,Hyderabad,0
T07514,U0489,D0206,M089,2026-08-01 10:11:00,7895.88,Delhi,0
T07515,U0753,D0316,M088,2026-08-28 06:23:00,6906.19,Bangalore,0
T07516,U0278,D0426,M064,2026-08-18 02:25:00,4569.13,Bangalore,0
T07517,U0917,D0391,M055,2026-08-20 06:35:00,4951.92,Pune,0
T07518,U0502,D0098,M042,2026-08-23 21:57:00,7007.02,Bangalore,0
T07519,U0967,D0429,M065,2026-08-04 11:47:00,4668.12,Pune,0
T07520,U0184,D0500,M089,2026-08-11 23:34:00,2771.51,Mumbai,0
T07521,U0194,D0420,M057,2026-08-05 19:36:00,4194.69,Chennai,0
T07522,U0830,D0228,M027,2026-08-23 04:17:00,5915.31,Chennai,0
T07523,U0972,D0426,M037,2026-08-18 12:53:00,8863.9,Hyderabad,0
T07524,U0643,D0241,M048,2026-08-23 04:48:00,3518.58,Pune,0
T07525,U0334,D0443,M090,2026-08-10 03:47:00,8705.12,Delhi,0
T07526,U0923,D0280,M088,2026-08-23 20:27:00,3450.66,Bangalore,0
T07527,U0514,D0424,M032,2026-08-20 05:55:00,9081.97,Mumbai,0
T07528,U0684,D0336,M034,2026-08-16 19:35:00,3649.88,Mumbai,0
T07529,U0263,D0430,M067,2026-08-17 14:27:00,8374.92,Pune,0
T07530,U0577,D0117,M079,2026-08-19 20:50:00,5640.81,Delhi,0
T07531,U0459,D0098,M098,2026-08-11 21:36:00,4263.72,Pune,0
T07532,U0395,D0274,M058,2026-08-19 12:54:00,6428.34,Hyderabad,0
T07533,U0733,D0265,M066,2026-08-06 10:26:00,6986.46,Bangalore,0
T07534,U0224,D0188,M052,2026-08-27 17:10:00,3408.79,Chennai,0
T07535,U0342,D0143,M059,2026-08-17 21:43:00,9317.95,Delhi,0
T07536,U0303,D0267,M076,2026-08-28 14:59:00,4100.5,Delhi,0
T07537,U0282,D0117,M044,2026-08-30 04:24:00,7119.32,Delhi,0
T07538,U0612,D0454,M065,2026-08-26 09:31:00,8411.12,Pune,0
T07539,U0548,D0372,M088,2026-08-26 04:30:00,3111.31,Mumbai,0
T07540,U0735,D0461,M090,2026-08-29 13:22:00,6104.52,Mumbai,0
T07541,U0908,D0177,M036,2026-08-27 00:23:00,4306.09,Chennai,0
T07542,U0210,D0253,M046,2026-08-23 12:18:00,6307.05,Hyderabad,0
T07543,U0876,D0180,M075,2026-08-26 23:21:00,8763.03,Chennai,0
T07544,U0335,D0466,M070,2026-08-26 15:22:00,7344.57,Mumbai,0
T07545,U0407,D0144,M056,2026-08-01 04:43:00,9418.79,Chennai,0
T07546,U0645,D0220,M077,2026-08-27 16:30:00,9175.47,Bangalore,0
T07547,U0264,D0325,M075,2026-08-10 06:36:00,9732.96,Delhi,0
T07548,U0243,D0368,M090,2026-08-20 08:29:00,2512.8,Pune,0
T07549,U0818,D0084,M093,2026-08-17 12:17:00,6706.83,Chennai,0
T07550,U0982,D0274,M026,2026-08-20 02:49:00,7902.36,Chennai,0
T07551,U0348,D0082,M078,2026-08-09 13:57:00,3548.15,Mumbai,0
T07552,U0362,D0404,M071,2026-08-23 07:34:00,4602.26,Mumbai,0
T07553,U0786,D0450,M063,2026-08-08 13:32:00,7686.88,Delhi,0
T07554,U0467,D0485,M034,2026-08-01 02:02:00,8012.67,Bangalore,0
T07555,U0877,D0094,M053,2026-08-08 06:02:00,4740.86,Bangalore,0
T07556,U0374,D0461,M042,2026-08-15 01:00:00,7693.2,Chennai,0
T07557,U0877,D0303,M064,2026-08-18 08:05:00,2149.49,Hyderabad,0
T07558,U0281,D0425,M055,2026-08-16 13:03:00,8406.62,Bangalore,0
T07559,U0269,D0361,M091,2026-08-07 21:12:00,227.38,Chennai,0
T07560,U0704,D0077,M080,2026-08-27 12:27:00,3362.2,Pune,0
T07561,U0573,D0147,M034,2026-08-26 14:03:00,3414.92,Pune,0
T07562,U0831,D0108,M039,2026-08-05 06:32:00,6593.03,Chennai,0
T07563,U0665,D0466,M036,2026-08-22 05:41:00,4895.82,Delhi,0
T07564,U0181,D0490,M052,2026-08-30 00:22:00,3973.94,Mumbai,0
T07565,U0553,D0193,M076,2026-08-30 14:59:00,7228.42,Delhi,0
T07566,U0462,D0321,M048,2026-08-24 01:54:00,829.01,Chennai,0
T07567,U0313,D0288,M067,2026-08-27 11:10:00,5202.67,Hyderabad,0
T07568,U0161,D0174,M051,2026-08-23 08:40:00,6149.99,Pune,0
T07569,U0328,D0417,M061,2026-08-02 09:42:00,8342.77,Mumbai,0
T07570,U0520,D0187,M070,2026-08-29 19:20:00,6916.1,Pune,0
T07571,U0911,D0131,M051,2026-08-08 01:37:00,7133.89,Pune,0
T07572,U0502,D0140,M083,2026-08-16 00:28:00,4204.05,Bangalore,0
T07573,U0747,D0399,M069,2026-08-03 03:48:00,8151.59,Pune,0
T07574,U0406,D0103,M073,2026-08-19 07:58:00,5063.12,Delhi,0
T07575,U0214,D0309,M034,2026-08-06 17:24:00,7039.99,Mumbai,0
T07576,U0488,D0153,M062,2026-08-29 08:01:00,2991.89,Delhi,0
T07577,U0769,D0112,M090,2026-08-17 04:20:00,1683.74,Pune,0
T07578,U0764,D0334,M056,2026-08-24 02:31:00,5077.57,Chennai,0
T07579,U0155,D0441,M035,2026-08-15 22:16:00,1295.96,Delhi,0
T07580,U0629,D0302,M089,2026-08-19 19:49:00,2755.64,Bangalore,0
T07581,U0402,D0280,M036,2026-08-19 13:52:00,8585.47,Mumbai,0
T07582,U0574,D0253,M043,2026-08-24 03:01:00,9032.04,Chennai,0
T07583,U0288,D0436,M075,2026-08-05 22:32:00,8412.84,Pune,0
T07584,U0486,D0412,M060,2026-08-26 15:33:00,6697.46,Bangalore,0
T07585,U0285,D0364,M065,2026-08-26 13:44:00,8572.93,Delhi,0
T07586,U0948,D0227,M050,2026-08-12 15:38:00,7429.5,Hyderabad,0
T07587,U0620,D0321,M078,2026-08-18 23:32:00,860.56,Chennai,0
T07588,U0706,D0350,M081,2026-08-16 14:55:00,6290.81,Bangalore,0
T07589,U0946,D0453,M030,2026-08-27 12:22:00,8523.07,Pune,0
T07590,U0527,D0380,M070,2026-08-19 05:12:00,7473.66,Delhi,0
T07591,U0343,D0148,M052,2026-08-26 16:23:00,6999.96,Pune,0
T07592,U0954,D0467,M072,2026-08-27 21:41:00,7590.49,Mumbai,0
T07593,U0977,D0083,M040,2026-08-27 08:36:00,7823.95,Bangalore,0
T07594,U0308,D0402,M084,2026-08-02 09:31:00,4209.18,Bangalore,0
T07595,U0726,D0472,M067,2026-08-11 10:56:00,4156.65,Pune,0
T07596,U0694,D0328,M094,2026-08-02 21:25:00,9952.93,Mumbai,0
T07597,U0290,D0076,M043,2026-08-02 07:44:00,9033.57,Chennai,0
T07598,U0800,D0440,M053,2026-08-26 01:22:00,9404.2,Bangalore,0
T07599,U0219,D0156,M027,2026-08-27 07:09:00,6216.27,Mumbai,0
T07600,U0639,D0295,M054,2026-08-21 03:44:00,1722.53,Bangalore,0
T07601,U0355,D0407,M082,2026-08-11 04:10:00,3022.86,Hyderabad,0
T07602,U0666,D0190,M074,2026-08-17 10:57:00,4263.22,Bangalore,0
T07603,U0622,D0403,M038,2026-08-27 08:45:00,6326.37,Bangalore,0
T07604,U0506,D0283,M067,2026-08-23 07:37:00,8074.74,Chennai,0
T07605,U0754,D0284,M088,2026-08-22 18:26:00,436.28,Hyderabad,0
T07606,U0551,D0495,M083,2026-08-10 03:47:00,6050.26,Bangalore,0
T07607,U0552,D0204,M026,2026-08-27 20:48:00,9468.1,Hyderabad,0
T07608,U0428,D0293,M096,2026-08-30 18:07:00,5373.53,Pune,0
T07609,U0397,D0443,M032,2026-08-17 02:25:00,5223.09,Delhi,0
T07610,U0590,D0349,M041,2026-08-03 15:29:00,8513.37,Hyderabad,0
T07611,U0368,D0124,M043,2026-08-27 20:12:00,8027.96,Mumbai,0
T07612,U0580,D0141,M066,2026-08-13 09:13:00,9845.94,Delhi,0
T07613,U0200,D0427,M030,2026-08-26 15:32:00,3345.01,Bangalore,0
T07614,U0464,D0083,M037,2026-08-14 08:59:00,3922.44,Hyderabad,0
T07615,U0773,D0479,M085,2026-08-01 14:11:00,504.76,Bangalore,0
T07616,U0744,D0419,M033,2026-08-02 14:08:00,4562.37,Delhi,0
T07617,U0669,D0239,M058,2026-08-18 20:42:00,4466.18,Pune,0
T07618,U0388,D0398,M065,2026-08-23 13:55:00,2902.27,Mumbai,0
T07619,U0922,D0369,M055,2026-08-27 02:40:00,6398.65,Bangalore,0
T07620,U0718,D0385,M061,2026-08-05 18:17:00,2185.61,Delhi,0
T07621,U0694,D0238,M099,2026-08-18 04:50:00,5028.33,Delhi,0
T07622,U0375,D0149,M039,2026-08-10 03:41:00,9594.66,Hyderabad,0
T07623,U0451,D0140,M095,2026-08-30 00:12:00,2605.88,Pune,0
T07624,U0330,D0259,M034,2026-08-05 17:07:00,957.21,Delhi,0
T07625,U0822,D0097,M051,2026-08-17 01:58:00,6051.52,Pune,0
T07626,U0165,D0371,M063,2026-08-08 13:22:00,6652.13,Hyderabad,0
T07627,U0215,D0498,M049,2026-08-15 06:26:00,5690.7,Delhi,0
T07628,U0790,D0454,M030,2026-08-11 09:19:00,7627.29,Chennai,0
T07629,U0403,D0361,M095,2026-08-21 08:57:00,6825.88,Mumbai,0
T07630,U0549,D0296,M030,2026-08-29 19:08:00,3933.7,Chennai,0
T07631,U0896,D0344,M099,2026-08-15 13:43:00,8973.1,Bangalore,0
T07632,U0357,D0475,M065,2026-08-01 18:14:00,6511.89,Delhi,0
T07633,U0777,D0494,M086,2026-08-26 00:52:00,2256.89,Mumbai,0
T07634,U0444,D0224,M050,2026-08-01 23:19:00,5327.67,Delhi,0
T07635,U0352,D0284,M056,2026-08-08 07:56:00,6936.75,Delhi,0
T07636,U0831,D0180,M083,2026-08-01 09:18:00,1885.57,Mumbai,0
T07637,U0399,D0337,M047,2026-08-01 04:49:00,4772.05,Hyderabad,0
T07638,U0467,D0362,M036,2026-08-26 01:45:00,3324.47,Chennai,0
T07639,U0379,D0498,M039,2026-08-04 12:50:00,8145.81,Delhi,0
T07640,U0575,D0104,M069,2026-08-20 22:06:00,8309.16,Mumbai,0
T07641,U0614,D0328,M035,2026-08-27 23:37:00,1452.29,Pune,0
T07642,U0952,D0492,M097,2026-08-26 03:39:00,6107.07,Bangalore,0
T07643,U0384,D0106,M045,2026-08-25 03:37:00,9704.22,Mumbai,0
T07644,U0478,D0487,M082,2026-08-13 06:42:00,431.61,Delhi,0
T07645,U0790,D0461,M049,2026-08-11 20:12:00,6827.8,Bangalore,0
T07646,U0365,D0289,M027,2026-08-18 04:57:00,4435.27,Delhi,0
T07647,U0644,D0132,M047,2026-08-13 02:51:00,7620.27,Mumbai,0
T07648,U0829,D0165,M074,2026-08-15 17:29:00,3481.88,Mumbai,0
T07649,U0216,D0172,M077,2026-08-13 19:48:00,5804.26,Mumbai,0
T07650,U0639,D0208,M072,2026-08-05 07:29:00,6974.4,Hyderabad,0
T07651,U0474,D0193,M083,2026-08-17 05:16:00,7678.62,Hyderabad,0
T07652,U0605,D0444,M064,2026-08-14 12:35:00,6811.44,Delhi,0
T07653,U0695,D0150,M067,2026-08-07 08:22:00,7230.98,Pune,0
T07654,U0769,D0369,M032,2026-08-06 02:52:00,8182.08,Hyderabad,0
T07655,U0257,D0466,M039,2026-08-06 02:34:00,3215.28,Mumbai,0
T07656,U0638,D0203,M055,2026-08-25 17:35:00,8659.55,Bangalore,0
T07657,U0478,D0311,M080,2026-08-14 01:18:00,7386.68,Mumbai,0
T07658,U0188,D0408,M073,2026-08-03 17:50:00,6644.09,Delhi,0
T07659,U0160,D0387,M095,2026-08-10 04:56:00,5089.65,Chennai,0
T07660,U0220,D0374,M054,2026-08-12 19:05:00,4395.79,Pune,0
T07661,U0212,D0166,M088,2026-08-15 13:34:00,5140.54,Mumbai,0
T07662,U0203,D0203,M064,2026-08-16 15:51:00,3830.54,Pune,0
T07663,U0397,D0181,M095,2026-08-27 07:25:00,1592.23,Hyderabad,0
T07664,U0789,D0260,M043,2026-08-13 16:37:00,7716.14,Mumbai,0
T07665,U0205,D0249,M035,2026-08-15 10:01:00,8649.4,Hyderabad,0
T07666,U0890,D0316,M093,2026-08-30 00:49:00,1421.42,Chennai,0
T07667,U0699,D0354,M026,2026-08-30 02:52:00,2105.04,Chennai,0
T07668,U0426,D0422,M044,2026-08-22 02:47:00,977.86,Bangalore,0
T07669,U0832,D0344,M075,2026-08-08 07:31:00,7181.04,Pune,0
T07670,U0674,D0399,M074,2026-08-27 09:31:00,9361.7,Pune,0
T07671,U0407,D0322,M079,2026-08-09 04:27:00,9531.48,Chennai,0
T07672,U0798,D0316,M029,2026-08-10 12:24:00,6876.85,Hyderabad,0
T07673,U0818,D0218,M086,2026-08-26 11:57:00,7598.5,Pune,0
T07674,U0340,D0287,M093,2026-08-05 08:50:00,5750.9,Chennai,0
T07675,U0276,D0483,M045,2026-08-09 03:21:00,7266.65,Hyderabad,0
T07676,U0243,D0471,M048,2026-08-11 03:29:00,1481.03,Pune,0
T07677,U0151,D0467,M076,2026-08-09 10:32:00,3550.32,Pune,0
T07678,U0744,D0204,M038,2026-08-23 20:05:00,3669.25,Hyderabad,0
T07679,U0527,D0218,M034,2026-08-25 12:54:00,6167.87,Hyderabad,0
T07680,U0702,D0347,M056,2026-08-04 21:25:00,2686.66,Bangalore,0
T07681,U0203,D0194,M070,2026-08-19 07:27:00,2324.11,Chennai,0
T07682,U0313,D0334,M045,2026-08-20 14:52:00,4800.95,Hyderabad,0
T07683,U0834,D0231,M027,2026-08-15 00:48:00,9840.15,Delhi,0
T07684,U0983,D0462,M095,2026-08-18 07:23:00,3666.87,Bangalore,0
T07685,U0587,D0500,M090,2026-08-27 14:07:00,7166.54,Pune,0
T07686,U0293,D0123,M050,2026-08-07 17:23:00,7816.66,Hyderabad,0
T07687,U0212,D0344,M079,2026-08-08 20:32:00,8519.3,Mumbai,0
T07688,U0700,D0236,M075,2026-08-14 07:07:00,9608.11,Chennai,0
T07689,U0456,D0300,M075,2026-08-03 07:12:00,6883.7,Delhi,0
T07690,U0994,D0351,M048,2026-08-10 14:21:00,300.82,Chennai,0
T07691,U0521,D0354,M082,2026-08-09 01:25:00,5254.59,Pune,0
T07692,U0806,D0224,M076,2026-08-22 05:54:00,9335.8,Pune,0
T07693,U0369,D0277,M052,2026-08-04 13:14:00,4026.59,Chennai,0
T07694,U0167,D0359,M063,2026-08-18 15:11:00,514.62,Mumbai,0
T07695,U0312,D0457,M076,2026-08-07 22:17:00,5190.08,Bangalore,0
T07696,U0392,D0182,M077,2026-08-15 04:20:00,6125.78,Delhi,0
T07697,U0996,D0490,M062,2026-08-23 17:42:00,2884.75,Bangalore,0
T07698,U0797,D0122,M081,2026-08-11 21:38:00,2615.86,Pune,0
T07699,U0875,D0189,M030,2026-08-11 09:50:00,9433.57,Bangalore,0
T07700,U0881,D0429,M038,2026-08-18 16:00:00,4179.28,Mumbai,0
T07701,U0592,D0167,M044,2026-08-24 20:31:00,2813.8,Hyderabad,0
T07702,U0464,D0113,M063,2026-08-01 02:54:00,5380.88,Hyderabad,0
T07703,U0615,D0391,M074,2026-08-07 22:18:00,1712.13,Delhi,0
T07704,U0511,D0114,M039,2026-08-29 20:20:00,118.15,Hyderabad,0
T07705,U0690,D0294,M036,2026-08-02 15:44:00,3888.23,Mumbai,0
T07706,U0916,D0098,M033,2026-08-09 07:30:00,8676.42,Bangalore,0
T07707,U0454,D0290,M028,2026-08-29 23:55:00,1128.65,Hyderabad,0
T07708,U0778,D0413,M068,2026-08-10 01:38:00,5160.01,Pune,0
T07709,U0790,D0130,M074,2026-08-07 02:28:00,9025.09,Hyderabad,0
T07710,U0225,D0088,M079,2026-08-18 16:44:00,6302.22,Delhi,0
T07711,U0708,D0223,M066,2026-08-22 10:03:00,8749.04,Chennai,0
T07712,U0998,D0151,M035,2026-08-20 14:18:00,3556.54,Chennai,0
T07713,U0850,D0216,M045,2026-08-10 14:58:00,7764.45,Delhi,0
T07714,U0350,D0253,M060,2026-08-12 13:42:00,8486.66,Bangalore,0
T07715,U0622,D0115,M034,2026-08-30 05:29:00,9257.55,Pune,0
T07716,U0626,D0463,M047,2026-08-29 01:25:00,5206.52,Bangalore,0
T07717,U0323,D0200,M029,2026-08-16 17:59:00,6423.07,Pune,0
T07718,U0182,D0293,M081,2026-08-21 05:31:00,1033.43,Delhi,0
T07719,U0498,D0195,M054,2026-08-30 21:40:00,2072.08,Bangalore,0
T07720,U0662,D0467,M036,2026-08-12 14:13:00,4605.31,Hyderabad,0
T07721,U0516,D0206,M034,2026-08-08 18:27:00,5672.78,Delhi,0
T07722,U0862,D0160,M063,2026-08-27 08:24:00,1859.95,Bangalore,0
T07723,U0991,D0476,M049,2026-08-24 02:29:00,9586.25,Delhi,0
T07724,U0224,D0258,M049,2026-08-03 03:56:00,5139.21,Pune,0
T07725,U0513,D0147,M040,2026-08-21 01:07:00,8742.1,Delhi,0
T07726,U0154,D0137,M046,2026-08-19 23:32:00,6112.05,Chennai,0
T07727,U0493,D0099,M067,2026-08-03 14:18:00,4824.54,Chennai,0
T07728,U0880,D0145,M061,2026-08-28 07:30:00,727.22,Delhi,0
T07729,U0453,D0198,M032,2026-08-12 05:51:00,8201.52,Pune,0
T07730,U0919,D0162,M072,2026-08-03 02:03:00,7444.5,Chennai,0
T07731,U0649,D0204,M076,2026-08-07 21:58:00,7904.44,Chennai,0
T07732,U0725,D0193,M090,2026-08-13 19:42:00,3027.31,Pune,0
T07733,U0388,D0322,M076,2026-08-17 03:30:00,2643.22,Delhi,0
T07734,U0749,D0379,M060,2026-08-08 00:36:00,8445.47,Delhi,0
T07735,U0926,D0258,M093,2026-08-01 20:55:00,1991.67,Bangalore,0
T07736,U0686,D0286,M058,2026-08-05 08:53:00,2946.07,Mumbai,0
T07737,U0822,D0201,M042,2026-08-27 21:17:00,6523.61,Delhi,0
T07738,U0477,D0491,M028,2026-08-16 03:23:00,9748.51,Hyderabad,0
T07739,U0838,D0337,M089,2026-08-05 19:34:00,3412.34,Bangalore,0
T07740,U0473,D0136,M097,2026-08-06 16:48:00,9121.92,Mumbai,0
T07741,U0650,D0163,M039,2026-08-03 16:49:00,6181.46,Mumbai,0
T07742,U0410,D0223,M058,2026-08-22 09:56:00,5766.64,Chennai,0
T07743,U0732,D0130,M035,2026-08-22 11:11:00,1336.25,Hyderabad,0
T07744,U0882,D0081,M029,2026-08-10 02:54:00,7129.25,Hyderabad,0
T07745,U0554,D0346,M090,2026-08-13 14:36:00,9162.03,Delhi,0
T07746,U0556,D0244,M088,2026-08-10 11:18:00,4840.74,Hyderabad,0
T07747,U0764,D0269,M077,2026-08-18 03:49:00,9461.72,Mumbai,0
T07748,U0289,D0188,M076,2026-08-18 05:21:00,7323.15,Hyderabad,0
T07749,U0965,D0316,M059,2026-08-05 17:05:00,1565.0,Delhi,0
T07750,U0259,D0354,M026,2026-08-09 18:45:00,4419.93,Delhi,0
T07751,U0366,D0332,M045,2026-08-17 04:23:00,8417.92,Chennai,0
T07752,U0960,D0349,M100,2026-08-29 10:49:00,2892.19,Hyderabad,0
T07753,U0372,D0373,M057,2026-08-17 14:41:00,1257.97,Bangalore,0
T07754,U0291,D0278,M068,2026-08-22 23:43:00,9745.31,Hyderabad,0
T07755,U0286,D0429,M081,2026-08-20 01:22:00,5650.32,Delhi,0
T07756,U0203,D0187,M038,2026-08-20 10:47:00,2043.36,Mumbai,0
T07757,U0686,D0111,M084,2026-08-15 08:10:00,1579.75,Pune,0
T07758,U0717,D0110,M057,2026-08-16 09:31:00,2516.64,Mumbai,0
T07759,U0425,D0156,M091,2026-08-11 11:15:00,7583.07,Chennai,0
T07760,U0162,D0183,M071,2026-08-11 22:30:00,6034.21,Chennai,0
T07761,U0909,D0433,M076,2026-08-02 21:37:00,5266.99,Delhi,0
T07762,U0505,D0172,M049,2026-08-28 07:27:00,8077.36,Mumbai,0
T07763,U0393,D0224,M029,2026-08-05 05:34:00,932.46,Delhi,0
T07764,U0980,D0384,M088,2026-08-14 20:40:00,4607.44,Hyderabad,0
T07765,U0429,D0448,M088,2026-08-10 04:18:00,6752.43,Pune,0
T07766,U0611,D0313,M030,2026-08-13 12:52:00,7632.43,Delhi,0
T07767,U0191,D0370,M079,2026-08-21 21:09:00,5386.69,Delhi,0
T07768,U0468,D0262,M075,2026-08-16 07:25:00,5792.14,Mumbai,0
T07769,U0389,D0388,M075,2026-08-05 06:46:00,7819.97,Bangalore,0
T07770,U0830,D0178,M058,2026-08-01 23:11:00,3496.92,Chennai,0
T07771,U0562,D0353,M100,2026-08-05 09:28:00,9232.88,Delhi,0
T07772,U0914,D0086,M063,2026-08-05 23:36:00,7087.04,Mumbai,0
T07773,U0472,D0295,M061,2026-08-10 18:22:00,413.8,Pune,0
T07774,U0316,D0488,M039,2026-08-23 21:15:00,6636.34,Delhi,0
T07775,U0618,D0414,M084,2026-08-04 02:39:00,6806.56,Mumbai,0
T07776,U0741,D0377,M038,2026-08-18 14:55:00,3270.72,Mumbai,0
T07777,U0336,D0194,M078,2026-08-12 06:03:00,3151.21,Bangalore,0
T07778,U0272,D0092,M059,2026-08-25 11:40:00,8604.21,Mumbai,0
T07779,U0720,D0441,M079,2026-08-21 10:42:00,9337.14,Bangalore,0
T07780,U0299,D0273,M067,2026-08-22 17:04:00,6972.97,Delhi,0
T07781,U0219,D0359,M044,2026-08-27 16:59:00,8416.66,Chennai,0
T07782,U0653,D0464,M097,2026-08-29 09:20:00,6449.25,Delhi,0
T07783,U0672,D0263,M047,2026-08-12 18:04:00,5816.78,Pune,0
T07784,U0747,D0108,M077,2026-08-02 04:12:00,6417.94,Hyderabad,0
T07785,U0253,D0444,M070,2026-08-26 11:57:00,7806.03,Hyderabad,0
T07786,U0348,D0314,M055,2026-08-03 19:24:00,7090.96,Hyderabad,0
T07787,U0370,D0309,M079,2026-08-10 05:57:00,1327.39,Hyderabad,0
T07788,U0528,D0365,M077,2026-08-23 11:36:00,315.81,Bangalore,0
T07789,U0596,D0460,M058,2026-08-12 14:49:00,5519.62,Bangalore,0
T07790,U0428,D0459,M065,2026-08-01 02:28:00,147.3,Pune,0
T07791,U0902,D0215,M030,2026-08-21 05:34:00,3758.96,Bangalore,0
T07792,U0303,D0198,M041,2026-08-03 07:36:00,7293.19,Hyderabad,0
T07793,U0945,D0096,M082,2026-08-28 15:17:00,4914.05,Delhi,0
T07794,U0571,D0344,M046,2026-08-09 00:44:00,7356.47,Delhi,0
T07795,U0828,D0245,M065,2026-08-08 00:03:00,4589.18,Chennai,0
T07796,U0911,D0212,M059,2026-08-27 19:00:00,7140.7,Delhi,0
T07797,U0993,D0455,M045,2026-08-18 01:25:00,1237.58,Pune,0
T07798,U0761,D0321,M050,2026-08-19 16:58:00,4137.87,Hyderabad,0
T07799,U0433,D0304,M072,2026-08-24 03:40:00,9023.23,Mumbai,0
T07800,U0724,D0435,M057,2026-08-23 01:00:00,9106.88,Bangalore,0
T07801,U0868,D0241,M050,2026-08-27 17:07:00,7474.08,Chennai,0
T07802,U0514,D0407,M033,2026-08-20 13:51:00,6962.7,Mumbai,0
T07803,U0621,D0137,M097,2026-08-15 17:41:00,2030.89,Mumbai,0
T07804,U0153,D0469,M039,2026-08-22 15:20:00,2965.81,Chennai,0
T07805,U0868,D0086,M058,2026-08-03 18:55:00,9633.83,Chennai,0
T07806,U0509,D0269,M033,2026-08-03 03:03:00,3005.82,Chennai,0
T07807,U0252,D0285,M076,2026-08-23 11:48:00,4702.0,Chennai,0
T07808,U0642,D0473,M026,2026-08-20 22:12:00,1193.94,Chennai,0
T07809,U0609,D0370,M085,2026-08-05 16:03:00,4446.88,Chennai,0
T07810,U0910,D0242,M027,2026-08-19 16:18:00,8746.12,Hyderabad,0
T07811,U0333,D0432,M084,2026-08-08 03:47:00,5737.75,Delhi,0
T07812,U0175,D0428,M063,2026-08-10 14:05:00,5166.04,Pune,0
T07813,U0254,D0325,M078,2026-08-22 00:28:00,4036.63,Chennai,0
T07814,U0599,D0093,M044,2026-08-16 19:49:00,3188.91,Bangalore,0
T07815,U0556,D0403,M055,2026-08-27 03:33:00,760.78,Delhi,0
T07816,U0467,D0291,M060,2026-08-22 23:00:00,1348.5,Mumbai,0
T07817,U0206,D0498,M062,2026-08-18 11:22:00,8088.3,Delhi,0
T07818,U0312,D0410,M031,2026-08-10 07:00:00,4414.79,Bangalore,0
T07819,U0551,D0431,M039,2026-08-15 13:49:00,7129.29,Pune,0
T07820,U0510,D0092,M049,2026-08-18 21:07:00,9111.83,Chennai,0
T07821,U0414,D0091,M086,2026-08-11 07:19:00,1026.61,Chennai,0
T07822,U0309,D0481,M033,2026-08-20 15:48:00,3900.39,Mumbai,0
T07823,U0566,D0241,M062,2026-08-30 20:30:00,142.12,Chennai,0
T07824,U0904,D0401,M048,2026-08-13 15:20:00,1652.05,Pune,0
T07825,U0267,D0430,M078,2026-08-26 17:20:00,2847.66,Hyderabad,0
T07826,U0380,D0435,M047,2026-08-23 18:45:00,7479.6,Bangalore,0
T07827,U0628,D0357,M027,2026-08-17 15:26:00,5584.8,Bangalore,0
T07828,U0396,D0341,M030,2026-08-16 03:38:00,4585.53,Chennai,0
T07829,U0269,D0190,M074,2026-08-21 04:30:00,8586.85,Pune,0
T07830,U0724,D0273,M063,2026-08-17 05:49:00,3389.26,Hyderabad,0
T07831,U0287,D0285,M040,2026-08-15 08:23:00,1279.51,Mumbai,0
T07832,U0162,D0452,M070,2026-08-17 15:06:00,9819.6,Bangalore,0
T07833,U0523,D0156,M073,2026-08-02 15:27:00,5665.08,Delhi,0
T07834,U0655,D0484,M060,2026-08-14 03:59:00,1016.84,Chennai,0
T07835,U0502,D0420,M100,2026-08-25 20:33:00,5934.33,Pune,0
T07836,U0328,D0238,M097,2026-08-19 01:47:00,6007.35,Mumbai,0
T07837,U0403,D0236,M081,2026-08-02 03:15:00,446.42,Pune,0
T07838,U0342,D0247,M070,2026-08-03 20:42:00,3725.42,Mumbai,0
T07839,U0970,D0465,M083,2026-08-17 12:44:00,848.01,Delhi,0
T07840,U0356,D0319,M092,2026-08-12 09:34:00,5920.82,Chennai,0
T07841,U0219,D0164,M084,2026-08-10 00:08:00,2744.47,Hyderabad,0
T07842,U0977,D0247,M093,2026-08-30 10:00:00,296.95,Bangalore,0
T07843,U0790,D0328,M080,2026-08-08 06:13:00,1208.79,Hyderabad,0
T07844,U0577,D0466,M037,2026-08-19 01:18:00,2844.59,Mumbai,0
T07845,U0229,D0239,M045,2026-08-20 15:20:00,7723.21,Chennai,0
T07846,U0305,D0491,M044,2026-08-06 19:16:00,8483.84,Hyderabad,0
T07847,U0943,D0306,M031,2026-08-24 05:07:00,1038.33,Bangalore,0
T07848,U0260,D0214,M093,2026-08-05 22:07:00,1761.46,Pune,0
T07849,U0604,D0113,M097,2026-08-25 08:37:00,2797.45,Delhi,0
T07850,U0766,D0413,M058,2026-08-12 04:58:00,4529.63,Hyderabad,0
T07851,U0718,D0417,M041,2026-08-07 04:17:00,8952.99,Delhi,0
T07852,U0263,D0325,M057,2026-08-01 09:03:00,7305.5,Delhi,0
T07853,U0169,D0241,M091,2026-08-25 15:50:00,8083.64,Delhi,0
T07854,U0163,D0244,M091,2026-08-02 21:39:00,5510.41,Hyderabad,0
T07855,U0167,D0174,M053,2026-08-13 20:41:00,7152.74,Bangalore,0
T07856,U0499,D0093,M096,2026-08-06 02:40:00,6979.29,Bangalore,0
T07857,U0498,D0268,M054,2026-08-16 12:45:00,9576.24,Delhi,0
T07858,U0888,D0497,M081,2026-08-27 21:52:00,5943.96,Pune,0
T07859,U0339,D0130,M056,2026-08-04 02:48:00,1062.41,Pune,0
T07860,U0575,D0367,M064,2026-08-20 00:35:00,318.2,Chennai,0
T07861,U0802,D0114,M046,2026-08-14 05:25:00,9066.6,Mumbai,0
T07862,U1000,D0292,M059,2026-08-07 13:29:00,5106.63,Chennai,0
T07863,U0873,D0426,M070,2026-08-26 18:12:00,5284.49,Chennai,0
T07864,U0557,D0473,M046,2026-08-03 08:19:00,4624.67,Hyderabad,0
T07865,U0787,D0336,M097,2026-08-12 23:46:00,5889.4,Pune,0
T07866,U0892,D0240,M035,2026-08-08 20:02:00,3949.05,Delhi,0
T07867,U0303,D0076,M057,2026-08-11 04:46:00,882.45,Hyderabad,0
T07868,U0913,D0297,M073,2026-08-19 23:45:00,9689.32,Hyderabad,0
T07869,U0658,D0442,M041,2026-08-20 02:16:00,3968.36,Mumbai,0
T07870,U0675,D0399,M038,2026-08-10 14:33:00,324.73,Delhi,0
T07871,U0789,D0252,M033,2026-08-14 19:10:00,2427.7,Delhi,0
T07872,U0734,D0421,M076,2026-08-14 05:31:00,6527.53,Mumbai,0
T07873,U0428,D0256,M031,2026-08-25 01:06:00,3917.63,Pune,0
T07874,U0874,D0364,M067,2026-08-09 15:33:00,7963.64,Chennai,0
T07875,U0938,D0141,M054,2026-08-02 01:05:00,4770.46,Chennai,0
T07876,U0428,D0448,M096,2026-08-23 06:20:00,3916.93,Bangalore,0
T07877,U0341,D0287,M038,2026-08-10 21:38:00,6728.06,Delhi,0
T07878,U0523,D0493,M072,2026-08-23 07:13:00,2587.82,Delhi,0
T07879,U0557,D0136,M090,2026-08-01 14:33:00,6909.51,Delhi,0
T07880,U0355,D0371,M057,2026-08-15 05:06:00,8856.67,Bangalore,0
T07881,U0681,D0188,M073,2026-08-13 08:19:00,6371.54,Hyderabad,0
T07882,U0295,D0421,M086,2026-08-24 10:28:00,5350.97,Delhi,0
T07883,U0709,D0337,M041,2026-08-27 19:54:00,1802.65,Mumbai,0
T07884,U0777,D0272,M073,2026-08-18 08:02:00,6170.92,Chennai,0
T07885,U0530,D0416,M079,2026-08-07 11:10:00,9523.54,Mumbai,0
T07886,U0855,D0159,M043,2026-08-11 22:08:00,4201.75,Chennai,0
T07887,U0235,D0488,M048,2026-08-22 09:22:00,3470.52,Hyderabad,0
T07888,U0276,D0348,M052,2026-08-28 21:35:00,7421.35,Pune,0
T07889,U0921,D0252,M069,2026-08-29 21:20:00,9902.21,Delhi,0
T07890,U0991,D0459,M030,2026-08-08 07:51:00,9060.34,Chennai,0
T07891,U0677,D0085,M037,2026-08-21 16:16:00,5021.62,Pune,0
T07892,U0178,D0291,M042,2026-08-26 16:04:00,3032.39,Bangalore,0
T07893,U0287,D0459,M075,2026-08-27 00:06:00,2934.01,Mumbai,0
T07894,U0379,D0473,M072,2026-08-10 17:15:00,2847.97,Pune,0
T07895,U0439,D0432,M057,2026-08-29 06:36:00,824.91,Pune,0
T07896,U0373,D0171,M056,2026-08-06 15:06:00,8287.13,Mumbai,0
T07897,U0829,D0459,M080,2026-08-22 07:54:00,8581.78,Pune,0
T07898,U0202,D0293,M080,2026-08-30 02:45:00,4914.89,Pune,0
T07899,U0414,D0316,M087,2026-08-30 09:29:00,6384.02,Bangalore,0
T07900,U0880,D0125,M036,2026-08-03 19:11:00,3023.23,Delhi,0
T07901,U0386,D0336,M058,2026-08-12 05:40:00,7442.62,Delhi,0
T07902,U0328,D0277,M028,2026-08-04 20:46:00,6459.87,Mumbai,0
T07903,U0631,D0440,M086,2026-08-29 06:09:00,7554.06,Pune,0
T07904,U0378,D0172,M062,2026-08-07 11:36:00,1419.18,Chennai,0
T07905,U0756,D0191,M042,2026-08-07 02:17:00,2710.41,Hyderabad,0
T07906,U0933,D0328,M087,2026-08-21 12:37:00,7722.63,Mumbai,0
T07907,U0618,D0205,M072,2026-08-21 07:02:00,6777.08,Bangalore,0
T07908,U0319,D0130,M092,2026-08-24 22:01:00,8784.91,Chennai,0
T07909,U0246,D0127,M062,2026-08-24 22:53:00,3159.22,Bangalore,0
T07910,U0383,D0440,M074,2026-08-09 15:05:00,5359.32,Delhi,0
T07911,U0997,D0278,M094,2026-08-23 06:19:00,5466.0,Delhi,0
T07912,U0455,D0166,M028,2026-08-13 23:41:00,4675.0,Pune,0
T07913,U0791,D0430,M097,2026-08-12 05:20:00,3748.21,Delhi,0
T07914,U0961,D0380,M065,2026-08-21 08:19:00,7552.88,Bangalore,0
T07915,U0543,D0371,M057,2026-08-27 20:09:00,1858.82,Hyderabad,0
T07916,U0398,D0142,M032,2026-08-07 20:04:00,9908.73,Hyderabad,0
T07917,U0468,D0284,M036,2026-08-20 02:24:00,7155.61,Pune,0
T07918,U0811,D0318,M063,2026-08-19 17:28:00,7486.69,Mumbai,0
T07919,U0811,D0307,M093,2026-08-04 02:32:00,5246.19,Delhi,0
T07920,U0680,D0479,M081,2026-08-10 19:06:00,7204.04,Pune,0
T07921,U0231,D0191,M099,2026-08-15 19:36:00,6222.16,Hyderabad,0
T07922,U0949,D0402,M067,2026-08-27 15:49:00,1437.17,Bangalore,0
T07923,U0268,D0440,M097,2026-08-16 06:15:00,7508.39,Chennai,0
T07924,U0386,D0399,M068,2026-08-29 16:31:00,611.42,Delhi,0
T07925,U0438,D0311,M053,2026-08-23 11:56:00,4925.42,Mumbai,0
T07926,U0291,D0281,M051,2026-08-23 23:47:00,9161.19,Delhi,0
T07927,U0539,D0256,M063,2026-08-26 14:38:00,9442.19,Mumbai,0
T07928,U0846,D0313,M098,2026-08-04 21:49:00,7109.2,Delhi,0
T07929,U0793,D0399,M045,2026-08-07 03:36:00,301.22,Delhi,0
T07930,U0886,D0406,M041,2026-08-02 01:23:00,7911.04,Bangalore,0
T07931,U0911,D0206,M048,2026-08-23 23:10:00,8188.27,Pune,0
T07932,U0577,D0381,M033,2026-08-18 23:34:00,1903.83,Bangalore,0
T07933,U0480,D0326,M067,2026-08-27 16:15:00,3467.93,Hyderabad,0
T07934,U0747,D0468,M031,2026-08-26 17:11:00,7022.92,Mumbai,0
T07935,U0251,D0399,M027,2026-08-24 06:25:00,178.43,Pune,0
T07936,U0422,D0399,M071,2026-08-24 10:20:00,6976.87,Chennai,0
T07937,U0430,D0156,M048,2026-08-23 00:24:00,8592.3,Pune,0
T07938,U0451,D0444,M076,2026-08-20 06:37:00,3560.75,Pune,0
T07939,U0282,D0393,M064,2026-08-24 11:54:00,2063.91,Bangalore,0
T07940,U0504,D0134,M084,2026-08-06 15:45:00,5904.6,Chennai,0
T07941,U0911,D0245,M034,2026-08-09 04:39:00,6560.1,Hyderabad,0
T07942,U0361,D0464,M056,2026-08-15 21:46:00,2396.94,Mumbai,0
T07943,U0625,D0267,M083,2026-08-23 00:43:00,5027.29,Chennai,0
T07944,U0407,D0445,M042,2026-08-18 15:48:00,8011.74,Hyderabad,0
T07945,U0695,D0322,M067,2026-08-03 04:31:00,2147.49,Bangalore,0
T07946,U0160,D0229,M082,2026-08-28 06:33:00,1012.29,Bangalore,0
T07947,U0632,D0320,M035,2026-08-29 15:38:00,8964.84,Pune,0
T07948,U0337,D0337,M029,2026-08-19 19:02:00,944.86,Pune,0
T07949,U0741,D0381,M030,2026-08-22 21:47:00,8439.45,Mumbai,0
T07950,U0553,D0438,M078,2026-08-28 11:59:00,7653.16,Pune,0
T07951,U0430,D0318,M045,2026-08-05 02:24:00,4648.69,Chennai,0
T07952,U0447,D0469,M055,2026-08-17 18:13:00,3961.48,Delhi,0
T07953,U0823,D0490,M057,2026-08-03 07:04:00,2258.44,Hyderabad,0
T07954,U0926,D0176,M075,2026-08-27 01:40:00,3779.98,Chennai,0
T07955,U0522,D0242,M094,2026-08-21 06:35:00,7303.7,Mumbai,0
T07956,U0652,D0181,M066,2026-08-01 11:29:00,4798.03,Delhi,0
T07957,U0928,D0123,M033,2026-08-23 17:16:00,1840.99,Pune,0
T07958,U0380,D0410,M064,2026-08-21 23:48:00,8427.26,Hyderabad,0
T07959,U0894,D0288,M035,2026-08-09 08:20:00,6830.66,Bangalore,0
T07960,U0417,D0388,M052,2026-08-30 20:48:00,4108.35,Chennai,0
T07961,U0260,D0470,M099,2026-08-18 23:17:00,1842.94,Mumbai,0
T07962,U0492,D0277,M064,2026-08-12 15:15:00,2307.36,Bangalore,0
T07963,U0748,D0239,M034,2026-08-29 15:38:00,6091.04,Hyderabad,0
T07964,U0553,D0281,M053,2026-08-01 18:01:00,710.48,Mumbai,0
T07965,U0356,D0275,M044,2026-08-06 09:01:00,7946.17,Bangalore,0
T07966,U0518,D0423,M035,2026-08-18 16:43:00,2663.87,Mumbai,0
T07967,U0673,D0312,M033,2026-08-14 16:10:00,8408.83,Delhi,0
T07968,U0261,D0122,M052,2026-08-30 18:22:00,3703.06,Chennai,0
T07969,U0855,D0449,M086,2026-08-29 18:05:00,9936.66,Pune,0
T07970,U0403,D0385,M079,2026-08-17 14:33:00,9317.0,Mumbai,0
T07971,U0794,D0159,M066,2026-08-27 10:19:00,7518.06,Mumbai,0
T07972,U0602,D0311,M086,2026-08-03 18:50:00,3412.93,Hyderabad,0
T07973,U0680,D0379,M100,2026-08-02 16:20:00,4794.61,Chennai,0
T07974,U0861,D0376,M075,2026-08-28 17:10:00,7679.23,Bangalore,0
T07975,U0484,D0225,M096,2026-08-09 07:58:00,9742.14,Mumbai,0
T07976,U0160,D0101,M042,2026-08-27 02:49:00,2548.14,Pune,0
T07977,U0996,D0129,M053,2026-08-06 20:33:00,3971.84,Delhi,0
T07978,U0350,D0317,M059,2026-08-20 03:30:00,295.14,Bangalore,0
T07979,U0406,D0298,M095,2026-08-25 09:10:00,2942.56,Hyderabad,0
T07980,U0662,D0322,M036,2026-08-07 03:54:00,7444.31,Bangalore,0
T07981,U0689,D0212,M048,2026-08-29 11:06:00,6496.86,Bangalore,0
T07982,U0890,D0378,M071,2026-08-19 19:50:00,7553.59,Mumbai,0
T07983,U0597,D0417,M072,2026-08-16 06:59:00,5623.95,Chennai,0
T07984,U0309,D0188,M073,2026-08-17 10:53:00,8840.81,Pune,0
T07985,U0710,D0241,M097,2026-08-23 07:28:00,6714.99,Mumbai,0
T07986,U0350,D0078,M045,2026-08-07 17:28:00,5514.69,Pune,0
T07987,U0332,D0387,M054,2026-08-11 17:16:00,3632.46,Chennai,0
T07988,U0707,D0300,M093,2026-08-28 20:58:00,5028.74,Hyderabad,0
T07989,U0894,D0175,M070,2026-08-28 05:51:00,6524.29,Hyderabad,0
T07990,U0647,D0156,M078,2026-08-24 22:48:00,6675.47,Pune,0
T07991,U0661,D0212,M078,2026-08-13 14:32:00,6791.29,Hyderabad,0
T07992,U0185,D0308,M045,2026-08-24 15:53:00,2529.36,Bangalore,0
T07993,U0276,D0357,M071,2026-08-03 05:49:00,5310.72,Bangalore,0
T07994,U0703,D0321,M066,2026-08-19 08:18:00,7426.34,Hyderabad,0
T07995,U0919,D0089,M069,2026-08-25 17:01:00,1200.03,Bangalore,0
T07996,U0478,D0347,M027,2026-08-05 22:55:00,114.93,Pune,0
T07997,U0720,D0424,M079,2026-08-23 03:22:00,5985.95,Hyderabad,0
T07998,U0410,D0331,M081,2026-08-04 14:42:00,5923.89,Mumbai,0
T07999,U0695,D0491,M096,2026-08-20 10:08:00,3831.59,Mumbai,0
T08000,U0955,D0400,M063,2026-08-18 16:31:00,7651.66,Chennai,0
T08001,U0375,D0195,M064,2026-08-21 05:11:00,4482.59,Pune,0
T08002,U0738,D0285,M055,2026-08-10 00:57:00,9531.46,Delhi,0
T08003,U0302,D0155,M081,2026-08-08 17:58:00,5069.79,Delhi,0
T08004,U0227,D0252,M026,2026-08-09 06:02:00,2263.91,Hyderabad,0
T08005,U0362,D0357,M089,2026-08-12 03:28:00,2954.16,Hyderabad,0
T08006,U0202,D0241,M047,2026-08-06 05:56:00,6042.84,Bangalore,0
T08007,U0478,D0400,M026,2026-08-12 11:47:00,4785.06,Mumbai,0
T08008,U0178,D0395,M087,2026-08-30 04:47:00,5680.36,Chennai,0
T08009,U0760,D0114,M060,2026-08-17 04:11:00,9499.81,Mumbai,0
T08010,U0612,D0196,M078,2026-08-18 04:29:00,259.14,Delhi,0
T08011,U0920,D0455,M066,2026-08-27 10:10:00,1237.03,Delhi,0
T08012,U0246,D0300,M064,2026-08-23 01:24:00,9772.14,Chennai,0
T08013,U0549,D0299,M072,2026-08-10 07:53:00,6178.58,Pune,0
T08014,U0692,D0345,M070,2026-08-24 20:19:00,4558.97,Hyderabad,0
T08015,U0669,D0458,M070,2026-08-30 18:58:00,8733.71,Mumbai,0
T08016,U0270,D0201,M040,2026-08-29 18:02:00,6159.53,Hyderabad,0
T08017,U0419,D0211,M075,2026-08-03 22:28:00,9196.31,Chennai,0
T08018,U0729,D0239,M049,2026-08-16 10:13:00,4841.03,Mumbai,0
T08019,U0639,D0323,M061,2026-08-11 18:52:00,4442.02,Chennai,0
T08020,U0232,D0148,M054,2026-08-24 02:25:00,2814.23,Mumbai,0
T08021,U0606,D0265,M075,2026-08-04 07:24:00,7875.95,Delhi,0
T08022,U0234,D0356,M098,2026-08-24 15:03:00,4743.84,Hyderabad,0
T08023,U0655,D0379,M094,2026-08-11 01:19:00,1355.65,Chennai,0
T08024,U0984,D0380,M031,2026-08-30 02:13:00,7811.82,Bangalore,0
T08025,U0482,D0377,M027,2026-08-15 13:11:00,2937.86,Pune,0
T08026,U0267,D0300,M055,2026-08-18 06:49:00,3288.64,Hyderabad,0
T08027,U0442,D0092,M067,2026-08-26 19:36:00,764.86,Chennai,0
T08028,U0434,D0231,M049,2026-08-14 05:14:00,4146.62,Pune,0
T08029,U0908,D0316,M039,2026-08-07 03:09:00,1965.59,Chennai,0
T08030,U0403,D0104,M078,2026-08-16 07:15:00,2443.78,Hyderabad,0
T08031,U0961,D0175,M073,2026-08-28 21:02:00,9454.4,Hyderabad,0
T08032,U0991,D0375,M095,2026-08-01 21:59:00,5746.18,Chennai,0
T08033,U0666,D0171,M041,2026-08-28 01:15:00,4093.06,Bangalore,0
T08034,U0688,D0326,M097,2026-08-23 05:53:00,7662.68,Hyderabad,0
T08035,U0799,D0316,M090,2026-08-30 15:45:00,8609.68,Chennai,0
T08036,U0947,D0435,M086,2026-08-09 15:54:00,4704.19,Mumbai,0
T08037,U0404,D0100,M086,2026-08-21 17:41:00,2272.98,Pune,0
T08038,U0983,D0339,M057,2026-08-20 21:41:00,8470.88,Mumbai,0
T08039,U0178,D0367,M089,2026-08-30 21:59:00,5736.89,Mumbai,0
T08040,U0666,D0490,M067,2026-08-16 05:53:00,9763.21,Bangalore,0
T08041,U0853,D0405,M063,2026-08-13 15:02:00,9959.94,Pune,0
T08042,U0198,D0303,M043,2026-08-28 08:01:00,4057.33,Delhi,0
T08043,U0897,D0471,M029,2026-08-04 17:13:00,270.46,Mumbai,0
T08044,U0777,D0194,M049,2026-08-07 17:10:00,4107.14,Chennai,0
T08045,U0610,D0340,M046,2026-08-16 17:31:00,2967.53,Chennai,0
T08046,U0167,D0246,M064,2026-08-04 13:38:00,7404.58,Mumbai,0
T08047,U0662,D0137,M034,2026-08-21 21:08:00,4476.56,Chennai,0
T08048,U0749,D0358,M082,2026-08-08 11:46:00,2851.81,Pune,0
T08049,U0474,D0359,M037,2026-08-27 20:46:00,7886.59,Delhi,0
T08050,U0622,D0419,M030,2026-08-24 00:42:00,6745.44,Hyderabad,0
T08051,U0158,D0329,M068,2026-08-15 08:31:00,7671.66,Pune,0
T08052,U0714,D0488,M026,2026-08-17 14:12:00,2038.39,Mumbai,0
T08053,U0497,D0392,M087,2026-08-07 11:01:00,4430.05,Chennai,0
T08054,U0785,D0265,M030,2026-08-21 15:16:00,7433.52,Bangalore,0
T08055,U0508,D0118,M050,2026-08-03 01:38:00,4146.59,Mumbai,0
T08056,U0610,D0169,M034,2026-08-06 20:20:00,5393.82,Hyderabad,0
T08057,U0548,D0356,M057,2026-08-26 03:47:00,4554.03,Bangalore,0
T08058,U0998,D0169,M087,2026-08-24 16:44:00,9375.01,Chennai,0
T08059,U0611,D0367,M097,2026-08-08 01:56:00,1205.23,Pune,0
T08060,U0738,D0163,M065,2026-08-04 20:15:00,2304.68,Bangalore,0
T08061,U0641,D0199,M026,2026-08-20 09:25:00,6916.05,Delhi,0
T08062,U0187,D0500,M093,2026-08-17 22:18:00,5353.88,Bangalore,0
T08063,U0568,D0362,M059,2026-08-23 20:09:00,2121.47,Mumbai,0
T08064,U0948,D0466,M092,2026-08-06 15:01:00,4291.51,Chennai,0
T08065,U0354,D0350,M076,2026-08-20 08:49:00,3426.12,Mumbai,0
T08066,U0198,D0280,M086,2026-08-22 21:06:00,3776.8,Hyderabad,0
T08067,U0728,D0258,M083,2026-08-12 01:58:00,7376.63,Hyderabad,0
T08068,U0448,D0127,M026,2026-08-15 11:50:00,9440.07,Pune,0
T08069,U0836,D0302,M087,2026-08-30 23:44:00,1395.3,Bangalore,0
T08070,U0451,D0096,M048,2026-08-15 22:29:00,6915.61,Pune,0
T08071,U0696,D0409,M090,2026-08-25 22:41:00,740.45,Pune,0
T08072,U0704,D0239,M067,2026-08-25 01:22:00,4530.79,Chennai,0
T08073,U0501,D0324,M090,2026-08-14 06:53:00,7585.11,Mumbai,0
T08074,U0795,D0152,M031,2026-08-24 22:57:00,310.67,Hyderabad,0
T08075,U0267,D0084,M062,2026-08-04 21:32:00,3761.5,Mumbai,0
T08076,U0903,D0466,M064,2026-08-27 09:21:00,2522.48,Mumbai,0
T08077,U0539,D0083,M092,2026-08-06 09:51:00,4338.41,Pune,0
T08078,U0992,D0134,M037,2026-08-16 14:56:00,6388.6,Pune,0
T08079,U0542,D0299,M037,2026-08-11 12:16:00,6514.25,Bangalore,0
T08080,U0872,D0217,M082,2026-08-30 18:47:00,3627.31,Bangalore,0
T08081,U0193,D0500,M065,2026-08-16 06:41:00,5564.76,Bangalore,0
T08082,U0807,D0359,M043,2026-08-06 22:07:00,6299.31,Bangalore,0
T08083,U0566,D0368,M030,2026-08-30 14:51:00,3905.83,Delhi,0
T08084,U0959,D0233,M056,2026-08-16 02:40:00,4427.24,Hyderabad,0
T08085,U0907,D0432,M090,2026-08-02 20:28:00,9211.11,Chennai,0
T08086,U0958,D0411,M076,2026-08-10 14:38:00,5667.98,Mumbai,0
T08087,U0450,D0325,M043,2026-08-08 11:56:00,3113.57,Hyderabad,0
T08088,U0940,D0337,M038,2026-08-23 01:13:00,479.98,Pune,0
T08089,U0377,D0196,M070,2026-08-03 22:35:00,7845.24,Hyderabad,0
T08090,U0809,D0417,M049,2026-08-12 20:40:00,2794.25,Pune,0
T08091,U0953,D0389,M078,2026-08-19 06:24:00,7053.25,Pune,0
T08092,U0773,D0094,M031,2026-08-02 14:04:00,2672.51,Chennai,0
T08093,U0756,D0439,M096,2026-08-01 19:51:00,2804.93,Pune,0
T08094,U0714,D0465,M095,2026-08-19 23:36:00,5008.57,Chennai,0
T08095,U0474,D0129,M064,2026-08-01 11:11:00,6905.51,Mumbai,0
T08096,U0263,D0454,M082,2026-08-03 07:37:00,5689.83,Delhi,0
T08097,U0609,D0183,M035,2026-08-23 15:44:00,8263.88,Delhi,0
T08098,U0664,D0135,M076,2026-08-19 11:46:00,9596.55,Delhi,0
T08099,U0256,D0190,M028,2026-08-11 11:01:00,8593.51,Delhi,0
T08100,U0452,D0270,M039,2026-08-09 05:17:00,5540.21,Hyderabad,0
T08101,U0206,D0127,M074,2026-08-12 11:40:00,3322.6,Mumbai,0
T08102,U0545,D0154,M073,2026-08-20 23:42:00,2393.18,Chennai,0
T08103,U0508,D0188,M079,2026-08-05 21:58:00,1359.58,Mumbai,0
T08104,U0758,D0332,M083,2026-08-18 23:04:00,1804.93,Chennai,0
T08105,U0956,D0463,M100,2026-08-17 03:22:00,9286.03,Pune,0
T08106,U0805,D0375,M065,2026-08-23 05:20:00,2872.97,Bangalore,0
T08107,U0719,D0106,M098,2026-08-30 11:18:00,5105.56,Mumbai,0
T08108,U0273,D0314,M055,2026-08-30 16:11:00,2282.66,Hyderabad,0
T08109,U0943,D0329,M038,2026-08-20 07:27:00,464.55,Hyderabad,0
T08110,U0327,D0271,M036,2026-08-13 01:30:00,8359.34,Hyderabad,0
T08111,U0609,D0120,M079,2026-08-16 03:41:00,465.23,Hyderabad,0
T08112,U0419,D0468,M039,2026-08-17 20:06:00,1935.02,Hyderabad,0
T08113,U0441,D0252,M090,2026-08-29 19:15:00,1520.0,Mumbai,0
T08114,U0907,D0381,M062,2026-08-17 19:10:00,2643.82,Pune,0
T08115,U0840,D0369,M040,2026-08-10 23:25:00,9327.06,Mumbai,0
T08116,U0722,D0098,M058,2026-08-28 01:49:00,5109.22,Mumbai,0
T08117,U0289,D0086,M050,2026-08-25 22:06:00,8098.95,Mumbai,0
T08118,U0403,D0380,M076,2026-08-15 19:16:00,7385.83,Hyderabad,0
T08119,U0328,D0494,M086,2026-08-19 23:21:00,124.06,Mumbai,0
T08120,U0439,D0413,M041,2026-08-15 03:41:00,4421.93,Hyderabad,0
T08121,U0154,D0483,M047,2026-08-20 19:29:00,6968.53,Chennai,0
T08122,U0511,D0173,M062,2026-08-08 01:12:00,3322.95,Hyderabad,0
T08123,U0545,D0120,M097,2026-08-09 23:40:00,1519.45,Mumbai,0
T08124,U0888,D0154,M037,2026-08-10 10:59:00,5380.29,Bangalore,0
T08125,U0855,D0260,M070,2026-08-04 07:04:00,8440.41,Delhi,0
T08126,U0834,D0256,M060,2026-08-07 00:45:00,8720.26,Pune,0
T08127,U0521,D0471,M044,2026-08-22 21:38:00,3458.76,Hyderabad,0
T08128,U0562,D0353,M090,2026-08-30 01:32:00,711.41,Hyderabad,0
T08129,U0813,D0345,M048,2026-08-01 14:27:00,4442.16,Mumbai,0
T08130,U0224,D0153,M076,2026-08-09 13:30:00,2134.67,Bangalore,0
T08131,U0859,D0415,M049,2026-08-30 21:09:00,6221.2,Mumbai,0
T08132,U0693,D0129,M057,2026-08-07 21:25:00,4126.43,Chennai,0
T08133,U0613,D0202,M057,2026-08-08 00:55:00,8796.18,Chennai,0
T08134,U0610,D0304,M080,2026-08-20 23:28:00,2985.06,Delhi,0
T08135,U0494,D0335,M091,2026-08-06 15:01:00,5848.28,Hyderabad,0
T08136,U0931,D0273,M094,2026-08-21 07:31:00,6437.64,Mumbai,0
T08137,U0921,D0226,M100,2026-08-07 20:59:00,9758.75,Hyderabad,0
T08138,U0425,D0386,M050,2026-08-04 07:39:00,2092.41,Mumbai,0
T08139,U0505,D0402,M089,2026-08-08 03:28:00,9883.08,Pune,0
T08140,U0919,D0282,M078,2026-08-23 23:11:00,2680.28,Delhi,0
T08141,U0155,D0427,M068,2026-08-11 11:07:00,4102.94,Mumbai,0
T08142,U0600,D0406,M090,2026-08-10 12:32:00,7656.24,Bangalore,0
T08143,U0346,D0114,M076,2026-08-06 14:49:00,9029.22,Pune,0
T08144,U0946,D0181,M039,2026-08-23 00:17:00,4556.83,Bangalore,0
T08145,U0500,D0200,M064,2026-08-02 21:02:00,9159.88,Delhi,0
T08146,U0847,D0349,M054,2026-08-09 14:53:00,2077.09,Pune,0
T08147,U0477,D0483,M038,2026-08-24 07:20:00,255.67,Mumbai,0
T08148,U0563,D0219,M095,2026-08-01 12:22:00,1659.44,Mumbai,0
T08149,U0289,D0351,M033,2026-08-06 10:14:00,8725.91,Chennai,0
T08150,U0663,D0346,M072,2026-08-09 19:50:00,812.43,Hyderabad,0
T08151,U0433,D0472,M056,2026-08-26 15:20:00,4891.84,Bangalore,0
T08152,U0519,D0324,M057,2026-08-12 20:05:00,8110.28,Hyderabad,0
T08153,U0744,D0487,M036,2026-08-01 23:28:00,6770.13,Mumbai,0
T08154,U0163,D0332,M079,2026-08-09 08:16:00,2433.24,Mumbai,0
T08155,U0512,D0106,M063,2026-08-19 01:49:00,474.95,Chennai,0
T08156,U0571,D0410,M048,2026-08-07 12:47:00,3178.3,Mumbai,0
T08157,U0716,D0403,M042,2026-08-07 13:56:00,9337.69,Hyderabad,0
T08158,U0258,D0402,M096,2026-08-07 15:55:00,8701.37,Mumbai,0
T08159,U0807,D0126,M057,2026-08-16 08:28:00,526.81,Mumbai,0
T08160,U0279,D0109,M033,2026-08-25 02:12:00,2962.0,Bangalore,0
T08161,U0481,D0321,M100,2026-08-23 14:13:00,9239.97,Bangalore,0
T08162,U0555,D0145,M093,2026-08-03 22:13:00,467.99,Delhi,0
T08163,U0640,D0404,M071,2026-08-09 08:54:00,8685.86,Mumbai,0
T08164,U0694,D0278,M079,2026-08-18 00:41:00,591.21,Delhi,0
T08165,U0370,D0290,M096,2026-08-05 05:31:00,7651.72,Delhi,0
T08166,U0979,D0420,M046,2026-08-06 04:12:00,2980.02,Mumbai,0
T08167,U0382,D0317,M051,2026-08-03 10:53:00,5302.0,Mumbai,0
T08168,U0235,D0219,M051,2026-08-27 07:56:00,277.11,Delhi,0
T08169,U0161,D0384,M045,2026-08-02 04:34:00,9142.77,Hyderabad,0
T08170,U0960,D0454,M076,2026-08-09 01:25:00,4038.26,Bangalore,0
T08171,U0644,D0079,M048,2026-08-30 16:07:00,9363.9,Mumbai,0
T08172,U0443,D0338,M067,2026-08-30 17:33:00,4543.95,Delhi,0
T08173,U0884,D0349,M093,2026-08-29 00:53:00,1800.66,Chennai,0
T08174,U0323,D0312,M055,2026-08-25 06:07:00,1260.32,Hyderabad,0
T08175,U0329,D0154,M052,2026-08-08 20:52:00,1438.32,Mumbai,0
T08176,U0837,D0423,M048,2026-08-15 22:14:00,2633.63,Bangalore,0
T08177,U0454,D0379,M057,2026-08-26 01:28:00,6870.96,Hyderabad,0
T08178,U0652,D0470,M073,2026-08-14 06:32:00,2423.77,Bangalore,0
T08179,U0669,D0350,M077,2026-08-15 04:00:00,3673.97,Hyderabad,0
T08180,U0616,D0355,M032,2026-08-03 14:43:00,4807.96,Pune,0
T08181,U0738,D0164,M060,2026-08-20 12:02:00,2245.18,Mumbai,0
T08182,U0764,D0343,M056,2026-08-22 18:08:00,8438.48,Hyderabad,0
T08183,U0804,D0408,M072,2026-08-30 12:08:00,268.97,Hyderabad,0
T08184,U0708,D0200,M095,2026-08-23 10:18:00,3672.62,Bangalore,0
T08185,U0910,D0331,M085,2026-08-02 10:14:00,6209.02,Bangalore,0
T08186,U0900,D0172,M040,2026-08-21 04:44:00,7916.49,Bangalore,0
T08187,U0796,D0115,M055,2026-08-17 12:01:00,9914.63,Pune,0
T08188,U0663,D0077,M062,2026-08-09 18:44:00,2173.83,Bangalore,0
T08189,U0976,D0463,M073,2026-08-20 03:25:00,5848.8,Hyderabad,0
T08190,U0169,D0135,M032,2026-08-04 19:05:00,3192.59,Bangalore,0
T08191,U0243,D0392,M051,2026-08-10 12:03:00,3336.07,Bangalore,0
T08192,U0596,D0161,M048,2026-08-18 10:34:00,640.13,Delhi,0
T08193,U0363,D0115,M075,2026-08-13 13:49:00,1391.48,Mumbai,0
T08194,U0559,D0192,M055,2026-08-06 07:45:00,3853.49,Hyderabad,0
T08195,U0204,D0357,M045,2026-08-09 15:51:00,1143.5,Bangalore,0
T08196,U0637,D0119,M083,2026-08-06 12:14:00,6060.45,Delhi,0
T08197,U0453,D0238,M085,2026-08-12 09:07:00,557.39,Bangalore,0
T08198,U0769,D0416,M099,2026-08-17 11:22:00,385.53,Bangalore,0
T08199,U0763,D0439,M027,2026-08-01 06:12:00,8430.9,Hyderabad,0
T08200,U0573,D0470,M082,2026-08-11 14:13:00,6413.11,Chennai,0
T08201,U0972,D0289,M054,2026-08-17 14:27:00,6021.2,Bangalore,0
T08202,U0634,D0485,M081,2026-08-11 20:38:00,3678.96,Hyderabad,0
T08203,U0263,D0198,M029,2026-08-07 19:55:00,7074.81,Delhi,0
T08204,U0953,D0463,M074,2026-08-22 19:07:00,9943.05,Bangalore,0
T08205,U0557,D0288,M067,2026-08-20 06:29:00,314.85,Hyderabad,0
T08206,U0746,D0161,M050,2026-08-17 16:07:00,8847.85,Mumbai,0
T08207,U0605,D0223,M036,2026-08-14 16:47:00,5841.77,Hyderabad,0
T08208,U0633,D0119,M089,2026-08-16 08:14:00,1997.27,Chennai,0
T08209,U0881,D0329,M089,2026-08-16 19:58:00,1715.83,Bangalore,0
T08210,U0474,D0345,M085,2026-08-24 18:51:00,6282.02,Delhi,0
T08211,U0760,D0489,M040,2026-08-19 06:02:00,8175.15,Delhi,0
T08212,U0406,D0126,M087,2026-08-05 19:39:00,3240.76,Bangalore,0
T08213,U0246,D0110,M059,2026-08-08 09:28:00,7260.86,Bangalore,0
T08214,U0311,D0225,M090,2026-08-15 04:31:00,9940.61,Hyderabad,0
T08215,U0577,D0301,M053,2026-08-04 09:13:00,9161.54,Chennai,0
T08216,U0605,D0114,M086,2026-08-13 00:01:00,1014.84,Bangalore,0
T08217,U0849,D0285,M077,2026-08-28 04:12:00,3279.65,Hyderabad,0
T08218,U0821,D0103,M095,2026-08-17 00:21:00,4808.3,Bangalore,0
T08219,U0347,D0206,M026,2026-08-06 13:31:00,6530.34,Bangalore,0
T08220,U0655,D0282,M037,2026-08-22 00:05:00,386.38,Bangalore,0
T08221,U0362,D0408,M030,2026-08-06 03:48:00,1124.93,Chennai,0
T08222,U0613,D0185,M094,2026-08-11 02:06:00,8585.14,Pune,0
T08223,U0685,D0399,M037,2026-08-21 17:03:00,1707.1,Chennai,0
T08224,U0476,D0316,M074,2026-08-17 06:39:00,9554.68,Mumbai,0
T08225,U0416,D0082,M029,2026-08-03 21:31:00,5740.39,Pune,0
T08226,U0944,D0408,M066,2026-08-14 05:35:00,8572.3,Mumbai,0
T08227,U0891,D0105,M082,2026-08-26 03:58:00,8217.06,Chennai,0
T08228,U0448,D0114,M041,2026-08-20 04:00:00,8713.69,Chennai,0
T08229,U0428,D0466,M048,2026-08-14 18:54:00,9607.9,Pune,0
T08230,U0222,D0138,M058,2026-08-22 12:40:00,3239.33,Hyderabad,0
T08231,U0825,D0278,M081,2026-08-07 13:49:00,2820.03,Delhi,0
T08232,U0300,D0140,M055,2026-08-03 20:12:00,6477.79,Hyderabad,0
T08233,U0280,D0456,M035,2026-08-04 14:32:00,4285.02,Delhi,0
T08234,U0418,D0280,M033,2026-08-11 05:00:00,5233.34,Delhi,0
T08235,U0979,D0254,M038,2026-08-29 13:50:00,7046.76,Delhi,0
T08236,U0303,D0197,M061,2026-08-20 05:33:00,3970.01,Chennai,0
T08237,U0217,D0461,M089,2026-08-14 01:04:00,4304.41,Hyderabad,0
T08238,U0343,D0465,M055,2026-08-05 11:38:00,9470.96,Hyderabad,0
T08239,U0745,D0481,M066,2026-08-01 10:25:00,4358.47,Hyderabad,0
T08240,U0812,D0496,M062,2026-08-05 16:56:00,1051.67,Chennai,0
T08241,U0638,D0410,M039,2026-08-11 04:24:00,6454.42,Hyderabad,0
T08242,U0807,D0293,M056,2026-08-29 19:07:00,1141.34,Pune,0
T08243,U0163,D0330,M095,2026-08-28 05:51:00,8493.51,Bangalore,0
T08244,U0805,D0323,M094,2026-08-20 11:44:00,5808.37,Pune,0
T08245,U0918,D0240,M083,2026-08-18 02:24:00,629.78,Delhi,0
T08246,U0970,D0468,M093,2026-08-11 08:24:00,9840.87,Hyderabad,0
T08247,U0260,D0432,M067,2026-08-29 20:29:00,8600.79,Hyderabad,0
T08248,U0805,D0221,M088,2026-08-14 22:42:00,8394.36,Chennai,0
T08249,U0394,D0212,M054,2026-08-17 21:21:00,9858.72,Pune,0
T08250,U0774,D0316,M057,2026-08-20 15:52:00,7614.66,Mumbai,0
T08251,U0186,D0124,M080,2026-08-23 20:16:00,7740.47,Chennai,0
T08252,U0522,D0199,M035,2026-08-23 00:18:00,7990.48,Hyderabad,0
T08253,U0200,D0206,M026,2026-08-26 15:30:00,2221.24,Bangalore,0
T08254,U0235,D0458,M040,2026-08-24 14:09:00,3341.99,Mumbai,0
T08255,U0721,D0369,M083,2026-08-13 05:27:00,6478.21,Pune,0
T08256,U0786,D0259,M047,2026-08-26 16:45:00,310.34,Pune,0
T08257,U0957,D0412,M071,2026-08-02 11:30:00,6029.73,Mumbai,0
T08258,U0735,D0154,M090,2026-08-04 01:38:00,5353.31,Mumbai,0
T08259,U0898,D0154,M075,2026-08-19 02:57:00,5102.73,Mumbai,0
T08260,U0361,D0455,M048,2026-08-14 02:35:00,861.95,Pune,0
T08261,U0248,D0122,M070,2026-08-13 06:15:00,448.81,Pune,0
T08262,U0889,D0446,M074,2026-08-09 01:52:00,7422.77,Delhi,0
T08263,U0812,D0389,M029,2026-08-24 05:37:00,9773.04,Pune,0
T08264,U0914,D0411,M032,2026-08-18 22:04:00,5072.79,Chennai,0
T08265,U0242,D0466,M041,2026-08-07 19:56:00,9604.26,Bangalore,0
T08266,U0622,D0374,M068,2026-08-28 10:16:00,1481.49,Delhi,0
T08267,U0303,D0474,M046,2026-08-10 13:00:00,2490.03,Bangalore,0
T08268,U0340,D0244,M075,2026-08-23 02:53:00,5033.85,Hyderabad,0
T08269,U0153,D0498,M053,2026-08-24 14:59:00,8527.99,Mumbai,0
T08270,U0277,D0293,M048,2026-08-21 22:58:00,7023.11,Hyderabad,0
T08271,U0245,D0173,M061,2026-08-08 22:33:00,5018.37,Pune,0
T08272,U0657,D0172,M044,2026-08-10 04:08:00,3223.93,Mumbai,0
T08273,U0389,D0434,M088,2026-08-12 13:51:00,1880.99,Bangalore,0
T08274,U0843,D0234,M045,2026-08-01 12:57:00,6131.1,Chennai,0
T08275,U0186,D0300,M056,2026-08-22 21:32:00,2682.95,Hyderabad,0
T08276,U0816,D0336,M084,2026-08-03 23:32:00,6214.37,Delhi,0
T08277,U0445,D0149,M069,2026-08-03 07:03:00,9777.59,Pune,0
T08278,U0488,D0366,M043,2026-08-16 00:27:00,2339.63,Pune,0
T08279,U0977,D0077,M099,2026-08-17 13:44:00,3653.05,Pune,0
T08280,U0851,D0356,M088,2026-08-23 11:59:00,6117.17,Pune,0
T08281,U0772,D0190,M076,2026-08-14 10:38:00,6746.92,Chennai,0
T08282,U0651,D0183,M084,2026-08-27 14:56:00,3547.53,Chennai,0
T08283,U0378,D0342,M038,2026-08-20 05:14:00,9612.86,Bangalore,0
T08284,U0281,D0374,M045,2026-08-04 20:54:00,2469.6,Bangalore,0
T08285,U0255,D0413,M035,2026-08-11 21:27:00,6590.47,Bangalore,0
T08286,U0260,D0091,M086,2026-08-15 22:27:00,1958.47,Pune,0
T08287,U0196,D0167,M059,2026-08-19 10:22:00,9746.03,Hyderabad,0
T08288,U0688,D0473,M062,2026-08-05 17:08:00,1788.25,Chennai,0
T08289,U0993,D0449,M042,2026-08-09 06:05:00,2358.66,Chennai,0
T08290,U0185,D0361,M087,2026-08-12 08:16:00,5284.85,Hyderabad,0
T08291,U0871,D0488,M086,2026-08-03 16:41:00,9417.18,Pune,0
T08292,U0740,D0231,M052,2026-08-27 14:43:00,8326.57,Bangalore,0
T08293,U0405,D0321,M027,2026-08-24 23:23:00,9751.96,Delhi,0
T08294,U0601,D0341,M052,2026-08-22 19:59:00,6217.91,Bangalore,0
T08295,U0381,D0133,M080,2026-08-26 04:59:00,1939.46,Mumbai,0
T08296,U0816,D0103,M092,2026-08-01 07:07:00,6210.98,Delhi,0
T08297,U0365,D0304,M034,2026-08-17 22:44:00,1156.42,Chennai,0
T08298,U0227,D0305,M095,2026-08-14 17:25:00,2772.57,Delhi,0
T08299,U0708,D0362,M057,2026-08-25 14:09:00,130.82,Mumbai,0
T08300,U0804,D0218,M082,2026-08-11 12:39:00,5482.92,Bangalore,0
T08301,U0379,D0482,M052,2026-08-21 06:28:00,705.88,Hyderabad,0
T08302,U0739,D0212,M076,2026-08-08 16:38:00,3131.37,Hyderabad,0
T08303,U0471,D0233,M029,2026-08-21 00:11:00,8577.59,Bangalore,0
T08304,U0166,D0240,M055,2026-08-17 04:55:00,3286.9,Delhi,0
T08305,U0682,D0142,M052,2026-08-13 00:08:00,5562.52,Bangalore,0
T08306,U0834,D0139,M091,2026-08-02 05:57:00,6710.72,Chennai,0
T08307,U0729,D0409,M055,2026-08-24 13:13:00,9925.08,Bangalore,0
T08308,U0976,D0145,M094,2026-08-13 18:11:00,4972.33,Delhi,0
T08309,U0717,D0467,M047,2026-08-16 12:02:00,5202.91,Pune,0
T08310,U0513,D0188,M085,2026-08-04 04:37:00,9921.83,Mumbai,0
T08311,U0939,D0226,M038,2026-08-15 14:45:00,8854.09,Chennai,0
T08312,U0372,D0456,M030,2026-08-21 07:25:00,7740.88,Mumbai,0
T08313,U0571,D0289,M089,2026-08-03 18:28:00,6481.86,Pune,0
T08314,U0865,D0281,M053,2026-08-11 14:25:00,997.05,Delhi,0
T08315,U0958,D0111,M081,2026-08-05 05:54:00,9989.11,Delhi,0
T08316,U0491,D0248,M054,2026-08-02 03:55:00,5990.2,Mumbai,0
T08317,U0361,D0447,M040,2026-08-09 15:52:00,2630.77,Bangalore,0
T08318,U0386,D0325,M089,2026-08-29 08:13:00,864.02,Mumbai,0
T08319,U0159,D0472,M053,2026-08-23 02:27:00,5765.14,Pune,0
T08320,U0367,D0090,M079,2026-08-05 10:31:00,8126.43,Delhi,0
T08321,U0291,D0102,M027,2026-08-14 01:15:00,9851.16,Hyderabad,0
T08322,U0680,D0142,M031,2026-08-22 16:48:00,1524.42,Bangalore,0
T08323,U0551,D0169,M060,2026-08-21 10:10:00,9740.36,Hyderabad,0
T08324,U0281,D0228,M081,2026-08-26 10:26:00,2773.16,Mumbai,0
T08325,U0400,D0151,M072,2026-08-15 14:54:00,700.14,Mumbai,0
T08326,U0487,D0144,M099,2026-08-28 13:48:00,338.37,Pune,0
T08327,U0375,D0272,M082,2026-08-29 09:52:00,6393.78,Chennai,0
T08328,U0175,D0492,M083,2026-08-08 05:34:00,9074.6,Pune,0
T08329,U0896,D0093,M070,2026-08-22 16:40:00,5532.46,Pune,0
T08330,U0770,D0087,M055,2026-08-15 06:43:00,6983.7,Pune,0
T08331,U0479,D0081,M094,2026-08-05 11:49:00,5726.87,Mumbai,0
T08332,U0703,D0485,M059,2026-08-13 15:17:00,3286.15,Hyderabad,0
T08333,U0871,D0304,M094,2026-08-04 14:46:00,8261.28,Mumbai,0
T08334,U0420,D0226,M049,2026-08-02 12:43:00,9700.36,Hyderabad,0
T08335,U0207,D0401,M072,2026-08-04 20:45:00,9740.07,Hyderabad,0
T08336,U0858,D0416,M067,2026-08-20 02:33:00,4895.02,Hyderabad,0
T08337,U0160,D0364,M048,2026-08-03 04:58:00,1258.73,Mumbai,0
T08338,U0812,D0331,M066,2026-08-28 08:54:00,7389.59,Pune,0
T08339,U0399,D0094,M029,2026-08-04 06:09:00,2318.36,Hyderabad,0
T08340,U0793,D0116,M064,2026-08-02 12:20:00,3556.23,Pune,0
T08341,U0702,D0102,M075,2026-08-29 16:12:00,4839.68,Delhi,0
T08342,U0224,D0206,M060,2026-08-20 17:22:00,3657.57,Delhi,0
T08343,U0414,D0078,M032,2026-08-01 14:48:00,497.98,Hyderabad,0
T08344,U0189,D0087,M063,2026-08-19 18:23:00,2623.21,Hyderabad,0
T08345,U0408,D0395,M085,2026-08-18 12:34:00,5331.39,Chennai,0
T08346,U0453,D0450,M094,2026-08-21 01:23:00,3574.97,Hyderabad,0
T08347,U0567,D0085,M062,2026-08-26 02:29:00,5851.52,Chennai,0
T08348,U0439,D0278,M080,2026-08-07 02:57:00,3230.93,Mumbai,0
T08349,U0212,D0118,M050,2026-08-25 03:16:00,491.27,Mumbai,0
T08350,U0767,D0245,M036,2026-08-05 01:24:00,9878.63,Bangalore,0
T08351,U0325,D0417,M039,2026-08-18 11:29:00,3593.75,Pune,0
T08352,U0824,D0266,M033,2026-08-26 08:15:00,6782.87,Hyderabad,0
T08353,U0730,D0244,M028,2026-08-15 00:43:00,2478.62,Hyderabad,0
T08354,U0173,D0300,M035,2026-08-23 15:08:00,2641.56,Pune,0
T08355,U0594,D0426,M061,2026-08-22 21:24:00,9499.11,Mumbai,0
T08356,U0935,D0445,M075,2026-08-09 14:06:00,8203.73,Bangalore,0
T08357,U0791,D0096,M055,2026-08-08 02:43:00,7035.83,Bangalore,0
T08358,U0748,D0310,M077,2026-08-22 11:20:00,673.32,Hyderabad,0
T08359,U0465,D0268,M038,2026-08-19 19:25:00,5147.97,Hyderabad,0
T08360,U0435,D0270,M079,2026-08-13 20:57:00,3718.19,Pune,0
T08361,U0668,D0386,M049,2026-08-12 10:28:00,6863.52,Bangalore,0
T08362,U0831,D0353,M055,2026-08-09 10:18:00,5134.04,Bangalore,0
T08363,U0241,D0485,M056,2026-08-21 04:53:00,6363.88,Hyderabad,0
T08364,U0914,D0425,M061,2026-08-23 10:36:00,9342.02,Delhi,0
T08365,U0987,D0439,M046,2026-08-27 07:37:00,4629.83,Pune,0
T08366,U0483,D0370,M037,2026-08-13 02:42:00,9162.94,Hyderabad,0
T08367,U0693,D0370,M065,2026-08-01 21:51:00,8901.8,Delhi,0
T08368,U0827,D0234,M075,2026-08-16 11:06:00,8522.28,Delhi,0
T08369,U0412,D0283,M056,2026-08-27 09:33:00,1631.2,Pune,0
T08370,U0447,D0362,M090,2026-08-23 11:56:00,5645.48,Pune,0
T08371,U0639,D0460,M057,2026-08-22 18:33:00,4033.24,Pune,0
T08372,U0840,D0488,M087,2026-08-20 00:38:00,8047.78,Delhi,0
T08373,U0632,D0181,M083,2026-08-25 04:08:00,548.34,Chennai,0
T08374,U0431,D0151,M070,2026-08-06 01:48:00,5672.74,Delhi,0
T08375,U0616,D0138,M080,2026-08-06 18:29:00,8482.14,Delhi,0
T08376,U0608,D0232,M082,2026-08-20 19:22:00,8086.64,Mumbai,0
T08377,U0586,D0431,M077,2026-08-03 14:39:00,6951.52,Bangalore,0
T08378,U0753,D0137,M050,2026-08-17 14:26:00,1720.45,Hyderabad,0
T08379,U0280,D0251,M099,2026-08-30 22:30:00,6521.57,Chennai,0
T08380,U0266,D0305,M081,2026-08-27 08:49:00,5012.55,Bangalore,0
T08381,U0694,D0482,M071,2026-08-20 03:15:00,7545.05,Mumbai,0
T08382,U0477,D0370,M040,2026-08-02 04:34:00,6320.67,Pune,0
T08383,U0597,D0451,M053,2026-08-27 21:45:00,6555.97,Mumbai,0
T08384,U0647,D0099,M064,2026-08-13 15:04:00,7872.46,Mumbai,0
T08385,U0643,D0498,M040,2026-08-13 08:45:00,437.09,Mumbai,0
T08386,U0630,D0104,M043,2026-08-17 14:53:00,9960.62,Pune,0
T08387,U0169,D0432,M036,2026-08-17 09:11:00,3748.43,Hyderabad,0
T08388,U0413,D0392,M062,2026-08-02 15:04:00,6435.01,Delhi,0
T08389,U0859,D0394,M094,2026-08-15 14:17:00,4637.08,Hyderabad,0
T08390,U0286,D0265,M075,2026-08-29 16:03:00,2243.05,Hyderabad,0
T08391,U0424,D0458,M096,2026-08-13 05:54:00,3633.67,Pune,0
T08392,U0495,D0439,M086,2026-08-18 18:23:00,9428.11,Pune,0
T08393,U0570,D0183,M056,2026-08-16 09:28:00,6929.5,Chennai,0
T08394,U0154,D0438,M068,2026-08-02 04:49:00,9996.9,Hyderabad,0
T08395,U0371,D0475,M027,2026-08-21 10:46:00,1689.43,Pune,0
T08396,U0632,D0142,M093,2026-08-29 10:41:00,7097.07,Chennai,0
T08397,U0637,D0275,M099,2026-08-15 21:09:00,6755.29,Delhi,0
T08398,U0660,D0106,M097,2026-08-27 10:40:00,9910.68,Chennai,0
T08399,U0904,D0406,M080,2026-08-19 08:16:00,326.22,Mumbai,0
T08400,U0584,D0491,M095,2026-08-02 09:59:00,7900.8,Chennai,0
T08401,U0947,D0313,M081,2026-08-14 22:29:00,2715.61,Chennai,0
T08402,U0807,D0470,M062,2026-08-09 22:40:00,6950.44,Bangalore,0
T08403,U0208,D0322,M076,2026-08-05 16:04:00,4380.29,Chennai,0
T08404,U0640,D0329,M085,2026-08-24 21:59:00,2634.88,Hyderabad,0
T08405,U0653,D0130,M079,2026-08-14 02:29:00,5686.09,Bangalore,0
T08406,U0751,D0133,M075,2026-08-09 18:51:00,9453.96,Mumbai,0
T08407,U0746,D0246,M028,2026-08-22 10:10:00,8047.89,Hyderabad,0
T08408,U0772,D0166,M070,2026-08-02 15:24:00,1081.17,Delhi,0
T08409,U0226,D0254,M080,2026-08-28 21:36:00,4816.68,Bangalore,0
T08410,U0642,D0395,M091,2026-08-07 11:01:00,2160.78,Mumbai,0
T08411,U0836,D0099,M028,2026-08-24 20:13:00,726.79,Chennai,0
T08412,U0923,D0459,M065,2026-08-27 08:59:00,281.99,Chennai,0
T08413,U0940,D0321,M064,2026-08-11 13:04:00,1860.71,Mumbai,0
T08414,U0738,D0442,M048,2026-08-13 16:25:00,6272.83,Bangalore,0
T08415,U0716,D0077,M037,2026-08-18 06:20:00,6760.13,Pune,0
T08416,U0511,D0388,M041,2026-08-06 08:52:00,6484.13,Chennai,0
T08417,U0737,D0229,M079,2026-08-12 23:05:00,490.32,Bangalore,0
T08418,U0260,D0353,M045,2026-08-26 04:20:00,4675.26,Delhi,0
T08419,U0247,D0210,M081,2026-08-17 06:11:00,5942.22,Bangalore,0
T08420,U0235,D0410,M044,2026-08-02 06:01:00,8116.23,Chennai,0
T08421,U0727,D0492,M033,2026-08-17 17:20:00,6067.1,Mumbai,0
T08422,U0593,D0424,M081,2026-08-30 09:56:00,5838.68,Chennai,0
T08423,U0373,D0369,M063,2026-08-09 14:18:00,5620.48,Chennai,0
T08424,U0889,D0322,M071,2026-08-14 01:28:00,8877.49,Delhi,0
T08425,U0663,D0229,M075,2026-08-12 00:41:00,4793.04,Mumbai,0
T08426,U0398,D0232,M096,2026-08-29 16:02:00,7802.03,Bangalore,0
T08427,U0903,D0200,M027,2026-08-09 03:51:00,8754.58,Mumbai,0
T08428,U0960,D0145,M036,2026-08-21 15:49:00,5797.0,Bangalore,0
T08429,U0561,D0157,M071,2026-08-03 02:52:00,9493.02,Hyderabad,0
T08430,U0511,D0177,M046,2026-08-20 07:41:00,4490.79,Delhi,0
T08431,U0300,D0218,M065,2026-08-24 06:10:00,2536.2,Mumbai,0
T08432,U0298,D0278,M097,2026-08-21 23:56:00,7646.73,Mumbai,0
T08433,U0754,D0199,M091,2026-08-24 23:04:00,5737.02,Hyderabad,0
T08434,U0759,D0116,M047,2026-08-24 23:09:00,9678.48,Mumbai,0
T08435,U0320,D0335,M088,2026-08-22 20:25:00,2645.4,Delhi,0
T08436,U0543,D0391,M036,2026-08-03 08:48:00,3016.18,Mumbai,0
T08437,U0539,D0436,M047,2026-08-28 03:52:00,3833.83,Delhi,0
T08438,U0964,D0271,M066,2026-08-09 07:29:00,8365.02,Hyderabad,0
T08439,U0253,D0456,M066,2026-08-23 02:55:00,2281.98,Pune,0
T08440,U0677,D0101,M044,2026-08-01 19:56:00,2928.04,Hyderabad,0
T08441,U0230,D0436,M027,2026-08-21 22:39:00,8076.17,Delhi,0
T08442,U0221,D0144,M061,2026-08-12 08:21:00,7888.46,Chennai,0
T08443,U0618,D0104,M049,2026-08-20 05:18:00,3707.69,Delhi,0
T08444,U0253,D0225,M076,2026-08-11 02:30:00,8023.6,Hyderabad,0
T08445,U0181,D0116,M100,2026-08-10 12:50:00,3763.31,Bangalore,0
T08446,U0828,D0116,M029,2026-08-06 04:18:00,7220.83,Delhi,0
T08447,U0460,D0265,M076,2026-08-21 03:47:00,8449.11,Bangalore,0
T08448,U0983,D0188,M087,2026-08-03 14:50:00,6974.62,Pune,0
T08449,U0865,D0442,M034,2026-08-21 23:43:00,2824.8,Chennai,0
T08450,U0245,D0306,M072,2026-08-19 21:07:00,9520.59,Mumbai,0
T08451,U0389,D0079,M049,2026-08-05 17:13:00,7085.87,Pune,0
T08452,U0606,D0185,M084,2026-08-10 16:44:00,2436.88,Delhi,0
T08453,U0643,D0491,M031,2026-08-04 19:07:00,8430.45,Bangalore,0
T08454,U0251,D0414,M063,2026-08-26 17:52:00,1800.87,Chennai,0
T08455,U0229,D0499,M096,2026-08-29 01:28:00,8543.12,Chennai,0
T08456,U0894,D0422,M059,2026-08-01 16:59:00,9829.97,Mumbai,0
T08457,U0230,D0182,M093,2026-08-18 08:26:00,3412.93,Pune,0
T08458,U0758,D0294,M077,2026-08-03 09:53:00,1793.6,Pune,0
T08459,U0471,D0119,M060,2026-08-12 08:34:00,3479.78,Pune,0
T08460,U0193,D0217,M086,2026-08-04 19:09:00,735.03,Delhi,0
T08461,U0879,D0091,M030,2026-08-14 18:46:00,3455.72,Bangalore,0
T08462,U0474,D0458,M057,2026-08-04 04:30:00,7106.54,Delhi,0
T08463,U0486,D0388,M078,2026-08-03 15:28:00,8322.23,Chennai,0
T08464,U0644,D0283,M050,2026-08-13 11:18:00,7987.24,Mumbai,0
T08465,U0647,D0386,M081,2026-08-19 23:37:00,591.89,Hyderabad,0
T08466,U0413,D0333,M068,2026-08-18 02:43:00,1581.72,Mumbai,0
T08467,U0509,D0080,M060,2026-08-08 16:44:00,1876.68,Mumbai,0
T08468,U0418,D0463,M033,2026-08-18 14:28:00,5947.56,Hyderabad,0
T08469,U0829,D0458,M090,2026-08-19 21:19:00,7593.03,Pune,0
T08470,U0929,D0327,M069,2026-08-12 17:38:00,8810.12,Pune,0
T08471,U0681,D0157,M089,2026-08-23 17:02:00,1182.76,Bangalore,0
T08472,U0458,D0363,M097,2026-08-05 10:05:00,3888.56,Hyderabad,0
T08473,U0720,D0086,M035,2026-08-26 19:53:00,5042.24,Hyderabad,0
T08474,U0513,D0326,M031,2026-08-26 08:01:00,1787.0,Mumbai,0
T08475,U0906,D0356,M074,2026-08-15 20:11:00,8887.1,Hyderabad,0
T08476,U0428,D0451,M063,2026-08-05 03:50:00,9032.85,Hyderabad,0
T08477,U0915,D0146,M059,2026-08-07 14:19:00,7512.33,Mumbai,0
T08478,U0960,D0398,M028,2026-08-25 02:56:00,5434.3,Pune,0
T08479,U0505,D0098,M034,2026-08-15 22:42:00,8209.48,Chennai,0
T08480,U0599,D0418,M091,2026-08-30 22:37:00,4209.0,Chennai,0
T08481,U0571,D0337,M058,2026-08-29 02:23:00,9478.92,Mumbai,0
T08482,U0195,D0226,M044,2026-08-12 14:17:00,721.41,Pune,0
T08483,U0727,D0416,M090,2026-08-06 07:08:00,3018.65,Bangalore,0
T08484,U0606,D0271,M094,2026-08-04 13:50:00,4447.47,Bangalore,0
T08485,U0196,D0295,M094,2026-08-04 12:59:00,9026.57,Chennai,0
T08486,U0587,D0260,M099,2026-08-22 11:59:00,1626.2,Chennai,0
T08487,U0761,D0459,M085,2026-08-18 19:33:00,4170.05,Bangalore,0
T08488,U0850,D0100,M066,2026-08-12 10:47:00,1302.84,Mumbai,0
T08489,U0953,D0118,M067,2026-08-02 17:14:00,390.03,Mumbai,0
T08490,U0593,D0083,M036,2026-08-21 19:20:00,3543.85,Bangalore,0
T08491,U0878,D0456,M094,2026-08-01 06:31:00,153.9,Mumbai,0
T08492,U0635,D0359,M058,2026-08-09 03:32:00,5118.35,Hyderabad,0
T08493,U0522,D0309,M081,2026-08-05 16:07:00,5341.79,Mumbai,0
T08494,U0645,D0322,M031,2026-08-20 17:27:00,4335.91,Chennai,0
T08495,U0855,D0123,M046,2026-08-09 01:11:00,5577.01,Chennai,0
T08496,U0457,D0376,M041,2026-08-12 18:50:00,2132.49,Pune,0
T08497,U0757,D0483,M045,2026-08-06 00:57:00,3687.57,Mumbai,0
T08498,U0331,D0457,M072,2026-08-29 07:33:00,4904.24,Chennai,0
T08499,U0351,D0292,M085,2026-08-13 18:15:00,7872.94,Bangalore,0
T08500,U0687,D0423,M099,2026-08-05 15:41:00,1788.72,Bangalore,0
T08501,U0089,D0001,M001,2026-08-20 20:28:00,3979.64,Delhi,1
T08502,U0150,D0001,M001,2026-08-20 20:23:00,4313.15,Delhi,1
T08503,U0069,D0001,M001,2026-08-20 20:00:00,907.72,Pune,1
T08504,U0074,D0001,M001,2026-08-20 20:24:00,1243.27,Mumbai,1
T08505,U0120,D0001,M001,2026-08-20 20:25:00,1080.74,Delhi,1
T08506,U0056,D0002,M002,2026-08-20 17:01:00,1169.25,Mumbai,1
T08507,U0107,D0002,M002,2026-08-20 17:26:00,3461.81,Bangalore,1
T08508,U0025,D0002,M002,2026-08-20 17:27:00,2315.44,Pune,1
T08509,U0004,D0002,M002,2026-08-20 17:05:00,3729.58,Pune,1
T08510,U0144,D0002,M002,2026-08-20 17:20:00,2291.98,Chennai,1
T08511,U0118,D0003,M003,2026-08-20 19:11:00,4482.49,Delhi,1
T08512,U0016,D0003,M003,2026-08-20 19:03:00,1931.18,Mumbai,1
T08513,U0058,D0003,M003,2026-08-20 19:14:00,4545.55,Bangalore,1
T08514,U0096,D0003,M003,2026-08-20 19:13:00,3673.77,Chennai,1
T08515,U0087,D0003,M003,2026-08-20 19:18:00,2326.41,Hyderabad,1
T08516,U0139,D0004,M004,2026-08-20 04:24:00,2118.85,Mumbai,1
T08517,U0102,D0004,M004,2026-08-20 04:16:00,2696.8,Chennai,1
T08518,U0050,D0004,M004,2026-08-20 04:25:00,772.76,Chennai,1
T08519,U0099,D0004,M004,2026-08-20 04:05:00,1968.02,Hyderabad,1
T08520,U0014,D0004,M004,2026-08-20 04:11:00,707.0,Delhi,1
T08521,U0006,D0005,M005,2026-08-20 17:25:00,4691.52,Chennai,1
T08522,U0100,D0005,M005,2026-08-20 17:26:00,4813.74,Pune,1
T08523,U0069,D0005,M005,2026-08-20 17:27:00,3014.81,Bangalore,1
T08524,U0005,D0005,M005,2026-08-20 17:26:00,4280.65,Chennai,1
T08525,U0113,D0005,M005,2026-08-20 17:20:00,4499.5,Bangalore,1
T08526,U0015,D0006,M006,2026-08-20 10:17:00,1817.93,Hyderabad,1
T08527,U0014,D0006,M006,2026-08-20 10:30:00,4854.47,Chennai,1
T08528,U0002,D0006,M006,2026-08-20 10:27:00,3701.77,Delhi,1
T08529,U0112,D0006,M006,2026-08-20 10:07:00,4795.95,Bangalore,1
T08530,U0100,D0006,M006,2026-08-20 10:08:00,2437.68,Chennai,1
T08531,U0081,D0007,M007,2026-08-20 01:12:00,1741.64,Pune,1
T08532,U0107,D0007,M007,2026-08-20 01:07:00,2616.4,Delhi,1
T08533,U0001,D0007,M007,2026-08-20 01:25:00,523.92,Hyderabad,1
T08534,U0137,D0007,M007,2026-08-20 01:14:00,4476.1,Bangalore,1
T08535,U0128,D0007,M007,2026-08-20 01:20:00,4236.54,Hyderabad,1
T08536,U0142,D0008,M008,2026-08-20 00:04:00,2698.58,Delhi,1
T08537,U0063,D0008,M008,2026-08-20 00:18:00,606.2,Mumbai,1
T08538,U0015,D0008,M008,2026-08-20 00:13:00,1682.98,Bangalore,1
T08539,U0068,D0008,M008,2026-08-20 00:06:00,519.72,Bangalore,1
T08540,U0121,D0008,M008,2026-08-20 00:10:00,4645.1,Bangalore,1
T08541,U0031,D0009,M009,2026-08-20 09:15:00,1443.88,Delhi,1
T08542,U0140,D0009,M009,2026-08-20 09:16:00,3986.59,Delhi,1
T08543,U0084,D0009,M009,2026-08-20 09:09:00,1309.77,Hyderabad,1
T08544,U0126,D0009,M009,2026-08-20 09:00:00,2222.64,Delhi,1
T08545,U0085,D0009,M009,2026-08-20 09:05:00,2756.18,Bangalore,1
T08546,U0114,D0010,M010,2026-08-20 05:00:00,2167.03,Chennai,1
T08547,U0042,D0010,M010,2026-08-20 05:30:00,2913.1,Bangalore,1
T08548,U0089,D0010,M010,2026-08-20 05:10:00,4289.95,Bangalore,1
T08549,U0081,D0010,M010,2026-08-20 05:03:00,1348.39,Chennai,1
T08550,U0058,D0010,M010,2026-08-20 05:08:00,2606.52,Bangalore,1
T08551,U0051,D0011,M011,2026-08-21 14:09:26,2795.65,Pune,1
T08552,U0051,D0011,M011,2026-08-21 14:05:53,560.56,Hyderabad,1
T08553,U0051,D0011,M011,2026-08-21 14:02:05,1437.19,Delhi,1
T08554,U0051,D0011,M011,2026-08-21 14:02:03,4447.58,Pune,1
T08555,U0051,D0011,M011,2026-08-21 14:04:33,895.07,Bangalore,1
T08556,U0051,D0011,M011,2026-08-21 14:06:07,3868.96,Hyderabad,1
T08557,U0051,D0011,M011,2026-08-21 14:01:44,1072.29,Pune,1
T08558,U0051,D0011,M011,2026-08-21 14:00:03,2716.76,Pune,1
T08559,U0051,D0011,M011,2026-08-21 14:00:42,4898.91,Pune,1
T08560,U0051,D0011,M011,2026-08-21 14:06:22,804.85,Mumbai,1
T08561,U0052,D0012,M012,2026-08-21 18:03:37,1473.21,Chennai,1
T08562,U0052,D0012,M012,2026-08-21 18:08:04,2332.25,Delhi,1
T08563,U0052,D0012,M012,2026-08-21 18:02:28,4030.67,Mumbai,1
T08564,U0052,D0012,M012,2026-08-21 18:09:35,3072.85,Delhi,1
T08565,U0052,D0012,M012,2026-08-21 18:04:31,2516.33,Delhi,1
T08566,U0052,D0012,M012,2026-08-21 18:07:56,4268.14,Chennai,1
T08567,U0052,D0012,M012,2026-08-21 18:00:43,3053.08,Chennai,1
T08568,U0052,D0012,M012,2026-08-21 18:06:18,1301.75,Chennai,1
T08569,U0052,D0012,M012,2026-08-21 18:00:49,2189.63,Bangalore,1
T08570,U0052,D0012,M012,2026-08-21 18:06:15,2357.49,Mumbai,1
T08571,U0053,D0013,M013,2026-08-21 01:07:29,864.29,Hyderabad,1
T08572,U0053,D0013,M013,2026-08-21 01:02:06,1416.14,Chennai,1
T08573,U0053,D0013,M013,2026-08-21 01:05:04,3270.42,Chennai,1
T08574,U0053,D0013,M013,2026-08-21 01:05:20,2908.41,Bangalore,1
T08575,U0053,D0013,M013,2026-08-21 01:09:41,1498.23,Mumbai,1
T08576,U0053,D0013,M013,2026-08-21 01:06:38,3103.71,Chennai,1
T08577,U0053,D0013,M013,2026-08-21 01:07:21,1838.66,Mumbai,1
T08578,U0053,D0013,M013,2026-08-21 01:05:58,3550.95,Chennai,1
T08579,U0053,D0013,M013,2026-08-21 01:01:26,3460.04,Pune,1
T08580,U0053,D0013,M013,2026-08-21 01:05:22,3618.43,Delhi,1
T08581,U0054,D0014,M014,2026-08-21 08:06:21,4785.47,Delhi,1
T08582,U0054,D0014,M014,2026-08-21 08:02:00,2156.72,Delhi,1
T08583,U0054,D0014,M014,2026-08-21 08:09:57,1938.27,Bangalore,1
T08584,U0054,D0014,M014,2026-08-21 08:05:00,2216.63,Chennai,1
T08585,U0054,D0014,M014,2026-08-21 08:01:50,2903.49,Delhi,1
T08586,U0054,D0014,M014,2026-08-21 08:09:23,3105.22,Mumbai,1
T08587,U0054,D0014,M014,2026-08-21 08:03:53,1579.34,Pune,1
T08588,U0054,D0014,M014,2026-08-21 08:00:47,1079.27,Bangalore,1
T08589,U0054,D0014,M014,2026-08-21 08:04:47,1200.45,Chennai,1
T08590,U0054,D0014,M014,2026-08-21 08:04:06,4158.21,Pune,1
T08591,U0055,D0015,M015,2026-08-21 16:08:57,3341.1,Chennai,1
T08592,U0055,D0015,M015,2026-08-21 16:01:46,3476.37,Mumbai,1
T08593,U0055,D0015,M015,2026-08-21 16:00:04,3958.32,Hyderabad,1
T08594,U0055,D0015,M015,2026-08-21 16:00:27,3247.62,Pune,1
T08595,U0055,D0015,M015,2026-08-21 16:02:37,2730.47,Hyderabad,1
T08596,U0055,D0015,M015,2026-08-21 16:00:05,609.13,Hyderabad,1
T08597,U0055,D0015,M015,2026-08-21 16:04:11,3986.52,Delhi,1
T08598,U0055,D0015,M015,2026-08-21 16:07:25,4679.95,Mumbai,1
T08599,U0055,D0015,M015,2026-08-21 16:08:47,1864.46,Bangalore,1
T08600,U0055,D0015,M015,2026-08-21 16:08:31,3435.43,Mumbai,1
T08601,U0056,D0016,M016,2026-08-21 01:02:44,2588.49,Mumbai,1
T08602,U0056,D0016,M016,2026-08-21 01:08:38,3226.89,Mumbai,1
T08603,U0056,D0016,M016,2026-08-21 01:03:27,2359.97,Bangalore,1
T08604,U0056,D0016,M016,2026-08-21 01:06:05,1423.21,Mumbai,1
T08605,U0056,D0016,M016,2026-08-21 01:03:18,2884.62,Delhi,1
T08606,U0056,D0016,M016,2026-08-21 01:08:58,4892.46,Chennai,1
T08607,U0056,D0016,M016,2026-08-21 01:03:26,1354.58,Bangalore,1
T08608,U0056,D0016,M016,2026-08-21 01:09:37,2571.77,Bangalore,1
T08609,U0056,D0016,M016,2026-08-21 01:09:54,2939.03,Hyderabad,1
T08610,U0056,D0016,M016,2026-08-21 01:07:55,2749.93,Pune,1
T08611,U0057,D0017,M017,2026-08-21 21:07:57,2128.72,Delhi,1
T08612,U0057,D0017,M017,2026-08-21 21:06:45,1123.74,Bangalore,1
T08613,U0057,D0017,M017,2026-08-21 21:09:36,2781.54,Pune,1
T08614,U0057,D0017,M017,2026-08-21 21:07:03,4277.73,Mumbai,1
T08615,U0057,D0017,M017,2026-08-21 21:07:51,2873.31,Pune,1
T08616,U0057,D0017,M017,2026-08-21 21:02:58,2774.69,Pune,1
T08617,U0057,D0017,M017,2026-08-21 21:01:09,4457.12,Delhi,1
T08618,U0057,D0017,M017,2026-08-21 21:09:47,2242.43,Bangalore,1
T08619,U0057,D0017,M017,2026-08-21 21:06:27,3987.65,Mumbai,1
T08620,U0057,D0017,M017,2026-08-21 21:08:36,3564.2,Delhi,1
T08621,U0058,D0018,M018,2026-08-21 02:02:43,2688.55,Bangalore,1
T08622,U0058,D0018,M018,2026-08-21 02:05:19,3771.1,Chennai,1
T08623,U0058,D0018,M018,2026-08-21 02:06:18,1273.36,Pune,1
T08624,U0058,D0018,M018,2026-08-21 02:04:32,2198.45,Delhi,1
T08625,U0058,D0018,M018,2026-08-21 02:00:23,2400.3,Bangalore,1
T08626,U0058,D0018,M018,2026-08-21 02:07:40,3185.52,Chennai,1
T08627,U0058,D0018,M018,2026-08-21 02:04:52,953.88,Delhi,1
T08628,U0058,D0018,M018,2026-08-21 02:07:47,4970.32,Mumbai,1
T08629,U0058,D0018,M018,2026-08-21 02:00:08,1476.25,Bangalore,1
T08630,U0058,D0018,M018,2026-08-21 02:09:30,780.3,Chennai,1
T08631,U0059,D0019,M019,2026-08-21 08:09:32,3761.96,Delhi,1
T08632,U0059,D0019,M019,2026-08-21 08:09:19,4613.53,Hyderabad,1
T08633,U0059,D0019,M019,2026-08-21 08:04:24,1658.35,Delhi,1
T08634,U0059,D0019,M019,2026-08-21 08:07:46,2979.41,Bangalore,1
T08635,U0059,D0019,M019,2026-08-21 08:04:38,4538.21,Delhi,1
T08636,U0059,D0019,M019,2026-08-21 08:04:12,1365.79,Mumbai,1
T08637,U0059,D0019,M019,2026-08-21 08:05:25,2926.34,Pune,1
T08638,U0059,D0019,M019,2026-08-21 08:07:48,4621.94,Pune,1
T08639,U0059,D0019,M019,2026-08-21 08:02:18,2241.0,Chennai,1
T08640,U0059,D0019,M019,2026-08-21 08:01:42,1474.48,Pune,1
T08641,U0060,D0020,M020,2026-08-21 16:00:30,2400.61,Mumbai,1
T08642,U0060,D0020,M020,2026-08-21 16:07:04,1839.4,Hyderabad,1
T08643,U0060,D0020,M020,2026-08-21 16:09:51,2644.41,Pune,1
T08644,U0060,D0020,M020,2026-08-21 16:05:10,1501.57,Bangalore,1
T08645,U0060,D0020,M020,2026-08-21 16:09:03,2744.15,Delhi,1
T08646,U0060,D0020,M020,2026-08-21 16:00:08,4288.39,Chennai,1
T08647,U0060,D0020,M020,2026-08-21 16:07:35,2858.17,Pune,1
T08648,U0060,D0020,M020,2026-08-21 16:05:42,3677.17,Chennai,1
T08649,U0060,D0020,M020,2026-08-21 16:07:29,981.12,Mumbai,1
T08650,U0060,D0020,M020,2026-08-21 16:08:58,2873.76,Bangalore,1
T08651,U0061,D0021,M021,2026-08-22 00:04:54,7950.68,Bangalore,1
T08652,U0061,D0021,M021,2026-08-22 00:05:41,6505.64,Hyderabad,1
T08653,U0061,D0021,M021,2026-08-22 00:08:18,4783.59,Pune,1
T08654,U0061,D0021,M021,2026-08-22 00:01:40,2644.54,Pune,1
T08655,U0061,D0021,M021,2026-08-22 00:07:30,2402.01,Bangalore,1
T08656,U0062,D0021,M021,2026-08-22 00:04:50,6729.84,Bangalore,1
T08657,U0062,D0021,M021,2026-08-22 00:14:20,4346.14,Hyderabad,1
T08658,U0062,D0021,M021,2026-08-22 00:06:37,7875.29,Hyderabad,1
T08659,U0062,D0021,M021,2026-08-22 00:08:12,5159.4,Hyderabad,1
T08660,U0062,D0021,M021,2026-08-22 00:12:19,2764.22,Chennai,1
T08661,U0063,D0021,M021,2026-08-22 00:14:15,1778.48,Delhi,1
T08662,U0063,D0021,M021,2026-08-22 00:02:42,4147.08,Pune,1
T08663,U0063,D0021,M021,2026-08-22 00:13:46,1273.14,Pune,1
T08664,U0063,D0021,M021,2026-08-22 00:14:44,5316.63,Mumbai,1
T08665,U0063,D0021,M021,2026-08-22 00:07:25,1944.04,Delhi,1
T08666,U0064,D0021,M021,2026-08-22 00:05:16,6774.39,Mumbai,1
T08667,U0064,D0021,M021,2026-08-22 00:08:53,2919.69,Mumbai,1
T08668,U0064,D0021,M021,2026-08-22 00:04:19,7278.16,Bangalore,1
T08669,U0064,D0021,M021,2026-08-22 00:05:40,4095.53,Hyderabad,1
T08670,U0064,D0021,M021,2026-08-22 00:06:56,7793.67,Chennai,1
T08671,U0065,D0021,M021,2026-08-22 00:01:59,5199.29,Pune,1
T08672,U0065,D0021,M021,2026-08-22 00:08:17,4576.99,Hyderabad,1
T08673,U0065,D0021,M021,2026-08-22 00:14:22,3992.04,Pune,1
T08674,U0065,D0021,M021,2026-08-22 00:02:08,3212.67,Hyderabad,1
T08675,U0065,D0021,M021,2026-08-22 00:11:19,6978.26,Chennai,1
T08676,U0066,D0021,M021,2026-08-22 00:04:29,3338.7,Mumbai,1
T08677,U0066,D0021,M021,2026-08-22 00:06:51,4180.92,Delhi,1
T08678,U0066,D0021,M021,2026-08-22 00:03:02,5007.88,Bangalore,1
T08679,U0066,D0021,M021,2026-08-22 00:07:54,2134.12,Pune,1
T08680,U0066,D0021,M021,2026-08-22 00:07:10,4305.25,Hyderabad,1
T08681,U0067,D0022,M022,2026-08-22 01:00:44,4034.18,Bangalore,1
T08682,U0067,D0022,M022,2026-08-22 01:01:41,3201.04,Hyderabad,1
T08683,U0067,D0022,M022,2026-08-22 01:01:46,2593.65,Chennai,1
T08684,U0067,D0022,M022,2026-08-22 01:07:28,6020.89,Chennai,1
T08685,U0067,D0022,M022,2026-08-22 01:09:30,3850.08,Delhi,1
T08686,U0068,D0022,M022,2026-08-22 01:08:58,2530.42,Chennai,1
T08687,U0068,D0022,M022,2026-08-22 01:10:30,1944.71,Chennai,1
T08688,U0068,D0022,M022,2026-08-22 01:14:14,4754.74,Delhi,1
T08689,U0068,D0022,M022,2026-08-22 01:08:57,3731.94,Chennai,1
T08690,U0068,D0022,M022,2026-08-22 01:06:06,5528.29,Hyderabad,1
T08691,U0069,D0022,M022,2026-08-22 01:07:13,5544.28,Pune,1
T08692,U0069,D0022,M022,2026-08-22 01:07:11,2307.01,Mumbai,1
T08693,U0069,D0022,M022,2026-08-22 01:07:21,7880.7,Bangalore,1
T08694,U0069,D0022,M022,2026-08-22 01:03:52,3522.82,Hyderabad,1
T08695,U0069,D0022,M022,2026-08-22 01:08:29,2880.8,Delhi,1
T08696,U0070,D0022,M022,2026-08-22 01:00:53,4916.92,Hyderabad,1
T08697,U0070,D0022,M022,2026-08-22 01:03:25,4434.29,Bangalore,1
T08698,U0070,D0022,M022,2026-08-22 01:12:02,3137.85,Delhi,1
T08699,U0070,D0022,M022,2026-08-22 01:02:44,3872.93,Mumbai,1
T08700,U0070,D0022,M022,2026-08-22 01:03:57,5388.28,Bangalore,1
T08701,U0071,D0022,M022,2026-08-22 01:11:03,3791.52,Bangalore,1
T08702,U0071,D0022,M022,2026-08-22 01:12:27,1540.04,Mumbai,1
T08703,U0071,D0022,M022,2026-08-22 01:07:02,7032.42,Mumbai,1
T08704,U0071,D0022,M022,2026-08-22 01:10:51,6795.69,Delhi,1
T08705,U0071,D0022,M022,2026-08-22 01:13:38,4037.58,Hyderabad,1
T08706,U0072,D0022,M022,2026-08-22 01:10:19,6482.32,Delhi,1
T08707,U0072,D0022,M022,2026-08-22 01:14:37,1585.11,Bangalore,1
T08708,U0072,D0022,M022,2026-08-22 01:10:11,1744.66,Mumbai,1
T08709,U0072,D0022,M022,2026-08-22 01:06:04,6841.72,Delhi,1
T08710,U0072,D0022,M022,2026-08-22 01:14:53,3261.53,Hyderabad,1
T08711,U0073,D0023,M023,2026-08-22 02:05:18,7548.44,Chennai,1
T08712,U0073,D0023,M023,2026-08-22 02:00:39,1382.75,Mumbai,1
T08713,U0073,D0023,M023,2026-08-22 02:08:51,7085.02,Mumbai,1
T08714,U0073,D0023,M023,2026-08-22 02:02:13,5581.67,Mumbai,1
T08715,U0073,D0023,M023,2026-08-22 02:12:24,3086.81,Pune,1
T08716,U0074,D0023,M023,2026-08-22 02:11:47,2093.9,Bangalore,1
T08717,U0074,D0023,M023,2026-08-22 02:11:02,3203.54,Pune,1
T08718,U0074,D0023,M023,2026-08-22 02:02:13,3379.12,Pune,1
T08719,U0074,D0023,M023,2026-08-22 02:09:23,4994.28,Mumbai,1
T08720,U0074,D0023,M023,2026-08-22 02:11:42,7514.55,Chennai,1
T08721,U0075,D0023,M023,2026-08-22 02:00:57,4493.52,Chennai,1
T08722,U0075,D0023,M023,2026-08-22 02:02:41,1763.05,Mumbai,1
T08723,U0075,D0023,M023,2026-08-22 02:06:22,6746.71,Mumbai,1
T08724,U0075,D0023,M023,2026-08-22 02:09:43,7206.41,Bangalore,1
T08725,U0075,D0023,M023,2026-08-22 02:12:47,4132.04,Pune,1
T08726,U0076,D0023,M023,2026-08-22 02:09:04,5751.29,Mumbai,1
T08727,U0076,D0023,M023,2026-08-22 02:12:49,7353.74,Bangalore,1
T08728,U0076,D0023,M023,2026-08-22 02:13:53,4462.81,Chennai,1
T08729,U0076,D0023,M023,2026-08-22 02:11:25,7390.0,Bangalore,1
T08730,U0076,D0023,M023,2026-08-22 02:10:54,2027.76,Bangalore,1
T08731,U0077,D0023,M023,2026-08-22 02:00:22,3850.02,Chennai,1
T08732,U0077,D0023,M023,2026-08-22 02:02:31,7851.22,Mumbai,1
T08733,U0077,D0023,M023,2026-08-22 02:13:27,2800.65,Hyderabad,1
T08734,U0077,D0023,M023,2026-08-22 02:14:12,5027.16,Hyderabad,1
T08735,U0077,D0023,M023,2026-08-22 02:13:01,5700.3,Hyderabad,1
T08736,U0078,D0023,M023,2026-08-22 02:02:23,7423.3,Pune,1
T08737,U0078,D0023,M023,2026-08-22 02:11:42,7401.78,Bangalore,1
T08738,U0078,D0023,M023,2026-08-22 02:14:27,3239.17,Chennai,1
T08739,U0078,D0023,M023,2026-08-22 02:04:51,4493.61,Mumbai,1
T08740,U0078,D0023,M023,2026-08-22 02:11:28,6948.41,Bangalore,1
T08741,U0079,D0024,M024,2026-08-22 03:01:23,7971.78,Bangalore,1
T08742,U0079,D0024,M024,2026-08-22 03:02:40,4558.42,Pune,1
T08743,U0079,D0024,M024,2026-08-22 03:09:46,7140.52,Chennai,1
T08744,U0079,D0024,M024,2026-08-22 03:12:14,6869.4,Delhi,1
T08745,U0079,D0024,M024,2026-08-22 03:09:10,6048.24,Hyderabad,1
T08746,U0080,D0024,M024,2026-08-22 03:06:07,5196.54,Delhi,1
T08747,U0080,D0024,M024,2026-08-22 03:08:25,7461.27,Delhi,1
T08748,U0080,D0024,M024,2026-08-22 03:12:36,2311.06,Hyderabad,1
T08749,U0080,D0024,M024,2026-08-22 03:12:21,1488.27,Hyderabad,1
T08750,U0080,D0024,M024,2026-08-22 03:05:30,2145.56,Delhi,1
T08751,U0081,D0024,M024,2026-08-22 03:12:35,6491.82,Chennai,1
T08752,U0081,D0024,M024,2026-08-22 03:13:01,2598.9,Bangalore,1
T08753,U0081,D0024,M024,2026-08-22 03:06:48,7465.42,Hyderabad,1
T08754,U0081,D0024,M024,2026-08-22 03:12:26,2616.94,Pune,1
T08755,U0081,D0024,M024,2026-08-22 03:04:12,5390.25,Chennai,1
T08756,U0082,D0024,M024,2026-08-22 03:10:17,7716.86,Mumbai,1
T08757,U0082,D0024,M024,2026-08-22 03:12:01,2954.75,Pune,1
T08758,U0082,D0024,M024,2026-08-22 03:13:13,3010.86,Chennai,1
T08759,U0082,D0024,M024,2026-08-22 03:13:14,6022.93,Chennai,1
T08760,U0082,D0024,M024,2026-08-22 03:10:07,5915.56,Hyderabad,1
T08761,U0083,D0024,M024,2026-08-22 03:11:35,4195.84,Mumbai,1
T08762,U0083,D0024,M024,2026-08-22 03:08:30,5852.6,Pune,1
T08763,U0083,D0024,M024,2026-08-22 03:04:49,7147.08,Bangalore,1
T08764,U0083,D0024,M024,2026-08-22 03:05:02,7979.82,Mumbai,1
T08765,U0083,D0024,M024,2026-08-22 03:07:45,1906.35,Pune,1
T08766,U0084,D0024,M024,2026-08-22 03:10:51,6351.63,Pune,1
T08767,U0084,D0024,M024,2026-08-22 03:04:40,7394.58,Mumbai,1
T08768,U0084,D0024,M024,2026-08-22 03:02:33,6509.68,Pune,1
T08769,U0084,D0024,M024,2026-08-22 03:13:44,4569.54,Pune,1
T08770,U0084,D0024,M024,2026-08-22 03:13:12,3070.73,Delhi,1
T08771,U0085,D0025,M025,2026-08-22 04:13:34,1071.21,Mumbai,1
T08772,U0085,D0025,M025,2026-08-22 04:10:42,7285.23,Pune,1
T08773,U0085,D0025,M025,2026-08-22 04:14:51,1521.34,Bangalore,1
T08774,U0085,D0025,M025,2026-08-22 04:10:10,5006.14,Delhi,1
T08775,U0085,D0025,M025,2026-08-22 04:04:58,3040.97,Chennai,1
T08776,U0086,D0025,M025,2026-08-22 04:10:28,4555.03,Delhi,1
T08777,U0086,D0025,M025,2026-08-22 04:09:43,2733.41,Mumbai,1
T08778,U0086,D0025,M025,2026-08-22 04:10:51,2817.71,Bangalore,1
T08779,U0086,D0025,M025,2026-08-22 04:02:11,4519.34,Mumbai,1
T08780,U0086,D0025,M025,2026-08-22 04:06:04,4541.44,Delhi,1
T08781,U0087,D0025,M025,2026-08-22 04:08:01,7787.27,Bangalore,1
T08782,U0087,D0025,M025,2026-08-22 04:14:47,6365.54,Hyderabad,1
T08783,U0087,D0025,M025,2026-08-22 04:08:48,5144.98,Bangalore,1
T08784,U0087,D0025,M025,2026-08-22 04:05:50,5502.78,Mumbai,1
T08785,U0087,D0025,M025,2026-08-22 04:09:37,5010.83,Bangalore,1
T08786,U0088,D0025,M025,2026-08-22 04:06:10,6369.13,Delhi,1
T08787,U0088,D0025,M025,2026-08-22 04:12:41,2827.3,Hyderabad,1
T08788,U0088,D0025,M025,2026-08-22 04:11:34,7915.77,Mumbai,1
T08789,U0088,D0025,M025,2026-08-22 04:05:58,7728.81,Pune,1
T08790,U0088,D0025,M025,2026-08-22 04:02:30,7957.3,Chennai,1
T08791,U0089,D0025,M025,2026-08-22 04:04:53,2432.03,Hyderabad,1
T08792,U0089,D0025,M025,2026-08-22 04:04:41,1391.12,Mumbai,1
T08793,U0089,D0025,M025,2026-08-22 04:11:48,1187.78,Bangalore,1
T08794,U0089,D0025,M025,2026-08-22 04:07:04,6973.23,Chennai,1
T08795,U0089,D0025,M025,2026-08-22 04:01:12,7579.93,Chennai,1
T08796,U0090,D0025,M025,2026-08-22 04:10:05,3301.45,Pune,1
T08797,U0090,D0025,M025,2026-08-22 04:04:59,2670.55,Mumbai,1
T08798,U0090,D0025,M025,2026-08-22 04:09:12,6246.63,Pune,1
T08799,U0090,D0025,M025,2026-08-22 04:04:35,6998.18,Delhi,1
T08800,U0090,D0025,M025,2026-08-22 04:00:21,6196.99,Chennai,1
T08801,U0858,D0448,M041,2026-08-23 05:19:00,5278.17,Bangalore,0
T08802,U0803,D0127,M035,2026-08-23 06:13:00,3995.15,Pune,0
T08803,U0306,D0124,M091,2026-08-23 02:41:00,3261.43,Hyderabad,0
T08804,U0937,D0329,M096,2026-08-23 17:14:00,5877.88,Mumbai,0
T08805,U0801,D0309,M032,2026-08-23 16:38:00,676.57,Bangalore,0
T08806,U0605,D0088,M073,2026-08-23 22:01:00,7243.18,Pune,0
T08807,U0562,D0142,M075,2026-08-23 22:49:00,2251.4,Mumbai,0
T08808,U0565,D0167,M058,2026-08-23 22:25:00,8747.88,Chennai,0
T08809,U0284,D0294,M068,2026-08-23 15:27:00,1613.93,Mumbai,0
T08810,U0771,D0344,M032,2026-08-23 08:42:00,7413.24,Bangalore,0
T08811,U0643,D0338,M056,2026-08-23 15:03:00,6082.23,Delhi,0
T08812,U0661,D0329,M068,2026-08-23 05:33:00,7033.65,Pune,0
T08813,U0346,D0393,M081,2026-08-23 06:39:00,3949.15,Bangalore,0
T08814,U0981,D0341,M064,2026-08-23 12:21:00,2843.4,Bangalore,0
T08815,U0846,D0488,M095,2026-08-23 22:59:00,2322.86,Delhi,0
T08816,U0522,D0307,M098,2026-08-23 05:14:00,5320.35,Mumbai,0
T08817,U0978,D0151,M028,2026-08-23 03:26:00,4252.15,Hyderabad,0
T08818,U0258,D0237,M099,2026-08-23 10:42:00,1742.87,Hyderabad,0
T08819,U0608,D0486,M095,2026-08-23 16:51:00,9581.64,Hyderabad,0
T08820,U0809,D0245,M054,2026-08-23 06:35:00,9615.73,Bangalore,0
T08821,U0814,D0304,M099,2026-08-23 07:46:00,805.21,Pune,0
T08822,U0369,D0404,M064,2026-08-23 16:53:00,3361.73,Mumbai,0
T08823,U0216,D0391,M080,2026-08-23 03:14:00,8607.77,Mumbai,0
T08824,U0520,D0398,M032,2026-08-23 04:51:00,1214.34,Bangalore,0
T08825,U0972,D0086,M031,2026-08-23 05:51:00,5037.25,Mumbai,0
T08826,U0466,D0415,M098,2026-08-23 12:10:00,8889.27,Delhi,0
T08827,U0837,D0462,M085,2026-08-23 01:55:00,7707.65,Hyderabad,0
T08828,U0274,D0401,M042,2026-08-23 11:06:00,2350.32,Pune,0
T08829,U0205,D0408,M079,2026-08-23 06:35:00,1045.98,Pune,0
T08830,U0153,D0245,M053,2026-08-23 16:55:00,8363.38,Mumbai,0
T08831,U0763,D0182,M047,2026-08-23 18:59:00,4729.87,Delhi,0
T08832,U0998,D0426,M047,2026-08-23 16:59:00,2941.15,Mumbai,0
T08833,U0944,D0171,M048,2026-08-23 13:29:00,9117.2,Pune,0
T08834,U0776,D0319,M066,2026-08-23 06:38:00,979.6,Pune,0
T08835,U0507,D0159,M059,2026-08-23 07:02:00,5436.69,Chennai,0
T08836,U0823,D0089,M082,2026-08-23 11:05:00,4516.05,Chennai,0
T08837,U0901,D0125,M065,2026-08-23 22:13:00,3067.88,Pune,0
T08838,U0774,D0213,M040,2026-08-23 20:15:00,7094.16,Mumbai,0
T08839,U0826,D0214,M066,2026-08-23 23:09:00,5789.42,Pune,0
T08840,U0544,D0166,M059,2026-08-23 22:50:00,2104.83,Hyderabad,0
T08841,U0157,D0370,M044,2026-08-23 16:49:00,4522.88,Pune,0
T08842,U0227,D0257,M083,2026-08-23 07:48:00,6691.06,Mumbai,0
T08843,U0691,D0245,M026,2026-08-23 22:05:00,4502.52,Hyderabad,0
T08844,U0841,D0132,M095,2026-08-23 05:19:00,3560.79,Pune,0
T08845,U0272,D0480,M029,2026-08-23 06:32:00,987.51,Delhi,0
T08846,U0595,D0307,M042,2026-08-23 00:38:00,4820.93,Delhi,0
T08847,U0258,D0216,M061,2026-08-23 12:44:00,4201.08,Bangalore,0
T08848,U0785,D0284,M077,2026-08-23 15:40:00,6894.34,Bangalore,0
T08849,U0245,D0444,M068,2026-08-23 01:51:00,7192.16,Chennai,0
T08850,U0429,D0076,M036,2026-08-23 00:02:00,9873.69,Mumbai,0
T08851,U0820,D0266,M069,2026-08-23 15:28:00,3847.05,Hyderabad,0
T08852,U0623,D0265,M079,2026-08-23 21:55:00,8475.32,Mumbai,0
T08853,U0522,D0457,M084,2026-08-23 06:34:00,7278.66,Delhi,0
T08854,U0809,D0320,M087,2026-08-23 10:16:00,927.53,Bangalore,0
T08855,U0496,D0077,M081,2026-08-23 17:44:00,3311.82,Bangalore,0
T08856,U0962,D0461,M045,2026-08-23 08:14:00,2512.26,Delhi,0
T08857,U0953,D0228,M080,2026-08-23 23:59:00,1939.61,Hyderabad,0
T08858,U0870,D0324,M028,2026-08-23 14:16:00,8394.79,Mumbai,0
T08859,U0493,D0188,M085,2026-08-23 07:30:00,8379.97,Bangalore,0
T08860,U0480,D0180,M063,2026-08-23 05:37:00,5477.41,Bangalore,0
T08861,U0653,D0439,M093,2026-08-23 02:23:00,6385.96,Mumbai,0
T08862,U0303,D0372,M051,2026-08-23 02:07:00,9352.08,Pune,0
T08863,U0537,D0133,M071,2026-08-23 01:55:00,4842.13,Bangalore,0
T08864,U0593,D0279,M041,2026-08-23 13:33:00,6078.62,Chennai,0
T08865,U0594,D0311,M033,2026-08-23 11:19:00,5804.18,Hyderabad,0
T08866,U0272,D0137,M084,2026-08-23 22:25:00,8414.55,Pune,0
T08867,U0848,D0316,M082,2026-08-23 20:46:00,4364.34,Chennai,0
T08868,U0257,D0380,M099,2026-08-23 09:43:00,4182.84,Bangalore,0
T08869,U0732,D0394,M075,2026-08-23 22:58:00,582.04,Mumbai,0
T08870,U0428,D0391,M079,2026-08-23 02:21:00,8643.67,Chennai,0
T08871,U0770,D0337,M054,2026-08-23 00:37:00,5179.84,Mumbai,0
T08872,U0705,D0340,M065,2026-08-23 16:00:00,4577.95,Delhi,0
T08873,U0703,D0336,M090,2026-08-23 05:13:00,2634.06,Chennai,0
T08874,U0617,D0254,M077,2026-08-23 18:07:00,7434.04,Delhi,0
T08875,U0854,D0296,M048,2026-08-23 15:15:00,9866.48,Delhi,0
T08876,U0342,D0432,M055,2026-08-23 00:25:00,8739.82,Bangalore,0
T08877,U0734,D0441,M082,2026-08-23 02:12:00,9003.88,Hyderabad,0
T08878,U0650,D0492,M068,2026-08-23 20:09:00,9881.1,Bangalore,0
T08879,U0269,D0491,M050,2026-08-23 07:22:00,3907.98,Chennai,0
T08880,U0895,D0412,M037,2026-08-23 02:14:00,8369.37,Mumbai,0
T08881,U0607,D0467,M092,2026-08-23 02:15:00,2842.53,Delhi,0
T08882,U0314,D0349,M049,2026-08-23 10:01:00,7548.15,Mumbai,0
T08883,U0466,D0387,M041,2026-08-23 21:52:00,2475.76,Bangalore,0
T08884,U0581,D0481,M067,2026-08-23 01:54:00,5722.2,Pune,0
T08885,U0806,D0161,M053,2026-08-23 22:33:00,1147.74,Delhi,0
T08886,U0569,D0403,M056,2026-08-23 16:00:00,9835.59,Bangalore,0
T08887,U0966,D0190,M041,2026-08-23 22:18:00,8313.82,Bangalore,0
T08888,U0524,D0130,M091,2026-08-23 02:32:00,7120.71,Mumbai,0
T08889,U0977,D0373,M028,2026-08-23 00:53:00,2830.11,Mumbai,0
T08890,U0759,D0100,M064,2026-08-23 14:45:00,7363.23,Hyderabad,0
T08891,U0763,D0210,M033,2026-08-23 11:50:00,6855.3,Delhi,0
T08892,U0217,D0244,M038,2026-08-23 20:38:00,7629.79,Delhi,0
T08893,U0412,D0155,M089,2026-08-23 19:06:00,5689.87,Bangalore,0
T08894,U0871,D0396,M035,2026-08-23 21:14:00,9776.25,Chennai,0
T08895,U0595,D0480,M094,2026-08-23 20:21:00,638.04,Delhi,0
T08896,U0663,D0294,M032,2026-08-23 21:51:00,4285.19,Delhi,0
T08897,U0225,D0225,M065,2026-08-23 02:45:00,4346.1,Pune,0
T08898,U0587,D0445,M075,2026-08-23 03:16:00,1117.98,Mumbai,0
T08899,U0852,D0153,M061,2026-08-23 05:34:00,9706.46,Mumbai,0
T08900,U0631,D0101,M097,2026-08-23 01:01:00,3488.63,Delhi,0
T08901,U0912,D0252,M096,2026-08-23 05:14:00,2873.29,Pune,0
T08902,U0162,D0206,M087,2026-08-23 16:32:00,7145.72,Delhi,0
T08903,U0870,D0241,M087,2026-08-23 06:01:00,2920.23,Bangalore,0
T08904,U0185,D0194,M033,2026-08-23 06:44:00,926.78,Bangalore,0
T08905,U0915,D0478,M092,2026-08-23 14:07:00,1014.4,Hyderabad,0
T08906,U0754,D0361,M081,2026-08-23 06:04:00,7754.44,Pune,0
T08907,U0468,D0388,M064,2026-08-23 21:37:00,9306.04,Mumbai,0
T08908,U0421,D0406,M038,2026-08-23 20:49:00,2777.76,Hyderabad,0
T08909,U0669,D0184,M049,2026-08-23 12:23:00,845.3,Delhi,0
T08910,U0189,D0118,M027,2026-08-23 04:39:00,8622.7,Mumbai,0
T08911,U0388,D0184,M059,2026-08-23 21:15:00,8367.1,Chennai,0
T08912,U0604,D0460,M088,2026-08-23 23:48:00,7621.93,Bangalore,0
T08913,U0695,D0243,M099,2026-08-23 10:26:00,8518.31,Chennai,0
T08914,U0583,D0335,M048,2026-08-23 08:00:00,6208.31,Pune,0
T08915,U0520,D0455,M073,2026-08-23 09:00:00,2065.22,Hyderabad,0
T08916,U0413,D0351,M049,2026-08-23 03:07:00,2486.31,Pune,0
T08917,U0155,D0136,M041,2026-08-23 10:41:00,6514.74,Hyderabad,0
T08918,U0639,D0283,M061,2026-08-23 03:24:00,6754.78,Hyderabad,0
T08919,U0256,D0183,M095,2026-08-23 12:22:00,9828.44,Chennai,0
T08920,U0311,D0180,M086,2026-08-23 12:20:00,237.85,Chennai,0
T08921,U0775,D0329,M057,2026-08-23 04:00:00,4682.17,Chennai,0
T08922,U0986,D0239,M045,2026-08-23 23:15:00,9808.41,Chennai,0
T08923,U0301,D0218,M056,2026-08-23 08:34:00,7016.82,Bangalore,0
T08924,U0907,D0180,M098,2026-08-23 11:55:00,7997.04,Mumbai,0
T08925,U0961,D0370,M081,2026-08-23 11:07:00,9437.09,Chennai,0
T08926,U0715,D0079,M088,2026-08-23 06:44:00,8876.15,Hyderabad,0
T08927,U0170,D0082,M079,2026-08-23 08:50:00,8581.19,Hyderabad,0
T08928,U0940,D0242,M092,2026-08-23 01:30:00,9990.27,Hyderabad,0
T08929,U0951,D0341,M047,2026-08-23 20:55:00,8933.93,Bangalore,0
T08930,U0638,D0423,M095,2026-08-23 05:26:00,5241.98,Chennai,0
T08931,U0525,D0452,M070,2026-08-23 17:48:00,4462.79,Chennai,0
T08932,U0741,D0172,M083,2026-08-23 00:47:00,7684.91,Chennai,0
T08933,U0796,D0403,M072,2026-08-23 17:17:00,9522.29,Pune,0
T08934,U0373,D0270,M028,2026-08-23 17:52:00,698.83,Hyderabad,0
T08935,U0702,D0144,M043,2026-08-23 14:16:00,1521.69,Chennai,0
T08936,U0874,D0416,M036,2026-08-23 13:57:00,9936.81,Hyderabad,0
T08937,U0171,D0108,M036,2026-08-23 12:37:00,2059.87,Chennai,0
T08938,U0802,D0306,M029,2026-08-23 07:20:00,8371.89,Bangalore,0
T08939,U1000,D0222,M082,2026-08-23 16:16:00,9256.25,Mumbai,0
T08940,U0865,D0354,M091,2026-08-23 23:46:00,6788.89,Chennai,0
T08941,U0904,D0325,M037,2026-08-23 08:04:00,9873.74,Delhi,0
T08942,U0752,D0351,M086,2026-08-23 00:16:00,5297.64,Pune,0
T08943,U0491,D0203,M090,2026-08-23 06:17:00,5442.28,Delhi,0
T08944,U0714,D0454,M035,2026-08-23 06:00:00,7074.1,Pune,0
T08945,U0952,D0473,M054,2026-08-23 22:29:00,8701.94,Mumbai,0
T08946,U0971,D0499,M068,2026-08-23 15:27:00,6910.53,Hyderabad,0
T08947,U0350,D0464,M088,2026-08-23 13:16:00,2771.31,Hyderabad,0
T08948,U0491,D0134,M046,2026-08-23 21:22:00,3344.15,Mumbai,0
T08949,U0309,D0162,M045,2026-08-23 00:24:00,5462.36,Pune,0
T08950,U0361,D0477,M061,2026-08-23 13:55:00,8328.1,Pune,0
T08951,U0426,D0485,M042,2026-08-23 20:04:00,5701.2,Pune,0
T08952,U0546,D0138,M052,2026-08-23 17:40:00,663.12,Bangalore,0
T08953,U0723,D0423,M074,2026-08-23 01:30:00,9166.7,Mumbai,0
T08954,U0734,D0379,M051,2026-08-23 20:39:00,6028.36,Hyderabad,0
T08955,U0227,D0094,M075,2026-08-23 22:27:00,8504.22,Chennai,0
T08956,U0682,D0444,M045,2026-08-23 21:02:00,1494.81,Mumbai,0
T08957,U0300,D0374,M092,2026-08-23 12:53:00,245.63,Pune,0
T08958,U0340,D0324,M090,2026-08-23 12:44:00,7040.88,Bangalore,0
T08959,U0919,D0105,M057,2026-08-23 14:23:00,6544.19,Pune,0
T08960,U0163,D0260,M074,2026-08-23 20:25:00,3397.24,Pune,0
T08961,U0924,D0288,M048,2026-08-23 10:47:00,6302.83,Pune,0
T08962,U0746,D0272,M064,2026-08-23 02:30:00,1487.7,Hyderabad,0
T08963,U0323,D0356,M093,2026-08-23 18:38:00,6183.08,Pune,0
T08964,U0963,D0497,M026,2026-08-23 23:07:00,9665.47,Delhi,0
T08965,U0677,D0464,M092,2026-08-23 13:05:00,7649.01,Delhi,0
T08966,U0221,D0122,M026,2026-08-23 15:42:00,1084.68,Delhi,0
T08967,U0913,D0165,M052,2026-08-23 13:39:00,354.1,Mumbai,0
T08968,U0674,D0091,M090,2026-08-23 22:11:00,3403.57,Delhi,0
T08969,U0829,D0334,M062,2026-08-23 08:54:00,7842.32,Hyderabad,0
T08970,U0365,D0486,M088,2026-08-23 04:35:00,7817.76,Chennai,0
T08971,U0328,D0296,M089,2026-08-23 16:55:00,8551.41,Chennai,0
T08972,U0723,D0476,M054,2026-08-23 02:28:00,7179.52,Bangalore,0
T08973,U0851,D0334,M033,2026-08-23 10:23:00,2406.06,Hyderabad,0
T08974,U0866,D0199,M031,2026-08-23 20:10:00,9835.4,Delhi,0
T08975,U0650,D0244,M074,2026-08-23 17:29:00,7188.1,Hyderabad,0
T08976,U0331,D0136,M097,2026-08-23 04:08:00,5605.78,Bangalore,0
T08977,U0218,D0491,M093,2026-08-23 16:07:00,2864.81,Chennai,0
T08978,U0763,D0122,M055,2026-08-23 03:34:00,1318.12,Mumbai,0
T08979,U0516,D0392,M082,2026-08-23 10:33:00,3937.72,Chennai,0
T08980,U0209,D0143,M053,2026-08-23 03:38:00,1416.02,Mumbai,0
T08981,U0691,D0134,M083,2026-08-23 00:34:00,3153.36,Pune,0
T08982,U0401,D0147,M089,2026-08-23 10:44:00,5306.24,Delhi,0
T08983,U0245,D0116,M094,2026-08-23 10:50:00,6149.23,Chennai,0
T08984,U0175,D0288,M053,2026-08-23 00:49:00,8584.65,Bangalore,0
T08985,U0541,D0252,M042,2026-08-23 15:28:00,1757.9,Mumbai,0
T08986,U0242,D0359,M098,2026-08-23 03:30:00,195.87,Hyderabad,0
T08987,U0381,D0125,M031,2026-08-23 00:38:00,9738.37,Bangalore,0
T08988,U0621,D0384,M049,2026-08-23 11:03:00,737.91,Mumbai,0
T08989,U0803,D0162,M045,2026-08-23 06:39:00,5477.86,Bangalore,0
T08990,U0227,D0186,M083,2026-08-23 01:05:00,1848.61,Delhi,0
T08991,U0819,D0362,M037,2026-08-23 20:22:00,3186.19,Bangalore,0
T08992,U0924,D0217,M075,2026-08-23 21:01:00,3936.41,Pune,0
T08993,U0392,D0493,M077,2026-08-23 01:13:00,9363.14,Mumbai,0
T08994,U0297,D0327,M046,2026-08-23 01:14:00,6364.41,Hyderabad,0
T08995,U0524,D0100,M099,2026-08-23 18:49:00,171.29,Pune,0
T08996,U0360,D0429,M070,2026-08-23 07:48:00,2485.68,Chennai,0
T08997,U0522,D0089,M040,2026-08-23 13:43:00,7131.54,Mumbai,0
T08998,U0286,D0242,M034,2026-08-23 01:13:00,3191.86,Delhi,0
T08999,U0429,D0269,M041,2026-08-23 16:33:00,2518.11,Hyderabad,0
T09000,U0832,D0114,M069,2026-08-23 03:25:00,2148.71,Pune,0
T09001,U0279,D0091,M076,2026-08-23 15:07:00,2109.84,Delhi,0
T09002,U0997,D0481,M045,2026-08-23 10:00:00,9757.09,Mumbai,0
T09003,U0467,D0123,M051,2026-08-23 11:32:00,5713.93,Pune,0
T09004,U0580,D0288,M069,2026-08-23 08:09:00,2441.36,Bangalore,0
T09005,U0378,D0483,M075,2026-08-23 07:41:00,6643.26,Delhi,0
T09006,U0521,D0322,M061,2026-08-23 06:50:00,2290.72,Bangalore,0
T09007,U0753,D0239,M090,2026-08-23 00:39:00,7055.45,Bangalore,0
T09008,U0965,D0358,M064,2026-08-23 03:28:00,3979.3,Pune,0
T09009,U0537,D0325,M072,2026-08-23 01:29:00,1015.98,Hyderabad,0
T09010,U0591,D0341,M056,2026-08-23 22:07:00,1300.64,Mumbai,0
T09011,U0522,D0078,M028,2026-08-23 07:41:00,5817.7,Pune,0
T09012,U0530,D0260,M091,2026-08-23 23:03:00,7290.36,Hyderabad,0
T09013,U0548,D0456,M062,2026-08-23 21:56:00,1697.23,Bangalore,0
T09014,U0665,D0130,M028,2026-08-23 04:47:00,2214.73,Bangalore,0
T09015,U0248,D0268,M070,2026-08-23 03:35:00,6040.46,Delhi,0
T09016,U0769,D0079,M077,2026-08-23 00:32:00,8446.44,Bangalore,0
T09017,U0649,D0468,M070,2026-08-23 01:06:00,4618.73,Hyderabad,0
T09018,U0273,D0456,M100,2026-08-23 05:30:00,3959.84,Mumbai,0
T09019,U0635,D0400,M071,2026-08-23 00:42:00,2877.58,Bangalore,0
T09020,U0551,D0407,M046,2026-08-23 22:35:00,1539.13,Pune,0
T09021,U0678,D0397,M062,2026-08-23 06:41:00,7360.35,Pune,0
T09022,U0592,D0253,M080,2026-08-23 18:21:00,8809.63,Pune,0
T09023,U0722,D0464,M089,2026-08-23 05:37:00,200.56,Bangalore,0
T09024,U0414,D0360,M088,2026-08-23 02:44:00,8908.69,Chennai,0
T09025,U0543,D0476,M069,2026-08-23 07:45:00,2914.62,Mumbai,0
T09026,U0921,D0227,M037,2026-08-23 08:37:00,2985.55,Chennai,0
T09027,U0890,D0439,M086,2026-08-23 03:55:00,6893.66,Delhi,0
T09028,U0599,D0227,M069,2026-08-23 07:26:00,737.82,Hyderabad,0
T09029,U0523,D0373,M073,2026-08-23 12:07:00,251.72,Delhi,0
T09030,U0203,D0101,M044,2026-08-23 21:26:00,6210.4,Bangalore,0
T09031,U0587,D0444,M100,2026-08-23 11:56:00,3119.6,Chennai,0
T09032,U0473,D0293,M058,2026-08-23 04:36:00,8133.36,Pune,0
T09033,U0293,D0379,M058,2026-08-23 06:56:00,4187.03,Bangalore,0
T09034,U0189,D0477,M029,2026-08-23 19:18:00,5255.01,Chennai,0
T09035,U0418,D0241,M033,2026-08-23 22:00:00,5263.02,Hyderabad,0
T09036,U0877,D0296,M064,2026-08-23 15:05:00,507.93,Chennai,0
T09037,U0579,D0079,M082,2026-08-23 10:05:00,1212.22,Bangalore,0
T09038,U0954,D0295,M027,2026-08-23 05:42:00,1817.26,Chennai,0
T09039,U0494,D0241,M051,2026-08-23 22:33:00,6618.35,Chennai,0
T09040,U0411,D0456,M037,2026-08-23 15:21:00,4270.49,Chennai,0
T09041,U0710,D0090,M099,2026-08-23 11:49:00,3061.77,Bangalore,0
T09042,U0654,D0265,M060,2026-08-23 23:10:00,412.64,Mumbai,0
T09043,U0404,D0305,M030,2026-08-23 11:58:00,7736.46,Hyderabad,0
T09044,U0718,D0160,M096,2026-08-23 03:52:00,4511.55,Delhi,0
T09045,U0360,D0184,M077,2026-08-23 21:06:00,6342.79,Bangalore,0
T09046,U0177,D0465,M095,2026-08-23 05:35:00,8033.39,Mumbai,0
T09047,U0818,D0414,M071,2026-08-23 14:48:00,9527.01,Chennai,0
T09048,U0982,D0107,M074,2026-08-23 09:43:00,3925.99,Pune,0
T09049,U0569,D0321,M074,2026-08-23 08:51:00,4689.01,Hyderabad,0
T09050,U0542,D0162,M068,2026-08-23 01:37:00,5595.3,Hyderabad,0
T09051,U0210,D0457,M035,2026-08-23 22:08:00,8682.62,Hyderabad,0
T09052,U0404,D0482,M099,2026-08-23 19:48:00,5691.38,Hyderabad,0
T09053,U0630,D0083,M100,2026-08-23 19:45:00,8853.02,Delhi,0
T09054,U0593,D0137,M027,2026-08-23 04:55:00,5257.57,Pune,0
T09055,U0493,D0467,M039,2026-08-23 08:33:00,2460.33,Pune,0
T09056,U0307,D0241,M068,2026-08-23 04:48:00,210.95,Chennai,0
T09057,U0839,D0447,M095,2026-08-23 13:58:00,3439.74,Delhi,0
T09058,U0271,D0350,M041,2026-08-23 19:12:00,7937.39,Delhi,0
T09059,U0187,D0474,M070,2026-08-23 06:20:00,5347.83,Chennai,0
T09060,U0979,D0385,M031,2026-08-23 11:33:00,2028.14,Mumbai,0
T09061,U0651,D0188,M027,2026-08-23 22:53:00,5458.55,Bangalore,0
T09062,U0383,D0363,M093,2026-08-23 09:52:00,283.75,Pune,0
T09063,U0592,D0402,M086,2026-08-23 15:50:00,7938.3,Delhi,0
T09064,U0296,D0432,M034,2026-08-23 19:51:00,8664.15,Bangalore,0
T09065,U0903,D0084,M068,2026-08-23 00:26:00,8461.52,Bangalore,0
T09066,U0743,D0310,M030,2026-08-23 20:32:00,3604.56,Mumbai,0
T09067,U0451,D0464,M065,2026-08-23 11:53:00,9368.45,Hyderabad,0
T09068,U0176,D0299,M040,2026-08-23 10:33:00,2547.61,Mumbai,0
T09069,U0968,D0298,M086,2026-08-23 07:04:00,5567.81,Hyderabad,0
T09070,U0402,D0135,M066,2026-08-23 12:43:00,4190.2,Mumbai,0
T09071,U0773,D0237,M085,2026-08-23 21:19:00,1718.64,Mumbai,0
T09072,U0335,D0453,M078,2026-08-23 07:44:00,1724.24,Mumbai,0
T09073,U0374,D0161,M059,2026-08-23 07:47:00,4941.37,Bangalore,0
T09074,U0346,D0422,M036,2026-08-23 19:29:00,6701.09,Bangalore,0
T09075,U0485,D0285,M077,2026-08-23 10:57:00,6864.05,Bangalore,0
T09076,U0422,D0108,M055,2026-08-23 10:31:00,1992.81,Mumbai,0
T09077,U0557,D0341,M055,2026-08-23 05:07:00,9498.32,Delhi,0
T09078,U0605,D0272,M096,2026-08-23 02:55:00,6445.31,Pune,0
T09079,U0592,D0093,M071,2026-08-23 21:24:00,958.81,Bangalore,0
T09080,U0633,D0481,M026,2026-08-23 05:27:00,6839.01,Chennai,0
T09081,U0394,D0295,M056,2026-08-23 15:04:00,2578.49,Pune,0
T09082,U0371,D0312,M057,2026-08-23 18:13:00,548.07,Chennai,0
T09083,U0228,D0345,M059,2026-08-23 06:34:00,2943.7,Chennai,0
T09084,U0503,D0421,M087,2026-08-23 04:04:00,8067.45,Pune,0
T09085,U0726,D0149,M078,2026-08-23 04:14:00,747.26,Pune,0
T09086,U0444,D0312,M074,2026-08-23 05:49:00,349.21,Chennai,0
T09087,U0412,D0312,M094,2026-08-23 16:26:00,8869.68,Chennai,0
T09088,U0901,D0252,M065,2026-08-23 04:07:00,2877.65,Hyderabad,0
T09089,U0508,D0482,M079,2026-08-23 10:25:00,4575.44,Chennai,0
T09090,U0216,D0409,M038,2026-08-23 13:31:00,5167.37,Hyderabad,0
T09091,U0757,D0166,M077,2026-08-23 13:44:00,2390.8,Pune,0
T09092,U0894,D0085,M027,2026-08-23 18:37:00,8694.95,Delhi,0
T09093,U0769,D0213,M054,2026-08-23 18:43:00,2024.01,Bangalore,0
T09094,U0456,D0356,M072,2026-08-23 16:10:00,5120.31,Bangalore,0
T09095,U0565,D0267,M081,2026-08-23 00:20:00,5238.91,Bangalore,0
T09096,U0845,D0481,M059,2026-08-23 02:20:00,5131.73,Delhi,0
T09097,U0189,D0460,M042,2026-08-23 09:36:00,2914.89,Mumbai,0
T09098,U0976,D0442,M049,2026-08-23 18:58:00,5315.9,Chennai,0
T09099,U0593,D0109,M085,2026-08-23 07:00:00,2696.8,Mumbai,0
T09100,U0185,D0491,M095,2026-08-23 15:36:00,2253.55,Mumbai,0
T09101,U0357,D0116,M059,2026-08-23 19:15:00,2031.95,Bangalore,0
T09102,U0679,D0119,M050,2026-08-23 15:24:00,9117.9,Chennai,0
T09103,U0754,D0453,M051,2026-08-23 17:45:00,7469.82,Bangalore,0
T09104,U0463,D0249,M026,2026-08-23 22:11:00,2369.17,Pune,0
T09105,U0688,D0479,M055,2026-08-23 09:27:00,5720.09,Pune,0
T09106,U0233,D0281,M062,2026-08-23 16:43:00,4182.95,Delhi,0
T09107,U0340,D0447,M087,2026-08-23 06:44:00,5652.56,Mumbai,0
T09108,U0719,D0490,M038,2026-08-23 06:56:00,8790.12,Pune,0
T09109,U0637,D0408,M042,2026-08-23 23:50:00,1697.51,Mumbai,0
T09110,U0980,D0432,M097,2026-08-23 03:31:00,5626.83,Hyderabad,0
T09111,U0504,D0182,M100,2026-08-23 06:19:00,3713.93,Delhi,0
T09112,U0698,D0203,M030,2026-08-23 05:58:00,974.89,Mumbai,0
T09113,U0649,D0108,M078,2026-08-23 01:45:00,6551.47,Chennai,0
T09114,U0666,D0235,M035,2026-08-23 16:09:00,7616.34,Mumbai,0
T09115,U0564,D0082,M045,2026-08-23 17:26:00,4981.86,Delhi,0
T09116,U0165,D0317,M046,2026-08-23 14:07:00,9142.2,Pune,0
T09117,U0407,D0347,M091,2026-08-23 02:25:00,137.63,Pune,0
T09118,U0182,D0203,M037,2026-08-23 14:14:00,4859.64,Bangalore,0
T09119,U0328,D0347,M091,2026-08-23 22:50:00,2509.13,Delhi,0
T09120,U0799,D0189,M095,2026-08-23 11:13:00,9066.5,Delhi,0
T09121,U0379,D0463,M033,2026-08-23 18:59:00,8938.33,Chennai,0
T09122,U0957,D0305,M092,2026-08-23 03:17:00,2811.56,Delhi,0
T09123,U0507,D0203,M066,2026-08-23 08:21:00,8292.6,Mumbai,0
T09124,U0755,D0340,M045,2026-08-23 08:17:00,9469.58,Chennai,0
T09125,U0194,D0300,M047,2026-08-23 21:35:00,3075.07,Delhi,0
T09126,U0575,D0126,M036,2026-08-23 11:37:00,4374.97,Pune,0
T09127,U0958,D0475,M046,2026-08-23 07:53:00,9934.65,Pune,0
T09128,U0549,D0331,M096,2026-08-23 01:00:00,738.73,Delhi,0
T09129,U0437,D0273,M088,2026-08-23 01:16:00,9950.23,Hyderabad,0
T09130,U0871,D0115,M045,2026-08-23 19:09:00,8885.02,Bangalore,0
T09131,U0412,D0226,M082,2026-08-23 03:35:00,9919.68,Chennai,0
T09132,U0189,D0363,M051,2026-08-23 14:19:00,1368.79,Delhi,0
T09133,U0608,D0233,M090,2026-08-23 11:15:00,4086.67,Chennai,0
T09134,U0986,D0305,M095,2026-08-23 22:04:00,9754.09,Mumbai,0
T09135,U0870,D0111,M087,2026-08-23 07:33:00,8049.54,Chennai,0
T09136,U0967,D0307,M084,2026-08-23 13:54:00,350.81,Mumbai,0
T09137,U0927,D0172,M068,2026-08-23 21:51:00,756.05,Chennai,0
T09138,U0568,D0361,M098,2026-08-23 19:52:00,587.45,Hyderabad,0
T09139,U0942,D0318,M063,2026-08-23 02:32:00,7010.58,Delhi,0
T09140,U0712,D0204,M054,2026-08-23 14:10:00,4106.19,Pune,0
T09141,U0400,D0421,M057,2026-08-23 16:14:00,7439.24,Hyderabad,0
T09142,U0577,D0475,M036,2026-08-23 17:18:00,2796.35,Chennai,0
T09143,U0501,D0322,M083,2026-08-23 16:26:00,7173.31,Delhi,0
T09144,U0521,D0364,M043,2026-08-23 23:29:00,6132.9,Hyderabad,0
T09145,U0668,D0195,M078,2026-08-23 02:30:00,5403.66,Pune,0
T09146,U0974,D0338,M050,2026-08-23 15:00:00,2987.21,Delhi,0
T09147,U0730,D0161,M050,2026-08-23 21:08:00,8878.22,Mumbai,0
T09148,U0189,D0220,M042,2026-08-23 09:10:00,2743.09,Bangalore,0
T09149,U0337,D0255,M075,2026-08-23 16:56:00,6440.27,Chennai,0
T09150,U0274,D0321,M092,2026-08-23 05:54:00,6216.7,Delhi,0
T09151,U0719,D0355,M035,2026-08-23 13:35:00,7614.34,Pune,0
T09152,U0154,D0195,M082,2026-08-23 14:01:00,2162.4,Chennai,0
T09153,U0754,D0225,M026,2026-08-23 07:36:00,8356.95,Delhi,0
T09154,U0990,D0447,M029,2026-08-23 10:22:00,2217.32,Hyderabad,0
T09155,U0243,D0396,M046,2026-08-23 14:55:00,6148.36,Delhi,0
T09156,U0160,D0338,M074,2026-08-23 10:52:00,3258.31,Bangalore,0
T09157,U0166,D0344,M078,2026-08-23 03:28:00,6185.72,Delhi,0
T09158,U0624,D0077,M089,2026-08-23 17:08:00,2149.08,Chennai,0
T09159,U0845,D0116,M056,2026-08-23 04:21:00,6262.57,Bangalore,0
T09160,U0321,D0422,M086,2026-08-23 12:31:00,5921.72,Chennai,0
T09161,U0518,D0097,M034,2026-08-23 13:46:00,3797.45,Hyderabad,0
T09162,U0524,D0239,M086,2026-08-23 10:17:00,5262.13,Chennai,0
T09163,U0800,D0152,M097,2026-08-23 02:25:00,9728.18,Pune,0
T09164,U0833,D0329,M026,2026-08-23 11:38:00,4003.51,Hyderabad,0
T09165,U0473,D0321,M052,2026-08-23 17:51:00,7199.04,Hyderabad,0
T09166,U0269,D0102,M099,2026-08-23 13:48:00,165.63,Bangalore,0
T09167,U0915,D0296,M074,2026-08-23 03:58:00,4139.4,Pune,0
T09168,U0219,D0413,M069,2026-08-23 06:36:00,9835.9,Mumbai,0
T09169,U0538,D0283,M028,2026-08-23 23:39:00,1728.79,Hyderabad,0
T09170,U0861,D0267,M074,2026-08-23 20:30:00,4683.92,Delhi,0
T09171,U0244,D0337,M036,2026-08-23 10:00:00,2207.93,Pune,0
T09172,U0987,D0274,M083,2026-08-23 11:12:00,4635.89,Hyderabad,0
T09173,U0420,D0277,M028,2026-08-23 13:07:00,5610.28,Hyderabad,0
T09174,U0944,D0168,M079,2026-08-23 00:43:00,3789.95,Chennai,0
T09175,U0688,D0355,M046,2026-08-23 21:29:00,3171.93,Pune,0
T09176,U0753,D0298,M077,2026-08-23 12:52:00,7286.75,Delhi,0
T09177,U0872,D0476,M040,2026-08-23 17:32:00,4715.9,Hyderabad,0
T09178,U0680,D0360,M030,2026-08-23 09:50:00,1169.0,Pune,0
T09179,U0171,D0174,M079,2026-08-23 07:36:00,9383.0,Delhi,0
T09180,U0606,D0209,M068,2026-08-23 03:35:00,1467.32,Pune,0
T09181,U0550,D0137,M098,2026-08-23 08:13:00,8679.13,Delhi,0
T09182,U0208,D0160,M046,2026-08-23 22:21:00,7449.9,Delhi,0
T09183,U0364,D0087,M063,2026-08-23 10:02:00,2232.94,Bangalore,0
T09184,U0853,D0159,M036,2026-08-23 06:44:00,2819.31,Pune,0
T09185,U0482,D0245,M082,2026-08-23 20:42:00,6147.22,Bangalore,0
T09186,U0192,D0319,M049,2026-08-23 11:41:00,4070.65,Delhi,0
T09187,U0647,D0143,M057,2026-08-23 01:57:00,3877.74,Chennai,0
T09188,U0580,D0254,M083,2026-08-23 17:59:00,9754.54,Mumbai,0
T09189,U0865,D0113,M073,2026-08-23 03:43:00,9652.64,Bangalore,0
T09190,U0442,D0126,M056,2026-08-23 13:37:00,4908.25,Mumbai,0
T09191,U0539,D0325,M072,2026-08-23 19:47:00,6598.63,Pune,0
T09192,U0357,D0456,M042,2026-08-23 04:31:00,2785.97,Delhi,0
T09193,U0543,D0321,M053,2026-08-23 15:58:00,887.69,Mumbai,0
T09194,U0633,D0236,M068,2026-08-23 15:24:00,5867.95,Bangalore,0
T09195,U0979,D0143,M029,2026-08-23 20:38:00,3126.81,Hyderabad,0
T09196,U0837,D0088,M046,2026-08-23 18:22:00,7078.14,Pune,0
T09197,U0435,D0228,M052,2026-08-23 19:06:00,9265.08,Delhi,0
T09198,U0292,D0269,M083,2026-08-23 13:46:00,5757.1,Bangalore,0
T09199,U0392,D0421,M075,2026-08-23 13:12:00,4920.35,Delhi,0
T09200,U0684,D0294,M090,2026-08-23 20:37:00,9902.66,Mumbai,0
T09201,U0767,D0080,M092,2026-08-23 16:20:00,5230.35,Chennai,0
T09202,U0729,D0116,M064,2026-08-23 04:10:00,5438.39,Chennai,0
T09203,U0482,D0375,M030,2026-08-23 21:16:00,2924.49,Bangalore,0
T09204,U0854,D0220,M063,2026-08-23 08:53:00,4718.0,Chennai,0
T09205,U0620,D0103,M083,2026-08-23 04:42:00,3686.78,Hyderabad,0
T09206,U0502,D0447,M045,2026-08-23 16:23:00,5651.13,Bangalore,0
T09207,U0213,D0384,M068,2026-08-23 08:37:00,4654.66,Pune,0
T09208,U0318,D0357,M086,2026-08-23 09:27:00,9057.82,Mumbai,0
T09209,U0476,D0122,M057,2026-08-23 20:51:00,1326.67,Hyderabad,0
T09210,U0541,D0484,M026,2026-08-23 08:09:00,4543.46,Chennai,0
T09211,U0723,D0091,M055,2026-08-23 10:43:00,4197.66,Delhi,0
T09212,U0774,D0428,M040,2026-08-23 23:04:00,9050.19,Delhi,0
T09213,U0818,D0407,M073,2026-08-23 18:15:00,4998.6,Mumbai,0
T09214,U0151,D0444,M086,2026-08-23 12:13:00,391.09,Chennai,0
T09215,U0740,D0410,M053,2026-08-23 20:30:00,6316.44,Hyderabad,0
T09216,U0554,D0307,M087,2026-08-23 23:36:00,7738.51,Pune,0
T09217,U0980,D0277,M057,2026-08-23 03:08:00,7654.43,Mumbai,0
T09218,U0947,D0322,M034,2026-08-23 17:42:00,4092.23,Mumbai,0
T09219,U0567,D0450,M082,2026-08-23 18:00:00,4170.51,Mumbai,0
T09220,U0389,D0483,M054,2026-08-23 19:10:00,3984.05,Delhi,0
T09221,U0273,D0199,M027,2026-08-23 06:45:00,1509.89,Mumbai,0
T09222,U0283,D0231,M092,2026-08-23 14:22:00,3101.27,Delhi,0
T09223,U0409,D0282,M076,2026-08-23 12:30:00,8110.69,Hyderabad,0
T09224,U0731,D0325,M083,2026-08-23 01:02:00,7799.55,Chennai,0
T09225,U0554,D0228,M060,2026-08-23 08:28:00,8189.55,Delhi,0
T09226,U0816,D0248,M062,2026-08-23 03:31:00,1406.36,Pune,0
T09227,U0627,D0270,M047,2026-08-23 01:39:00,9060.04,Pune,0
T09228,U0183,D0115,M048,2026-08-23 18:07:00,6195.85,Hyderabad,0
T09229,U0670,D0159,M094,2026-08-23 00:18:00,9179.52,Pune,0
T09230,U0754,D0159,M028,2026-08-23 12:07:00,2536.34,Mumbai,0
T09231,U0480,D0089,M062,2026-08-23 21:36:00,3613.46,Delhi,0
T09232,U0587,D0392,M079,2026-08-23 20:26:00,490.34,Bangalore,0
T09233,U0766,D0162,M053,2026-08-23 06:25:00,985.79,Hyderabad,0
T09234,U0287,D0488,M064,2026-08-23 00:29:00,9500.99,Bangalore,0
T09235,U0471,D0402,M084,2026-08-23 11:09:00,5188.89,Hyderabad,0
T09236,U0862,D0486,M044,2026-08-23 15:46:00,4289.23,Mumbai,0
T09237,U0246,D0409,M048,2026-08-23 16:23:00,4545.74,Pune,0
T09238,U0735,D0456,M051,2026-08-23 08:14:00,2339.38,Hyderabad,0
T09239,U0597,D0391,M065,2026-08-23 05:16:00,297.24,Delhi,0
T09240,U0425,D0207,M067,2026-08-23 15:16:00,3998.01,Mumbai,0
T09241,U0236,D0288,M048,2026-08-23 19:38:00,8428.2,Pune,0
T09242,U0940,D0262,M032,2026-08-23 14:08:00,2885.29,Bangalore,0
T09243,U0369,D0115,M094,2026-08-23 10:28:00,723.66,Pune,0
T09244,U0649,D0201,M049,2026-08-23 21:47:00,4138.62,Chennai,0
T09245,U0368,D0206,M080,2026-08-23 12:36:00,7041.29,Hyderabad,0
T09246,U0439,D0295,M034,2026-08-23 04:21:00,8200.25,Bangalore,0
T09247,U0376,D0465,M095,2026-08-23 09:34:00,7400.53,Mumbai,0
T09248,U0616,D0421,M048,2026-08-23 14:52:00,2677.06,Pune,0
T09249,U0204,D0114,M091,2026-08-23 21:04:00,1811.56,Delhi,0
T09250,U0767,D0134,M064,2026-08-23 23:11:00,2180.55,Hyderabad,0
T09251,U0368,D0249,M059,2026-08-23 06:08:00,3494.23,Pune,0
T09252,U0989,D0296,M042,2026-08-23 18:11:00,6716.68,Mumbai,0
T09253,U0976,D0458,M026,2026-08-23 16:56:00,6966.28,Delhi,0
T09254,U0237,D0464,M057,2026-08-23 17:17:00,2908.88,Pune,0
T09255,U0616,D0483,M068,2026-08-23 02:29:00,2524.15,Hyderabad,0
T09256,U0944,D0098,M085,2026-08-23 22:57:00,2804.77,Bangalore,0
T09257,U0666,D0452,M066,2026-08-23 00:37:00,3805.61,Delhi,0
T09258,U0292,D0418,M059,2026-08-23 01:46:00,7606.3,Pune,0
T09259,U0473,D0469,M060,2026-08-23 14:15:00,7152.93,Bangalore,0
T09260,U0285,D0106,M077,2026-08-23 21:03:00,328.53,Pune,0
T09261,U0811,D0296,M039,2026-08-23 03:16:00,6279.94,Pune,0
T09262,U0508,D0470,M084,2026-08-23 07:27:00,6427.85,Chennai,0
T09263,U0487,D0198,M026,2026-08-23 07:55:00,1276.45,Delhi,0
T09264,U0430,D0269,M065,2026-08-23 07:46:00,9662.61,Delhi,0
T09265,U0952,D0204,M060,2026-08-23 04:21:00,5515.79,Pune,0
T09266,U0479,D0206,M028,2026-08-23 02:05:00,5886.12,Chennai,0
T09267,U0949,D0450,M052,2026-08-23 03:40:00,5792.41,Bangalore,0
T09268,U0634,D0362,M089,2026-08-23 08:17:00,249.42,Hyderabad,0
T09269,U0851,D0172,M100,2026-08-23 00:55:00,8506.41,Chennai,0
T09270,U0928,D0215,M052,2026-08-23 06:21:00,7485.49,Chennai,0
T09271,U0548,D0148,M029,2026-08-23 11:17:00,6845.43,Pune,0
T09272,U0527,D0437,M070,2026-08-23 13:03:00,8207.67,Delhi,0
T09273,U0459,D0386,M089,2026-08-23 12:40:00,3907.16,Hyderabad,0
T09274,U0901,D0302,M095,2026-08-23 23:36:00,2274.44,Chennai,0
T09275,U0759,D0200,M100,2026-08-23 09:52:00,2154.46,Bangalore,0
T09276,U0743,D0425,M070,2026-08-23 02:42:00,9713.82,Delhi,0
T09277,U0671,D0256,M082,2026-08-23 18:40:00,4454.92,Chennai,0
T09278,U0955,D0347,M027,2026-08-23 23:10:00,8480.17,Hyderabad,0
T09279,U0644,D0168,M091,2026-08-23 08:16:00,6079.59,Delhi,0
T09280,U0354,D0082,M035,2026-08-23 19:08:00,6064.85,Mumbai,0
T09281,U0984,D0261,M092,2026-08-23 09:58:00,4101.7,Pune,0
T09282,U0859,D0450,M028,2026-08-23 15:23:00,7561.48,Hyderabad,0
T09283,U0580,D0156,M066,2026-08-23 23:10:00,7489.73,Pune,0
T09284,U0629,D0077,M052,2026-08-23 05:20:00,4530.34,Delhi,0
T09285,U0977,D0403,M090,2026-08-23 15:15:00,3631.14,Mumbai,0
T09286,U0993,D0244,M032,2026-08-23 19:47:00,5566.45,Bangalore,0
T09287,U0831,D0143,M030,2026-08-23 16:34:00,3479.87,Pune,0
T09288,U0280,D0099,M058,2026-08-23 13:39:00,7952.18,Delhi,0
T09289,U0199,D0312,M062,2026-08-23 07:06:00,5852.04,Pune,0
T09290,U0559,D0498,M059,2026-08-23 18:11:00,2588.82,Mumbai,0
T09291,U0345,D0390,M047,2026-08-23 01:24:00,1575.55,Pune,0
T09292,U0964,D0206,M060,2026-08-23 00:26:00,6852.46,Chennai,0
T09293,U0801,D0127,M099,2026-08-23 16:30:00,898.99,Delhi,0
T09294,U0819,D0395,M026,2026-08-23 04:07:00,768.92,Bangalore,0
T09295,U0926,D0176,M076,2026-08-23 16:40:00,9106.84,Delhi,0
T09296,U0848,D0408,M035,2026-08-23 13:28:00,6222.01,Pune,0
T09297,U0409,D0140,M081,2026-08-23 02:49:00,9790.1,Mumbai,0
T09298,U0576,D0415,M079,2026-08-23 09:22:00,4885.82,Bangalore,0
T09299,U0651,D0431,M099,2026-08-23 07:30:00,3531.02,Mumbai,0
T09300,U0500,D0291,M072,2026-08-23 04:36:00,9887.61,Pune,0
T09301,U0176,D0354,M057,2026-08-23 03:37:00,9541.62,Chennai,0
T09302,U0162,D0409,M026,2026-08-23 02:34:00,7391.45,Bangalore,0
T09303,U0801,D0344,M054,2026-08-23 06:05:00,996.73,Chennai,0
T09304,U0733,D0099,M033,2026-08-23 16:48:00,3022.54,Pune,0
T09305,U0543,D0269,M060,2026-08-23 07:11:00,9499.07,Delhi,0
T09306,U0537,D0088,M063,2026-08-23 05:03:00,5606.57,Pune,0
T09307,U0391,D0125,M076,2026-08-23 16:45:00,1488.92,Chennai,0
T09308,U0458,D0271,M058,2026-08-23 09:35:00,4794.54,Bangalore,0
T09309,U0540,D0100,M076,2026-08-23 02:05:00,4357.58,Pune,0
T09310,U0393,D0327,M084,2026-08-23 18:02:00,5363.18,Delhi,0
T09311,U0319,D0113,M058,2026-08-23 04:10:00,5479.5,Bangalore,0
T09312,U0212,D0311,M046,2026-08-23 20:45:00,351.7,Pune,0
T09313,U0414,D0317,M094,2026-08-23 01:35:00,7291.51,Pune,0
T09314,U0248,D0309,M033,2026-08-23 11:46:00,7697.22,Hyderabad,0
T09315,U0627,D0402,M080,2026-08-23 11:17:00,5439.59,Hyderabad,0
T09316,U0616,D0463,M072,2026-08-23 15:21:00,5966.4,Chennai,0
T09317,U0975,D0450,M054,2026-08-23 13:36:00,6321.48,Pune,0
T09318,U0478,D0400,M061,2026-08-23 16:41:00,9323.49,Bangalore,0
T09319,U0172,D0494,M100,2026-08-23 21:05:00,7189.68,Delhi,0
T09320,U0791,D0187,M087,2026-08-23 18:03:00,2895.31,Pune,0
T09321,U0562,D0237,M046,2026-08-23 07:24:00,7732.04,Delhi,0
T09322,U0155,D0223,M066,2026-08-23 07:18:00,2016.61,Chennai,0
T09323,U0176,D0211,M095,2026-08-23 05:56:00,357.8,Mumbai,0
T09324,U0184,D0077,M029,2026-08-23 05:15:00,3987.23,Mumbai,0
T09325,U0508,D0248,M059,2026-08-23 15:14:00,3537.45,Pune,0
T09326,U0945,D0391,M081,2026-08-23 09:55:00,7920.03,Bangalore,0
T09327,U0585,D0183,M093,2026-08-23 04:45:00,3480.84,Bangalore,0
T09328,U0633,D0495,M044,2026-08-23 21:39:00,2102.99,Chennai,0
T09329,U0979,D0254,M090,2026-08-23 05:35:00,988.34,Chennai,0
T09330,U0548,D0191,M057,2026-08-23 00:59:00,5486.42,Bangalore,0
T09331,U0952,D0459,M059,2026-08-23 18:53:00,9338.99,Pune,0
T09332,U0804,D0082,M094,2026-08-23 23:35:00,5203.68,Mumbai,0
T09333,U0862,D0116,M039,2026-08-23 05:40:00,7740.55,Delhi,0
T09334,U0172,D0230,M064,2026-08-23 23:57:00,8809.45,Bangalore,0
T09335,U0558,D0239,M085,2026-08-23 16:30:00,1356.02,Bangalore,0
T09336,U0287,D0303,M039,2026-08-23 23:58:00,4106.22,Bangalore,0
T09337,U0151,D0365,M093,2026-08-23 03:14:00,9649.09,Pune,0
T09338,U0615,D0288,M080,2026-08-23 07:57:00,9137.31,Chennai,0
T09339,U0238,D0246,M045,2026-08-23 14:16:00,4891.54,Pune,0
T09340,U0613,D0134,M035,2026-08-23 00:25:00,4574.8,Bangalore,0
T09341,U0555,D0349,M078,2026-08-23 17:57:00,6483.31,Hyderabad,0
T09342,U0580,D0453,M065,2026-08-23 03:26:00,2979.17,Chennai,0
T09343,U0509,D0386,M065,2026-08-23 14:35:00,5537.63,Hyderabad,0
T09344,U0347,D0401,M085,2026-08-23 09:57:00,9772.35,Hyderabad,0
T09345,U0327,D0238,M084,2026-08-23 15:09:00,9261.3,Delhi,0
T09346,U0747,D0367,M088,2026-08-23 16:27:00,8131.29,Chennai,0
T09347,U0847,D0500,M099,2026-08-23 12:45:00,975.53,Pune,0
T09348,U0546,D0093,M054,2026-08-23 05:29:00,9744.23,Pune,0
T09349,U0406,D0412,M087,2026-08-23 01:01:00,1088.5,Pune,0
T09350,U0892,D0084,M071,2026-08-23 22:03:00,9665.86,Pune,0
T09351,U0601,D0483,M035,2026-08-23 11:59:00,6476.92,Bangalore,0
T09352,U0786,D0388,M074,2026-08-23 22:46:00,6348.59,Chennai,0
T09353,U0295,D0190,M033,2026-08-23 22:12:00,3138.87,Mumbai,0
T09354,U0305,D0248,M079,2026-08-23 02:34:00,7049.98,Hyderabad,0
T09355,U0804,D0404,M070,2026-08-23 23:26:00,6878.78,Chennai,0
T09356,U0386,D0487,M090,2026-08-23 09:56:00,1007.1,Chennai,0
T09357,U0925,D0425,M100,2026-08-23 23:19:00,9725.76,Bangalore,0
T09358,U0595,D0170,M096,2026-08-23 17:22:00,962.19,Pune,0
T09359,U0863,D0449,M078,2026-08-23 13:34:00,630.34,Chennai,0
T09360,U0178,D0370,M094,2026-08-23 01:58:00,3578.46,Bangalore,0
T09361,U0805,D0343,M053,2026-08-23 08:58:00,9317.47,Hyderabad,0
T09362,U0986,D0366,M052,2026-08-23 13:54:00,2571.82,Mumbai,0
T09363,U0691,D0107,M092,2026-08-23 17:01:00,4484.97,Pune,0
T09364,U0926,D0203,M062,2026-08-23 16:37:00,1535.23,Pune,0
T09365,U0417,D0124,M080,2026-08-23 15:49:00,3937.64,Bangalore,0
T09366,U0970,D0350,M088,2026-08-23 09:54:00,2489.99,Delhi,0
T09367,U0567,D0222,M089,2026-08-23 10:17:00,1391.78,Pune,0
T09368,U0356,D0147,M076,2026-08-23 18:01:00,2438.94,Hyderabad,0
T09369,U0686,D0323,M029,2026-08-23 20:37:00,7220.41,Pune,0
T09370,U0327,D0374,M068,2026-08-23 03:33:00,4264.18,Chennai,0
T09371,U0724,D0439,M031,2026-08-23 18:59:00,3190.48,Hyderabad,0
T09372,U0689,D0480,M045,2026-08-23 12:53:00,1484.57,Mumbai,0
T09373,U0361,D0190,M039,2026-08-23 06:23:00,3442.43,Bangalore,0
T09374,U0284,D0419,M097,2026-08-23 15:52:00,3994.16,Mumbai,0
T09375,U0379,D0212,M026,2026-08-23 08:44:00,7994.85,Delhi,0
T09376,U0603,D0456,M058,2026-08-23 08:55:00,9208.28,Mumbai,0
T09377,U0586,D0250,M049,2026-08-23 04:24:00,3103.18,Delhi,0
T09378,U0561,D0340,M068,2026-08-23 03:55:00,4181.01,Chennai,0
T09379,U0219,D0320,M073,2026-08-23 02:27:00,4667.61,Chennai,0
T09380,U0531,D0428,M044,2026-08-23 21:28:00,5578.4,Hyderabad,0
T09381,U0417,D0404,M084,2026-08-23 00:59:00,7145.76,Hyderabad,0
T09382,U0158,D0396,M028,2026-08-23 12:05:00,8075.21,Mumbai,0
T09383,U0417,D0425,M068,2026-08-23 17:58:00,9554.47,Mumbai,0
T09384,U0576,D0290,M065,2026-08-23 18:15:00,4650.32,Hyderabad,0
T09385,U0268,D0191,M095,2026-08-23 22:44:00,2572.28,Chennai,0
T09386,U0618,D0299,M031,2026-08-23 16:54:00,5404.17,Chennai,0
T09387,U0352,D0255,M062,2026-08-23 18:27:00,1846.96,Chennai,0
T09388,U0413,D0261,M042,2026-08-23 09:47:00,8278.48,Delhi,0
T09389,U0700,D0136,M075,2026-08-23 00:31:00,6667.26,Hyderabad,0
T09390,U0977,D0203,M065,2026-08-23 03:40:00,4923.31,Pune,0
T09391,U1000,D0256,M065,2026-08-23 13:54:00,1155.66,Hyderabad,0
T09392,U0252,D0128,M100,2026-08-23 22:23:00,1181.21,Pune,0
T09393,U0253,D0225,M085,2026-08-23 07:35:00,5724.91,Pune,0
T09394,U0847,D0116,M047,2026-08-23 19:41:00,5113.8,Pune,0
T09395,U0391,D0488,M066,2026-08-23 17:44:00,2578.97,Delhi,0
T09396,U0878,D0080,M038,2026-08-23 04:35:00,4640.99,Bangalore,0
T09397,U0289,D0302,M088,2026-08-23 23:48:00,1140.59,Hyderabad,0
T09398,U0545,D0407,M090,2026-08-23 11:32:00,2026.89,Delhi,0
T09399,U0155,D0378,M038,2026-08-23 23:14:00,4563.84,Hyderabad,0
T09400,U0650,D0367,M058,2026-08-23 00:28:00,9130.24,Bangalore,0
T09401,U0823,D0174,M029,2026-08-23 18:21:00,5991.5,Chennai,0
T09402,U0321,D0365,M031,2026-08-23 13:44:00,2688.11,Bangalore,0
T09403,U0770,D0392,M075,2026-08-23 11:07:00,5602.9,Hyderabad,0
T09404,U0184,D0155,M098,2026-08-23 08:21:00,4699.38,Hyderabad,0
T09405,U0480,D0140,M079,2026-08-23 21:50:00,3257.96,Mumbai,0
T09406,U0283,D0344,M027,2026-08-23 05:45:00,2456.23,Mumbai,0
T09407,U0478,D0290,M048,2026-08-23 14:07:00,533.11,Bangalore,0
T09408,U0718,D0080,M072,2026-08-23 19:47:00,5483.12,Pune,0
T09409,U0274,D0345,M096,2026-08-23 17:27:00,233.73,Pune,0
T09410,U0404,D0076,M026,2026-08-23 11:20:00,9284.65,Mumbai,0
T09411,U0701,D0154,M095,2026-08-23 13:33:00,8666.14,Pune,0
T09412,U0641,D0398,M046,2026-08-23 22:22:00,8485.43,Chennai,0
T09413,U0203,D0462,M050,2026-08-23 00:20:00,4597.6,Bangalore,0
T09414,U0706,D0108,M080,2026-08-23 19:29:00,7405.6,Chennai,0
T09415,U0360,D0438,M085,2026-08-23 12:55:00,9453.13,Mumbai,0
T09416,U0322,D0133,M072,2026-08-23 09:11:00,784.03,Pune,0
T09417,U0220,D0372,M097,2026-08-23 02:01:00,4508.87,Pune,0
T09418,U0280,D0308,M043,2026-08-23 21:09:00,6665.22,Pune,0
T09419,U0759,D0233,M045,2026-08-23 22:36:00,5630.2,Chennai,0
T09420,U0491,D0351,M056,2026-08-23 10:27:00,5879.14,Pune,0
T09421,U0550,D0178,M097,2026-08-23 19:53:00,7736.45,Pune,0
T09422,U0990,D0352,M088,2026-08-23 22:00:00,6584.59,Delhi,0
T09423,U0482,D0255,M037,2026-08-23 01:48:00,6132.81,Pune,0
T09424,U0386,D0198,M072,2026-08-23 12:23:00,8506.89,Delhi,0
T09425,U0507,D0309,M045,2026-08-23 17:35:00,6529.64,Hyderabad,0
T09426,U0560,D0411,M053,2026-08-23 22:06:00,5204.84,Delhi,0
T09427,U0250,D0298,M036,2026-08-23 22:37:00,6038.71,Hyderabad,0
T09428,U0479,D0360,M088,2026-08-23 12:28:00,2158.77,Pune,0
T09429,U0802,D0152,M078,2026-08-23 02:56:00,2791.55,Delhi,0
T09430,U0766,D0418,M033,2026-08-23 23:05:00,8596.98,Delhi,0
T09431,U0455,D0109,M080,2026-08-23 15:58:00,5706.39,Pune,0
T09432,U0825,D0156,M031,2026-08-23 06:23:00,4695.6,Delhi,0
T09433,U0780,D0425,M038,2026-08-23 09:22:00,3350.16,Hyderabad,0
T09434,U0705,D0117,M035,2026-08-23 19:11:00,9528.57,Bangalore,0
T09435,U0635,D0396,M046,2026-08-23 17:31:00,2867.67,Delhi,0
T09436,U0459,D0350,M087,2026-08-23 09:13:00,5910.36,Bangalore,0
T09437,U0196,D0371,M048,2026-08-23 14:21:00,1920.1,Delhi,0
T09438,U0558,D0253,M095,2026-08-23 00:45:00,9802.5,Mumbai,0
T09439,U0823,D0170,M028,2026-08-23 01:54:00,5618.73,Pune,0
T09440,U0174,D0258,M084,2026-08-23 00:42:00,895.3,Mumbai,0
T09441,U0443,D0183,M067,2026-08-23 15:14:00,3282.95,Chennai,0
T09442,U0824,D0391,M042,2026-08-23 11:16:00,3504.05,Pune,0
T09443,U0928,D0267,M079,2026-08-23 17:04:00,342.46,Pune,0
T09444,U0711,D0213,M080,2026-08-23 20:28:00,7316.3,Bangalore,0
T09445,U0257,D0249,M097,2026-08-23 03:47:00,1364.37,Chennai,0
T09446,U0540,D0154,M060,2026-08-23 06:23:00,3004.63,Pune,0
T09447,U0850,D0222,M087,2026-08-23 23:09:00,467.99,Chennai,0
T09448,U0504,D0135,M099,2026-08-23 23:38:00,493.88,Pune,0
T09449,U0610,D0147,M065,2026-08-23 23:42:00,2766.22,Mumbai,0
T09450,U0202,D0394,M072,2026-08-23 16:08:00,6922.05,Chennai,0
T09451,U0445,D0348,M087,2026-08-23 16:32:00,2959.57,Mumbai,0
T09452,U0399,D0103,M094,2026-08-23 07:15:00,3399.68,Chennai,0
T09453,U0836,D0350,M029,2026-08-23 21:05:00,1035.46,Pune,0
T09454,U0209,D0094,M079,2026-08-23 08:31:00,2743.64,Mumbai,0
T09455,U0465,D0397,M036,2026-08-23 17:14:00,242.15,Hyderabad,0
T09456,U0944,D0144,M031,2026-08-23 23:08:00,1624.42,Chennai,0
T09457,U0166,D0237,M098,2026-08-23 16:16:00,8768.76,Mumbai,0
T09458,U0406,D0185,M081,2026-08-23 18:57:00,7768.87,Chennai,0
T09459,U0664,D0321,M074,2026-08-23 11:44:00,9579.74,Hyderabad,0
T09460,U0896,D0258,M070,2026-08-23 04:44:00,3385.44,Mumbai,0
T09461,U0721,D0241,M075,2026-08-23 18:27:00,3664.89,Pune,0
T09462,U0587,D0466,M075,2026-08-23 09:07:00,9859.04,Delhi,0
T09463,U0639,D0344,M047,2026-08-23 22:27:00,4068.48,Delhi,0
T09464,U0635,D0133,M054,2026-08-23 01:32:00,607.59,Chennai,0
T09465,U0502,D0256,M059,2026-08-23 13:49:00,6446.64,Hyderabad,0
T09466,U0406,D0198,M062,2026-08-23 15:10:00,6254.87,Hyderabad,0
T09467,U0290,D0375,M059,2026-08-23 21:41:00,6304.1,Delhi,0
T09468,U0444,D0223,M084,2026-08-23 00:12:00,2937.78,Bangalore,0
T09469,U0856,D0433,M065,2026-08-23 12:41:00,448.74,Pune,0
T09470,U0914,D0273,M053,2026-08-23 06:41:00,4875.59,Mumbai,0
T09471,U0768,D0247,M039,2026-08-23 02:14:00,5273.5,Delhi,0
T09472,U0554,D0407,M041,2026-08-23 06:45:00,5394.69,Mumbai,0
T09473,U0523,D0411,M070,2026-08-23 11:07:00,5682.1,Chennai,0
T09474,U0333,D0370,M093,2026-08-23 03:31:00,6685.2,Chennai,0
T09475,U0814,D0153,M062,2026-08-23 02:36:00,6198.39,Delhi,0
T09476,U0622,D0312,M037,2026-08-23 02:45:00,5246.04,Bangalore,0
T09477,U0881,D0431,M074,2026-08-23 15:04:00,7001.65,Mumbai,0
T09478,U0452,D0494,M050,2026-08-23 12:56:00,610.86,Hyderabad,0
T09479,U0709,D0395,M026,2026-08-23 20:14:00,5245.7,Delhi,0
T09480,U0309,D0300,M038,2026-08-23 08:48:00,2311.18,Mumbai,0
T09481,U0738,D0470,M060,2026-08-23 16:03:00,2603.65,Delhi,0
T09482,U0361,D0401,M065,2026-08-23 16:22:00,3965.31,Delhi,0
T09483,U0697,D0374,M053,2026-08-23 17:15:00,4237.33,Mumbai,0
T09484,U0798,D0453,M037,2026-08-23 23:54:00,9232.92,Pune,0
T09485,U0643,D0488,M084,2026-08-23 13:04:00,3140.56,Pune,0
T09486,U0474,D0344,M033,2026-08-23 18:25:00,2999.85,Bangalore,0
T09487,U0959,D0392,M079,2026-08-23 21:39:00,3248.87,Pune,0
T09488,U0219,D0431,M083,2026-08-23 19:15:00,7386.95,Pune,0
T09489,U0958,D0090,M067,2026-08-23 06:36:00,6666.19,Chennai,0
T09490,U0580,D0086,M073,2026-08-23 10:52:00,6999.44,Mumbai,0
T09491,U0457,D0107,M043,2026-08-23 21:26:00,9950.33,Delhi,0
T09492,U0921,D0230,M069,2026-08-23 21:12:00,3736.79,Mumbai,0
T09493,U0584,D0369,M067,2026-08-23 12:46:00,5696.27,Bangalore,0
T09494,U0806,D0163,M079,2026-08-23 17:36:00,995.63,Bangalore,0
T09495,U0658,D0341,M056,2026-08-23 15:23:00,8681.52,Bangalore,0
T09496,U0951,D0342,M056,2026-08-23 11:53:00,5857.06,Hyderabad,0
T09497,U0262,D0163,M056,2026-08-23 08:55:00,3345.04,Pune,0
T09498,U0327,D0179,M048,2026-08-23 12:37:00,6961.06,Bangalore,0
T09499,U0918,D0168,M062,2026-08-23 11:51:00,3260.62,Mumbai,0
T09500,U0230,D0128,M075,2026-08-23 06:06:00,8128.51,Mumbai,0
T09501,U0427,D0470,M052,2026-08-23 11:21:00,1116.57,Hyderabad,0
T09502,U0762,D0140,M091,2026-08-23 14:03:00,2091.5,Mumbai,0
T09503,U0868,D0104,M045,2026-08-23 07:00:00,1086.38,Hyderabad,0
T09504,U0800,D0093,M042,2026-08-23 17:54:00,7461.74,Bangalore,0
T09505,U0540,D0077,M088,2026-08-23 13:14:00,2400.92,Hyderabad,0
T09506,U0431,D0182,M052,2026-08-23 09:33:00,6829.26,Bangalore,0
T09507,U0336,D0408,M074,2026-08-23 07:06:00,2531.82,Hyderabad,0
T09508,U0558,D0218,M035,2026-08-23 13:46:00,6419.34,Delhi,0
T09509,U0975,D0356,M089,2026-08-23 01:17:00,8134.15,Hyderabad,0
T09510,U0305,D0124,M072,2026-08-23 03:00:00,2762.94,Pune,0
T09511,U0895,D0192,M070,2026-08-23 03:15:00,4800.99,Pune,0
T09512,U0353,D0418,M074,2026-08-23 17:19:00,3721.97,Hyderabad,0
T09513,U0898,D0457,M065,2026-08-23 18:17:00,3700.27,Mumbai,0
T09514,U0203,D0400,M044,2026-08-23 08:23:00,3404.64,Pune,0
T09515,U0632,D0154,M047,2026-08-23 08:45:00,451.76,Hyderabad,0
T09516,U0892,D0260,M056,2026-08-23 01:33:00,7662.05,Bangalore,0
T09517,U0269,D0191,M028,2026-08-23 00:08:00,2736.79,Pune,0
T09518,U0694,D0385,M043,2026-08-23 16:09:00,3701.53,Pune,0
T09519,U0320,D0176,M060,2026-08-23 01:45:00,5115.15,Bangalore,0
T09520,U0921,D0267,M079,2026-08-23 19:11:00,7967.62,Pune,0
T09521,U0381,D0188,M068,2026-08-23 12:29:00,9505.22,Mumbai,0
T09522,U0396,D0336,M073,2026-08-23 20:08:00,5592.67,Delhi,0
T09523,U0939,D0154,M097,2026-08-23 08:53:00,8841.3,Delhi,0
T09524,U0728,D0474,M082,2026-08-23 10:08:00,5345.76,Mumbai,0
T09525,U0744,D0362,M031,2026-08-23 01:29:00,8754.88,Pune,0
T09526,U0519,D0326,M052,2026-08-23 06:54:00,9083.65,Bangalore,0
T09527,U0622,D0395,M042,2026-08-23 13:51:00,6333.67,Bangalore,0
T09528,U0742,D0420,M062,2026-08-23 00:20:00,3109.42,Mumbai,0
T09529,U0530,D0089,M039,2026-08-23 15:31:00,8092.32,Bangalore,0
T09530,U0492,D0287,M076,2026-08-23 11:50:00,7839.52,Delhi,0
T09531,U0760,D0467,M030,2026-08-23 22:02:00,4037.47,Delhi,0
T09532,U0557,D0378,M089,2026-08-23 04:32:00,1721.67,Chennai,0
T09533,U0447,D0169,M031,2026-08-23 08:36:00,2478.29,Bangalore,0
T09534,U0559,D0198,M034,2026-08-23 19:35:00,1139.88,Bangalore,0
T09535,U0997,D0295,M098,2026-08-23 16:01:00,8397.47,Bangalore,0
T09536,U0907,D0202,M074,2026-08-23 08:15:00,3464.82,Bangalore,0
T09537,U0931,D0419,M037,2026-08-23 10:16:00,9822.24,Chennai,0
T09538,U0201,D0154,M096,2026-08-23 13:34:00,1177.23,Chennai,0
T09539,U0372,D0156,M096,2026-08-23 14:02:00,6825.33,Bangalore,0
T09540,U0427,D0077,M042,2026-08-23 21:42:00,2946.89,Hyderabad,0
T09541,U0456,D0145,M044,2026-08-23 08:55:00,7408.61,Chennai,0
T09542,U0325,D0223,M056,2026-08-23 00:45:00,1571.77,Pune,0
T09543,U0285,D0472,M033,2026-08-23 00:30:00,369.57,Chennai,0
T09544,U0283,D0305,M093,2026-08-23 20:36:00,1795.87,Pune,0
T09545,U0839,D0158,M059,2026-08-23 22:36:00,2434.37,Bangalore,0
T09546,U0807,D0376,M088,2026-08-23 19:21:00,1049.24,Chennai,0
T09547,U0494,D0193,M046,2026-08-23 20:37:00,3294.87,Mumbai,0
T09548,U0270,D0401,M088,2026-08-23 14:01:00,1919.55,Hyderabad,0
T09549,U0905,D0432,M092,2026-08-23 09:22:00,4138.2,Mumbai,0
T09550,U0970,D0268,M062,2026-08-23 01:54:00,9006.16,Delhi,0
T09551,U0922,D0381,M084,2026-08-23 15:38:00,5842.21,Hyderabad,0
T09552,U0371,D0268,M034,2026-08-23 09:23:00,134.41,Chennai,0
T09553,U0151,D0404,M085,2026-08-23 01:21:00,6014.41,Mumbai,0
T09554,U0402,D0197,M074,2026-08-23 01:52:00,1375.72,Chennai,0
T09555,U0275,D0445,M068,2026-08-23 14:26:00,4751.84,Pune,0
T09556,U0318,D0291,M034,2026-08-23 16:43:00,7484.28,Chennai,0
T09557,U0590,D0171,M044,2026-08-23 09:56:00,3280.39,Delhi,0
T09558,U0835,D0355,M099,2026-08-23 16:03:00,7106.17,Mumbai,0
T09559,U0351,D0354,M049,2026-08-23 23:35:00,3077.18,Delhi,0
T09560,U0310,D0108,M061,2026-08-23 14:45:00,1745.15,Chennai,0
T09561,U0320,D0171,M046,2026-08-23 18:05:00,8556.03,Chennai,0
T09562,U0685,D0445,M036,2026-08-23 06:43:00,5051.02,Hyderabad,0
T09563,U0331,D0445,M046,2026-08-23 07:25:00,3444.73,Bangalore,0
T09564,U0545,D0150,M088,2026-08-23 23:15:00,371.32,Delhi,0
T09565,U0873,D0225,M031,2026-08-23 23:27:00,1049.36,Hyderabad,0
T09566,U0457,D0114,M047,2026-08-23 10:37:00,3450.1,Chennai,0
T09567,U0340,D0378,M045,2026-08-23 08:35:00,8128.63,Mumbai,0
T09568,U0604,D0421,M029,2026-08-23 17:49:00,6686.89,Pune,0
T09569,U0731,D0188,M099,2026-08-23 07:44:00,9060.05,Pune,0
T09570,U0810,D0254,M030,2026-08-23 09:32:00,4208.33,Chennai,0
T09571,U0861,D0390,M050,2026-08-23 06:42:00,6462.96,Mumbai,0
T09572,U0436,D0133,M071,2026-08-23 06:42:00,8604.77,Delhi,0
T09573,U0989,D0491,M055,2026-08-23 07:04:00,7185.23,Mumbai,0
T09574,U0671,D0405,M100,2026-08-23 12:27:00,7898.86,Bangalore,0
T09575,U0899,D0488,M028,2026-08-23 11:37:00,2498.86,Bangalore,0
T09576,U0744,D0403,M060,2026-08-23 11:36:00,5657.79,Hyderabad,0
T09577,U0735,D0252,M033,2026-08-23 17:21:00,7023.21,Chennai,0
T09578,U0504,D0490,M087,2026-08-23 04:24:00,2327.45,Pune,0
T09579,U0865,D0424,M050,2026-08-23 00:28:00,156.21,Bangalore,0
T09580,U0723,D0291,M034,2026-08-23 19:01:00,4413.74,Hyderabad,0
T09581,U0666,D0498,M064,2026-08-23 13:26:00,6844.59,Hyderabad,0
T09582,U0628,D0444,M070,2026-08-23 05:44:00,7457.23,Bangalore,0
T09583,U0426,D0356,M057,2026-08-23 12:31:00,9545.98,Mumbai,0
T09584,U0522,D0097,M097,2026-08-23 21:46:00,7733.96,Delhi,0
T09585,U0290,D0416,M043,2026-08-23 15:38:00,8459.98,Pune,0
T09586,U0151,D0458,M048,2026-08-23 11:21:00,8205.74,Pune,0
T09587,U0850,D0264,M059,2026-08-23 21:21:00,1122.7,Bangalore,0
T09588,U0914,D0417,M033,2026-08-23 12:33:00,3615.36,Mumbai,0
T09589,U0333,D0410,M064,2026-08-23 02:26:00,1514.06,Pune,0
T09590,U0568,D0304,M079,2026-08-23 22:00:00,5123.26,Pune,0
T09591,U0734,D0499,M059,2026-08-23 01:41:00,7415.79,Delhi,0
T09592,U0562,D0230,M087,2026-08-23 01:12:00,2558.72,Mumbai,0
T09593,U0992,D0212,M047,2026-08-23 09:51:00,8439.66,Hyderabad,0
T09594,U0928,D0177,M045,2026-08-23 00:48:00,4358.74,Hyderabad,0
T09595,U0894,D0451,M054,2026-08-23 04:47:00,9785.34,Pune,0
T09596,U0219,D0227,M054,2026-08-23 10:11:00,8697.92,Pune,0
T09597,U0832,D0468,M052,2026-08-23 16:19:00,804.84,Chennai,0
T09598,U0879,D0212,M050,2026-08-23 04:05:00,525.81,Bangalore,0
T09599,U0494,D0422,M078,2026-08-23 18:12:00,2549.84,Bangalore,0
T09600,U0784,D0453,M072,2026-08-23 08:13:00,7293.4,Bangalore,0
T09601,U0916,D0171,M046,2026-08-23 12:24:00,1717.99,Mumbai,0
T09602,U0433,D0376,M082,2026-08-23 09:36:00,4436.47,Mumbai,0
T09603,U0214,D0298,M082,2026-08-23 22:12:00,6298.08,Mumbai,0
T09604,U0448,D0220,M046,2026-08-23 17:16:00,4194.42,Chennai,0
T09605,U0188,D0314,M029,2026-08-23 15:42:00,5289.59,Pune,0
T09606,U0191,D0450,M034,2026-08-23 01:15:00,1180.45,Hyderabad,0
T09607,U0447,D0344,M027,2026-08-23 12:41:00,3978.12,Pune,0
T09608,U0455,D0141,M039,2026-08-23 03:50:00,7415.02,Mumbai,0
T09609,U0465,D0442,M028,2026-08-23 00:52:00,2866.71,Delhi,0
T09610,U0222,D0499,M032,2026-08-23 22:27:00,9692.56,Pune,0
T09611,U0214,D0300,M047,2026-08-23 23:50:00,2004.19,Bangalore,0
T09612,U0900,D0488,M063,2026-08-23 19:27:00,1812.58,Bangalore,0
T09613,U0441,D0367,M052,2026-08-23 00:33:00,7158.12,Mumbai,0
T09614,U0447,D0104,M059,2026-08-23 02:55:00,1387.91,Bangalore,0
T09615,U0620,D0096,M061,2026-08-23 23:22:00,9680.87,Bangalore,0
T09616,U0180,D0485,M070,2026-08-23 12:38:00,7879.88,Chennai,0
T09617,U0241,D0262,M092,2026-08-23 17:31:00,4611.52,Hyderabad,0
T09618,U0190,D0274,M079,2026-08-23 00:31:00,7730.59,Mumbai,0
T09619,U0980,D0259,M040,2026-08-23 09:07:00,1248.56,Delhi,0
T09620,U0384,D0252,M035,2026-08-23 11:20:00,4091.06,Delhi,0
T09621,U0510,D0137,M060,2026-08-23 04:29:00,9320.19,Mumbai,0
T09622,U0203,D0426,M045,2026-08-23 02:13:00,3493.34,Chennai,0
T09623,U0703,D0274,M040,2026-08-23 03:34:00,9649.69,Bangalore,0
T09624,U0271,D0116,M081,2026-08-23 05:56:00,8663.7,Mumbai,0
T09625,U0249,D0207,M052,2026-08-23 12:37:00,6201.73,Hyderabad,0
T09626,U0265,D0094,M076,2026-08-23 03:35:00,6506.85,Mumbai,0
T09627,U0484,D0081,M058,2026-08-23 23:48:00,8745.33,Chennai,0
T09628,U0476,D0254,M053,2026-08-23 04:08:00,8508.65,Bangalore,0
T09629,U0659,D0178,M089,2026-08-23 02:32:00,1950.24,Bangalore,0
T09630,U0600,D0150,M067,2026-08-23 01:05:00,5502.83,Hyderabad,0
T09631,U0479,D0492,M048,2026-08-23 10:15:00,9271.41,Delhi,0
T09632,U0680,D0299,M030,2026-08-23 20:48:00,4342.29,Delhi,0
T09633,U0282,D0238,M055,2026-08-23 08:00:00,4134.34,Bangalore,0
T09634,U0839,D0083,M100,2026-08-23 22:21:00,6169.7,Chennai,0
T09635,U0951,D0114,M038,2026-08-23 09:10:00,7748.67,Bangalore,0
T09636,U0981,D0380,M090,2026-08-23 03:54:00,1730.93,Pune,0
T09637,U0790,D0307,M040,2026-08-23 20:02:00,1443.6,Pune,0
T09638,U0962,D0405,M049,2026-08-23 17:37:00,5255.79,Hyderabad,0
T09639,U0901,D0115,M068,2026-08-23 20:10:00,8649.27,Hyderabad,0
T09640,U0788,D0152,M071,2026-08-23 09:02:00,6395.64,Hyderabad,0
T09641,U0875,D0245,M031,2026-08-23 05:04:00,4111.23,Hyderabad,0
T09642,U0811,D0164,M087,2026-08-23 08:17:00,5372.21,Pune,0
T09643,U0594,D0396,M076,2026-08-23 14:55:00,8952.93,Delhi,0
T09644,U0215,D0118,M030,2026-08-23 11:24:00,793.69,Chennai,0
T09645,U0730,D0403,M043,2026-08-23 23:51:00,8791.88,Chennai,0
T09646,U0989,D0214,M050,2026-08-23 00:39:00,7385.68,Mumbai,0
T09647,U0633,D0330,M092,2026-08-23 07:58:00,6665.89,Mumbai,0
T09648,U0620,D0335,M034,2026-08-23 00:23:00,4982.38,Delhi,0
T09649,U0858,D0144,M058,2026-08-23 01:50:00,5082.84,Chennai,0
T09650,U0799,D0259,M036,2026-08-23 23:42:00,8626.26,Chennai,0
T09651,U0346,D0456,M038,2026-08-23 12:07:00,4598.61,Chennai,0
T09652,U0207,D0363,M049,2026-08-23 22:55:00,2564.58,Mumbai,0
T09653,U0545,D0118,M075,2026-08-23 21:56:00,1723.36,Bangalore,0
T09654,U0607,D0499,M045,2026-08-23 20:07:00,8134.28,Hyderabad,0
T09655,U0902,D0135,M043,2026-08-23 13:01:00,6479.68,Mumbai,0
T09656,U0210,D0425,M097,2026-08-23 14:17:00,9515.94,Mumbai,0
T09657,U0945,D0132,M037,2026-08-23 00:40:00,5591.3,Bangalore,0
T09658,U0840,D0198,M029,2026-08-23 19:23:00,1887.24,Pune,0
T09659,U0838,D0320,M076,2026-08-23 16:30:00,2241.9,Mumbai,0
T09660,U0172,D0472,M093,2026-08-23 14:14:00,2362.41,Chennai,0
T09661,U0374,D0493,M100,2026-08-23 20:19:00,6516.89,Hyderabad,0
T09662,U0196,D0276,M076,2026-08-23 23:58:00,4103.59,Mumbai,0
T09663,U0589,D0080,M069,2026-08-23 12:05:00,296.02,Pune,0
T09664,U0178,D0408,M030,2026-08-23 11:35:00,8331.64,Bangalore,0
T09665,U0846,D0387,M032,2026-08-23 18:43:00,2259.32,Mumbai,0
T09666,U0791,D0394,M049,2026-08-23 12:18:00,574.76,Pune,0
T09667,U0755,D0465,M090,2026-08-23 01:13:00,3579.7,Hyderabad,0
T09668,U0592,D0227,M065,2026-08-23 02:39:00,5891.88,Pune,0
T09669,U0445,D0472,M034,2026-08-23 04:19:00,2686.37,Mumbai,0
T09670,U0218,D0276,M032,2026-08-23 12:41:00,227.23,Chennai,0
T09671,U0761,D0401,M100,2026-08-23 20:49:00,9689.87,Mumbai,0
T09672,U0559,D0123,M100,2026-08-23 04:00:00,7646.99,Delhi,0
T09673,U0263,D0455,M065,2026-08-23 20:51:00,8785.93,Chennai,0
T09674,U0573,D0328,M092,2026-08-23 08:59:00,6138.15,Chennai,0
T09675,U0288,D0123,M083,2026-08-23 15:06:00,2862.92,Pune,0
T09676,U0246,D0136,M087,2026-08-23 14:51:00,4444.97,Hyderabad,0
T09677,U0174,D0430,M031,2026-08-23 09:31:00,1963.92,Mumbai,0
T09678,U0498,D0404,M051,2026-08-23 03:35:00,3390.8,Mumbai,0
T09679,U0513,D0406,M042,2026-08-23 06:03:00,6245.87,Bangalore,0
T09680,U0884,D0351,M057,2026-08-23 19:04:00,3997.26,Chennai,0
T09681,U0748,D0106,M053,2026-08-23 14:29:00,5007.45,Delhi,0
T09682,U0590,D0302,M072,2026-08-23 13:30:00,4772.62,Hyderabad,0
T09683,U0359,D0471,M067,2026-08-23 02:33:00,8897.2,Chennai,0
T09684,U0415,D0414,M089,2026-08-23 09:42:00,2099.2,Chennai,0
T09685,U0659,D0076,M092,2026-08-23 03:34:00,1790.72,Mumbai,0
T09686,U0709,D0098,M029,2026-08-23 07:04:00,4976.54,Bangalore,0
T09687,U0153,D0135,M026,2026-08-23 08:30:00,6376.73,Bangalore,0
T09688,U0665,D0153,M056,2026-08-23 08:46:00,9075.59,Mumbai,0
T09689,U0160,D0381,M029,2026-08-23 19:41:00,4693.98,Mumbai,0
T09690,U0872,D0342,M094,2026-08-23 12:04:00,1226.33,Mumbai,0
T09691,U0559,D0119,M098,2026-08-23 00:37:00,5036.96,Mumbai,0
T09692,U0417,D0235,M060,2026-08-23 20:27:00,574.96,Chennai,0
T09693,U0953,D0378,M062,2026-08-23 22:55:00,7090.31,Mumbai,0
T09694,U0885,D0114,M081,2026-08-23 22:04:00,1498.97,Pune,0
T09695,U0323,D0314,M082,2026-08-23 04:30:00,4372.12,Bangalore,0
T09696,U0499,D0213,M030,2026-08-23 05:46:00,7269.28,Bangalore,0
T09697,U0914,D0168,M092,2026-08-23 22:10:00,3092.51,Mumbai,0
T09698,U0515,D0445,M068,2026-08-23 19:57:00,1506.94,Bangalore,0
T09699,U0875,D0347,M066,2026-08-23 13:04:00,5455.2,Mumbai,0
T09700,U0407,D0395,M099,2026-08-23 07:24:00,8513.13,Pune,0
T09701,U0750,D0306,M061,2026-08-23 12:01:00,1982.91,Delhi,0
T09702,U0215,D0348,M031,2026-08-23 06:00:00,2409.46,Hyderabad,0
T09703,U0720,D0301,M078,2026-08-23 02:52:00,7870.46,Hyderabad,0
T09704,U0461,D0206,M054,2026-08-23 07:39:00,6729.29,Mumbai,0
T09705,U0388,D0269,M030,2026-08-23 21:10:00,9694.68,Bangalore,0
T09706,U0675,D0244,M082,2026-08-23 11:35:00,2304.97,Pune,0
T09707,U0630,D0384,M065,2026-08-23 15:06:00,3984.22,Chennai,0
T09708,U0258,D0346,M053,2026-08-23 22:19:00,2623.78,Pune,0
T09709,U0737,D0084,M027,2026-08-23 05:24:00,2926.56,Delhi,0
T09710,U0320,D0404,M088,2026-08-23 18:20:00,9374.65,Hyderabad,0
T09711,U0311,D0179,M063,2026-08-23 13:38:00,7272.01,Pune,0
T09712,U0231,D0238,M034,2026-08-23 05:26:00,1202.48,Mumbai,0
T09713,U0654,D0282,M026,2026-08-23 17:51:00,9320.66,Mumbai,0
T09714,U0196,D0121,M028,2026-08-23 12:54:00,9459.72,Mumbai,0
T09715,U0475,D0334,M083,2026-08-23 17:08:00,6808.97,Pune,0
T09716,U0468,D0142,M073,2026-08-23 14:23:00,3669.28,Chennai,0
T09717,U0924,D0371,M053,2026-08-23 19:00:00,8198.06,Hyderabad,0
T09718,U0870,D0402,M031,2026-08-23 21:26:00,6624.39,Pune,0
T09719,U0452,D0396,M069,2026-08-23 00:36:00,6925.24,Delhi,0
T09720,U0714,D0280,M050,2026-08-23 17:59:00,8847.45,Chennai,0
T09721,U0915,D0205,M074,2026-08-23 13:18:00,6066.46,Bangalore,0
T09722,U0686,D0137,M058,2026-08-23 10:02:00,6110.88,Mumbai,0
T09723,U0195,D0146,M077,2026-08-23 11:17:00,9883.32,Chennai,0
T09724,U0854,D0360,M054,2026-08-23 02:37:00,3511.08,Chennai,0
T09725,U0173,D0321,M028,2026-08-23 15:54:00,8931.09,Bangalore,0
T09726,U0783,D0097,M063,2026-08-23 17:59:00,6990.63,Delhi,0
T09727,U0586,D0087,M035,2026-08-23 12:15:00,714.94,Pune,0
T09728,U0934,D0402,M054,2026-08-23 08:08:00,9306.05,Hyderabad,0
T09729,U0979,D0239,M035,2026-08-23 06:07:00,6101.17,Chennai,0
T09730,U0768,D0406,M058,2026-08-23 11:50:00,2806.41,Bangalore,0
T09731,U0671,D0182,M051,2026-08-23 16:56:00,5644.67,Bangalore,0
T09732,U0462,D0409,M088,2026-08-23 10:29:00,1532.58,Hyderabad,0
T09733,U0175,D0310,M065,2026-08-23 07:35:00,5310.98,Chennai,0
T09734,U0197,D0496,M051,2026-08-23 20:18:00,3619.91,Pune,0
T09735,U0211,D0408,M033,2026-08-23 15:07:00,5132.78,Mumbai,0
T09736,U0608,D0246,M068,2026-08-23 00:01:00,442.21,Hyderabad,0
T09737,U0345,D0459,M066,2026-08-23 16:31:00,7974.73,Pune,0
T09738,U0798,D0495,M075,2026-08-23 02:02:00,6557.87,Mumbai,0
T09739,U0614,D0182,M053,2026-08-23 13:16:00,772.83,Chennai,0
T09740,U0410,D0317,M061,2026-08-23 02:53:00,9951.42,Bangalore,0
T09741,U0595,D0452,M054,2026-08-23 05:06:00,6196.61,Mumbai,0
T09742,U0576,D0438,M034,2026-08-23 21:53:00,2825.0,Pune,0
T09743,U0311,D0434,M059,2026-08-23 22:16:00,2496.56,Hyderabad,0
T09744,U0709,D0251,M035,2026-08-23 15:08:00,5322.19,Pune,0
T09745,U0611,D0424,M072,2026-08-23 16:54:00,4793.32,Bangalore,0
T09746,U0931,D0274,M034,2026-08-23 08:53:00,8717.01,Mumbai,0
T09747,U0181,D0116,M089,2026-08-23 22:51:00,2623.67,Bangalore,0
T09748,U0760,D0269,M065,2026-08-23 00:52:00,8991.73,Bangalore,0
T09749,U0213,D0498,M045,2026-08-23 11:10:00,4181.96,Delhi,0
T09750,U0960,D0179,M068,2026-08-23 20:29:00,6582.28,Mumbai,0
T09751,U0999,D0140,M083,2026-08-23 17:45:00,2569.12,Delhi,0
T09752,U0636,D0320,M087,2026-08-23 13:03:00,3351.99,Bangalore,0
T09753,U0288,D0190,M064,2026-08-23 16:04:00,7642.88,Hyderabad,0
T09754,U0503,D0134,M050,2026-08-23 15:25:00,2798.21,Bangalore,0
T09755,U0949,D0141,M094,2026-08-23 22:06:00,7840.17,Mumbai,0
T09756,U0989,D0258,M081,2026-08-23 11:40:00,1890.31,Chennai,0
T09757,U0834,D0268,M087,2026-08-23 12:21:00,3946.08,Mumbai,0
T09758,U0529,D0465,M058,2026-08-23 11:38:00,6774.68,Hyderabad,0
T09759,U0165,D0195,M065,2026-08-23 19:56:00,6375.56,Delhi,0
T09760,U0925,D0369,M057,2026-08-23 20:39:00,4544.52,Delhi,0
T09761,U0517,D0244,M056,2026-08-23 13:37:00,6601.36,Pune,0
T09762,U0324,D0168,M032,2026-08-23 19:44:00,2693.84,Bangalore,0
T09763,U0490,D0207,M059,2026-08-23 16:53:00,8669.49,Hyderabad,0
T09764,U0667,D0438,M051,2026-08-23 20:49:00,6649.52,Pune,0
T09765,U0162,D0110,M097,2026-08-23 22:21:00,4738.18,Pune,0
T09766,U0772,D0160,M083,2026-08-23 02:07:00,2798.34,Chennai,0
T09767,U0674,D0352,M068,2026-08-23 05:00:00,8674.88,Delhi,0
T09768,U0612,D0108,M071,2026-08-23 23:32:00,5225.29,Hyderabad,0
T09769,U0818,D0408,M060,2026-08-23 07:40:00,344.06,Delhi,0
T09770,U0785,D0428,M085,2026-08-23 08:11:00,5536.24,Hyderabad,0
T09771,U0427,D0166,M061,2026-08-23 02:04:00,1642.79,Hyderabad,0
T09772,U0990,D0350,M026,2026-08-23 10:17:00,7018.91,Delhi,0
T09773,U0688,D0273,M097,2026-08-23 21:43:00,6255.94,Delhi,0
T09774,U0880,D0307,M077,2026-08-23 06:48:00,8894.94,Hyderabad,0
T09775,U0823,D0165,M088,2026-08-23 05:39:00,3142.69,Mumbai,0
T09776,U0257,D0133,M070,2026-08-23 15:12:00,5543.72,Chennai,0
T09777,U0642,D0476,M094,2026-08-23 02:54:00,3479.64,Mumbai,0
T09778,U0276,D0282,M046,2026-08-23 02:13:00,7431.49,Chennai,0
T09779,U0538,D0318,M036,2026-08-23 08:00:00,7446.32,Pune,0
T09780,U0658,D0177,M034,2026-08-23 09:57:00,298.52,Pune,0
T09781,U0371,D0114,M098,2026-08-23 23:34:00,8450.45,Mumbai,0
T09782,U0586,D0288,M041,2026-08-23 14:28:00,1779.2,Pune,0
T09783,U0841,D0414,M076,2026-08-23 21:04:00,7271.37,Delhi,0
T09784,U0891,D0371,M081,2026-08-23 16:22:00,8810.93,Mumbai,0
T09785,U0327,D0453,M035,2026-08-23 17:08:00,1472.3,Hyderabad,0
T09786,U0626,D0367,M049,2026-08-23 04:17:00,2650.57,Mumbai,0
T09787,U0818,D0358,M080,2026-08-23 15:01:00,519.91,Pune,0
T09788,U0617,D0128,M076,2026-08-23 15:07:00,1010.82,Hyderabad,0
T09789,U0682,D0416,M099,2026-08-23 12:15:00,4656.51,Chennai,0
T09790,U0492,D0309,M094,2026-08-23 12:38:00,6949.37,Chennai,0
T09791,U0474,D0153,M090,2026-08-23 01:52:00,9812.75,Bangalore,0
T09792,U0954,D0393,M050,2026-08-23 09:58:00,7608.81,Chennai,0
T09793,U0946,D0302,M056,2026-08-23 08:34:00,3477.07,Chennai,0
T09794,U0443,D0320,M038,2026-08-23 02:14:00,3524.03,Hyderabad,0
T09795,U0681,D0171,M049,2026-08-23 02:15:00,5617.98,Delhi,0
T09796,U0492,D0119,M082,2026-08-23 03:08:00,7843.66,Bangalore,0
T09797,U0612,D0497,M029,2026-08-23 14:50:00,4616.48,Pune,0
T09798,U0588,D0417,M051,2026-08-23 03:59:00,2174.37,Mumbai,0
T09799,U0455,D0236,M057,2026-08-23 18:53:00,2044.78,Mumbai,0
T09800,U0454,D0158,M070,2026-08-23 11:00:00,9878.42,Chennai,0
T09801,U0520,D0201,M057,2026-08-23 23:42:00,9190.75,Pune,0
T09802,U0892,D0165,M037,2026-08-23 01:07:00,1092.3,Hyderabad,0
T09803,U0458,D0433,M077,2026-08-23 15:23:00,3342.31,Delhi,0
T09804,U0221,D0225,M100,2026-08-23 20:05:00,6718.4,Hyderabad,0
T09805,U0735,D0466,M083,2026-08-23 16:05:00,518.55,Bangalore,0
T09806,U0870,D0488,M087,2026-08-23 00:03:00,3667.72,Delhi,0
T09807,U0824,D0447,M042,2026-08-23 12:37:00,5563.4,Chennai,0
T09808,U0193,D0110,M060,2026-08-23 07:23:00,3364.54,Hyderabad,0
T09809,U0548,D0487,M050,2026-08-23 13:31:00,8760.43,Delhi,0
T09810,U0673,D0339,M055,2026-08-23 14:54:00,5055.47,Chennai,0
T09811,U0580,D0399,M064,2026-08-23 22:50:00,3187.82,Hyderabad,0
T09812,U0744,D0335,M040,2026-08-23 01:02:00,6650.8,Chennai,0
T09813,U0920,D0143,M078,2026-08-23 15:18:00,7637.44,Delhi,0
T09814,U0293,D0400,M029,2026-08-23 12:52:00,8224.79,Bangalore,0
T09815,U0432,D0147,M100,2026-08-23 10:03:00,1553.53,Delhi,0
T09816,U0294,D0463,M035,2026-08-23 03:03:00,6180.63,Chennai,0
T09817,U0423,D0304,M059,2026-08-23 07:15:00,6458.73,Pune,0
T09818,U0500,D0101,M081,2026-08-23 20:33:00,6670.65,Delhi,0
T09819,U0324,D0106,M099,2026-08-23 19:45:00,7404.83,Delhi,0
T09820,U0642,D0144,M041,2026-08-23 03:13:00,1470.2,Bangalore,0
T09821,U0371,D0337,M045,2026-08-23 20:12:00,6190.37,Chennai,0
T09822,U0752,D0463,M031,2026-08-23 03:34:00,3753.9,Bangalore,0
T09823,U0950,D0417,M073,2026-08-23 21:13:00,3558.83,Hyderabad,0
T09824,U0652,D0294,M036,2026-08-23 14:50:00,5632.23,Bangalore,0
T09825,U0891,D0397,M075,2026-08-23 17:30:00,440.93,Chennai,0
T09826,U0190,D0234,M029,2026-08-23 00:12:00,8657.88,Hyderabad,0
T09827,U0849,D0432,M060,2026-08-23 14:20:00,5256.02,Bangalore,0
T09828,U0974,D0434,M051,2026-08-23 04:02:00,8219.07,Hyderabad,0
T09829,U0367,D0199,M079,2026-08-23 00:01:00,9165.6,Mumbai,0
T09830,U0419,D0176,M049,2026-08-23 03:29:00,7380.13,Bangalore,0
T09831,U0273,D0252,M060,2026-08-23 19:36:00,3390.5,Pune,0
T09832,U0907,D0411,M042,2026-08-23 19:43:00,911.82,Pune,0
T09833,U0636,D0380,M039,2026-08-23 20:21:00,3851.38,Delhi,0
T09834,U0969,D0412,M032,2026-08-23 20:33:00,8656.41,Chennai,0
T09835,U0539,D0225,M034,2026-08-23 16:43:00,6470.08,Hyderabad,0
T09836,U0867,D0367,M042,2026-08-23 00:37:00,9096.81,Hyderabad,0
T09837,U0738,D0230,M095,2026-08-23 21:39:00,2119.45,Mumbai,0
T09838,U0176,D0367,M029,2026-08-23 02:32:00,4263.4,Delhi,0
T09839,U0164,D0130,M036,2026-08-23 11:36:00,8949.08,Pune,0
T09840,U0372,D0455,M079,2026-08-23 00:36:00,6278.27,Hyderabad,0
T09841,U0366,D0387,M064,2026-08-23 12:25:00,6353.5,Chennai,0
T09842,U0821,D0212,M089,2026-08-23 07:05:00,1348.38,Bangalore,0
T09843,U0748,D0287,M030,2026-08-23 03:58:00,3778.98,Hyderabad,0
T09844,U0357,D0487,M029,2026-08-23 12:14:00,2282.35,Hyderabad,0
T09845,U0593,D0457,M048,2026-08-23 10:31:00,6803.87,Delhi,0
T09846,U0710,D0455,M097,2026-08-23 22:04:00,9665.69,Delhi,0
T09847,U0168,D0485,M064,2026-08-23 20:20:00,5005.01,Hyderabad,0
T09848,U0572,D0217,M096,2026-08-23 23:55:00,3371.57,Hyderabad,0
T09849,U0250,D0425,M077,2026-08-23 19:27:00,7348.97,Chennai,0
T09850,U0885,D0220,M030,2026-08-23 11:21:00,8933.38,Pune,0
T09851,U0612,D0463,M063,2026-08-23 03:24:00,897.46,Pune,0
T09852,U0730,D0180,M073,2026-08-23 06:47:00,5711.38,Pune,0
T09853,U0152,D0196,M091,2026-08-23 21:58:00,7783.43,Bangalore,0
T09854,U0861,D0278,M077,2026-08-23 16:59:00,4462.02,Bangalore,0
T09855,U0790,D0423,M072,2026-08-23 05:17:00,817.8,Delhi,0
T09856,U0491,D0422,M090,2026-08-23 12:55:00,5353.37,Pune,0
T09857,U0194,D0209,M050,2026-08-23 20:41:00,2678.25,Delhi,0
T09858,U0165,D0092,M091,2026-08-23 23:06:00,6637.12,Delhi,0
T09859,U0297,D0243,M095,2026-08-23 21:39:00,3312.13,Delhi,0
T09860,U0960,D0178,M095,2026-08-23 01:32:00,1998.11,Bangalore,0
T09861,U0370,D0307,M086,2026-08-23 07:02:00,7540.08,Chennai,0
T09862,U0203,D0264,M096,2026-08-23 18:56:00,4154.19,Pune,0
T09863,U0855,D0232,M092,2026-08-23 12:06:00,2132.0,Bangalore,0
T09864,U0618,D0205,M092,2026-08-23 15:39:00,9478.85,Bangalore,0
T09865,U0974,D0172,M058,2026-08-23 00:45:00,7255.78,Hyderabad,0
T09866,U0858,D0410,M041,2026-08-23 09:20:00,241.15,Bangalore,0
T09867,U0912,D0112,M096,2026-08-23 03:26:00,2503.27,Pune,0
T09868,U0546,D0114,M089,2026-08-23 01:08:00,123.32,Hyderabad,0
T09869,U0678,D0495,M071,2026-08-23 10:23:00,7308.74,Bangalore,0
T09870,U0892,D0470,M043,2026-08-23 23:16:00,2003.81,Hyderabad,0
T09871,U0669,D0129,M027,2026-08-23 19:53:00,2915.78,Hyderabad,0
T09872,U0320,D0238,M067,2026-08-23 08:29:00,7027.21,Mumbai,0
T09873,U0300,D0241,M072,2026-08-23 14:43:00,875.34,Hyderabad,0
T09874,U0254,D0155,M098,2026-08-23 18:30:00,4509.95,Bangalore,0
T09875,U0210,D0389,M050,2026-08-23 22:34:00,1379.11,Hyderabad,0
T09876,U0300,D0377,M058,2026-08-23 03:40:00,5012.9,Mumbai,0
T09877,U0263,D0132,M038,2026-08-23 10:30:00,5199.56,Chennai,0
T09878,U0312,D0204,M030,2026-08-23 20:26:00,4121.61,Hyderabad,0
T09879,U0926,D0145,M078,2026-08-23 02:36:00,1403.98,Mumbai,0
T09880,U0988,D0479,M078,2026-08-23 19:14:00,3055.85,Bangalore,0
T09881,U0870,D0402,M033,2026-08-23 00:03:00,862.46,Chennai,0
T09882,U0877,D0182,M054,2026-08-23 23:45:00,327.02,Mumbai,0
T09883,U0616,D0372,M074,2026-08-23 11:30:00,9819.23,Pune,0
T09884,U0550,D0409,M085,2026-08-23 08:23:00,1948.92,Delhi,0
T09885,U0895,D0407,M050,2026-08-23 13:15:00,5098.92,Bangalore,0
T09886,U0451,D0199,M065,2026-08-23 09:36:00,3991.51,Chennai,0
T09887,U0330,D0486,M090,2026-08-23 00:46:00,7524.67,Hyderabad,0
T09888,U0829,D0384,M033,2026-08-23 10:42:00,9815.9,Delhi,0
T09889,U0841,D0449,M099,2026-08-23 21:52:00,234.75,Pune,0
T09890,U0779,D0264,M026,2026-08-23 20:59:00,7656.65,Pune,0
T09891,U0427,D0158,M093,2026-08-23 21:52:00,780.01,Delhi,0
T09892,U0387,D0279,M045,2026-08-23 11:18:00,9530.98,Mumbai,0
T09893,U0334,D0119,M029,2026-08-23 23:53:00,5069.06,Chennai,0
T09894,U0629,D0222,M041,2026-08-23 01:43:00,8343.51,Hyderabad,0
T09895,U0747,D0116,M070,2026-08-23 15:43:00,9061.21,Delhi,0
T09896,U0672,D0458,M036,2026-08-23 12:44:00,3461.76,Bangalore,0
T09897,U0716,D0235,M071,2026-08-23 12:33:00,1757.92,Mumbai,0
T09898,U0413,D0202,M066,2026-08-23 04:47:00,1463.51,Mumbai,0
T09899,U0354,D0141,M096,2026-08-23 10:25:00,1501.35,Delhi,0
T09900,U0642,D0405,M047,2026-08-23 19:20:00,5393.94,Pune,0
T09901,U0316,D0087,M045,2026-08-23 21:04:00,853.1,Mumbai,0
T09902,U0327,D0272,M066,2026-08-23 03:37:00,6572.34,Chennai,0
T09903,U0887,D0210,M044,2026-08-23 01:07:00,3192.45,Hyderabad,0
T09904,U0653,D0340,M040,2026-08-23 08:20:00,1156.23,Hyderabad,0
T09905,U0931,D0270,M043,2026-08-23 12:43:00,2348.64,Chennai,0
T09906,U0212,D0146,M061,2026-08-23 02:13:00,2274.09,Bangalore,0
T09907,U0269,D0133,M052,2026-08-23 02:14:00,2888.74,Hyderabad,0
T09908,U0465,D0170,M036,2026-08-23 09:37:00,2558.51,Pune,0
T09909,U0640,D0333,M029,2026-08-23 12:40:00,3424.59,Delhi,0
T09910,U0292,D0454,M043,2026-08-23 16:19:00,9661.21,Bangalore,0
T09911,U0827,D0140,M080,2026-08-23 01:48:00,7430.84,Delhi,0
T09912,U0628,D0280,M086,2026-08-23 20:54:00,5878.69,Delhi,0
T09913,U0611,D0432,M049,2026-08-23 11:59:00,4088.17,Delhi,0
T09914,U0597,D0407,M065,2026-08-23 02:39:00,730.02,Hyderabad,0
T09915,U0166,D0305,M081,2026-08-23 09:53:00,6219.46,Mumbai,0
T09916,U0613,D0161,M083,2026-08-23 13:45:00,1981.0,Delhi,0
T09917,U0571,D0335,M029,2026-08-23 01:22:00,4484.64,Bangalore,0
T09918,U0781,D0220,M089,2026-08-23 10:43:00,572.46,Hyderabad,0
T09919,U0801,D0170,M042,2026-08-23 01:33:00,1041.99,Chennai,0
T09920,U0958,D0323,M027,2026-08-23 09:37:00,1509.65,Pune,0
T09921,U0529,D0367,M054,2026-08-23 08:02:00,6524.57,Chennai,0
T09922,U0366,D0467,M096,2026-08-23 02:55:00,8101.15,Chennai,0
T09923,U0368,D0133,M078,2026-08-23 02:32:00,4370.67,Mumbai,0
T09924,U0907,D0394,M086,2026-08-23 10:29:00,6814.26,Mumbai,0
T09925,U0747,D0325,M031,2026-08-23 16:38:00,1233.3,Delhi,0
T09926,U0690,D0489,M100,2026-08-23 11:16:00,8985.43,Bangalore,0
T09927,U0271,D0265,M089,2026-08-23 18:36:00,9035.91,Chennai,0
T09928,U0396,D0374,M033,2026-08-23 06:43:00,4997.72,Hyderabad,0
T09929,U0813,D0264,M092,2026-08-23 13:40:00,203.58,Mumbai,0
T09930,U0459,D0142,M052,2026-08-23 13:45:00,8713.74,Pune,0
T09931,U0460,D0249,M091,2026-08-23 18:21:00,7240.99,Hyderabad,0
T09932,U0879,D0268,M100,2026-08-23 07:02:00,4515.2,Hyderabad,0
T09933,U0623,D0407,M096,2026-08-23 16:57:00,3529.32,Bangalore,0
T09934,U0682,D0419,M028,2026-08-23 12:11:00,6496.74,Mumbai,0
T09935,U0793,D0109,M034,2026-08-23 16:59:00,5333.31,Pune,0
T09936,U0465,D0218,M032,2026-08-23 02:03:00,1645.87,Mumbai,0
T09937,U0996,D0209,M091,2026-08-23 20:33:00,2629.34,Hyderabad,0
T09938,U0465,D0194,M082,2026-08-23 20:44:00,8275.01,Mumbai,0
T09939,U0550,D0295,M032,2026-08-23 09:46:00,3164.63,Mumbai,0
T09940,U0955,D0452,M084,2026-08-23 03:59:00,1283.34,Delhi,0
T09941,U0228,D0284,M034,2026-08-23 17:57:00,1771.08,Mumbai,0
T09942,U0885,D0301,M054,2026-08-23 10:05:00,8253.93,Mumbai,0
T09943,U0446,D0377,M079,2026-08-23 14:57:00,9726.6,Pune,0
T09944,U0449,D0267,M042,2026-08-23 15:47:00,8970.19,Pune,0
T09945,U0399,D0404,M039,2026-08-23 21:51:00,5213.21,Delhi,0
T09946,U0258,D0238,M079,2026-08-23 16:54:00,3338.21,Hyderabad,0
T09947,U0274,D0495,M053,2026-08-23 11:26:00,2845.13,Pune,0
T09948,U0511,D0251,M082,2026-08-23 20:23:00,4622.04,Bangalore,0
T09949,U0892,D0311,M033,2026-08-23 16:15:00,8945.02,Pune,0
T09950,U0207,D0234,M073,2026-08-23 11:30:00,9690.24,Bangalore,0
T09951,U0171,D0112,M088,2026-08-23 06:41:00,1128.41,Hyderabad,0
T09952,U0257,D0153,M086,2026-08-23 05:52:00,9619.23,Delhi,0
T09953,U0330,D0131,M049,2026-08-23 19:36:00,6300.93,Hyderabad,0
T09954,U0542,D0305,M042,2026-08-23 08:49:00,617.44,Hyderabad,0
T09955,U0501,D0479,M046,2026-08-23 11:08:00,8527.56,Bangalore,0
T09956,U0661,D0316,M062,2026-08-23 21:39:00,5364.71,Mumbai,0
T09957,U0479,D0155,M077,2026-08-23 10:30:00,9134.09,Pune,0
T09958,U0427,D0186,M082,2026-08-23 10:30:00,1629.09,Pune,0
T09959,U0289,D0476,M045,2026-08-23 00:48:00,1929.88,Bangalore,0
T09960,U0432,D0113,M026,2026-08-23 14:16:00,2996.45,Delhi,0
T09961,U0566,D0097,M084,2026-08-23 05:31:00,3822.31,Chennai,0
T09962,U0882,D0107,M039,2026-08-23 09:30:00,5184.12,Mumbai,0
T09963,U0199,D0394,M078,2026-08-23 15:24:00,9510.9,Mumbai,0
T09964,U0325,D0267,M030,2026-08-23 01:52:00,5778.42,Chennai,0
T09965,U0271,D0452,M099,2026-08-23 11:41:00,3958.26,Delhi,0
T09966,U0350,D0480,M048,2026-08-23 02:01:00,3807.38,Bangalore,0
T09967,U0583,D0448,M070,2026-08-23 01:25:00,4029.91,Delhi,0
T09968,U0548,D0397,M040,2026-08-23 22:58:00,7236.05,Hyderabad,0
T09969,U0704,D0342,M058,2026-08-23 09:18:00,6727.48,Chennai,0
T09970,U0373,D0279,M058,2026-08-23 19:48:00,9078.98,Bangalore,0
T09971,U0256,D0456,M029,2026-08-23 01:08:00,7968.14,Pune,0
T09972,U0325,D0092,M094,2026-08-23 19:26:00,3815.44,Mumbai,0
T09973,U0915,D0093,M064,2026-08-23 01:59:00,9481.67,Mumbai,0
T09974,U0298,D0201,M049,2026-08-23 03:17:00,8381.42,Bangalore,0
T09975,U0864,D0314,M066,2026-08-23 04:15:00,6062.73,Mumbai,0
T09976,U0755,D0481,M048,2026-08-23 19:40:00,4136.67,Hyderabad,0
T09977,U0686,D0296,M071,2026-08-23 07:59:00,898.09,Hyderabad,0
T09978,U0846,D0483,M053,2026-08-23 09:13:00,8998.35,Chennai,0
T09979,U0184,D0329,M031,2026-08-23 09:47:00,2248.19,Pune,0
T09980,U0197,D0309,M084,2026-08-23 05:44:00,1743.1,Delhi,0
T09981,U0628,D0205,M068,2026-08-23 17:17:00,5707.47,Pune,0
T09982,U0560,D0325,M063,2026-08-23 05:36:00,5453.3,Mumbai,0
T09983,U0184,D0118,M088,2026-08-23 13:22:00,9846.34,Pune,0
T09984,U0807,D0317,M093,2026-08-23 15:22:00,9558.65,Delhi,0
T09985,U0932,D0340,M033,2026-08-23 04:01:00,1127.93,Chennai,0
T09986,U0184,D0410,M070,2026-08-23 05:52:00,6901.69,Delhi,0
T09987,U0305,D0182,M093,2026-08-23 07:35:00,3704.69,Chennai,0
T09988,U0302,D0183,M085,2026-08-23 16:51:00,3420.71,Hyderabad,0
T09989,U0444,D0483,M093,2026-08-23 01:01:00,4035.58,Chennai,0
T09990,U0795,D0171,M059,2026-08-23 09:30:00,5547.57,Delhi,0
T09991,U0559,D0357,M058,2026-08-23 13:59:00,442.97,Bangalore,0
T09992,U0881,D0162,M079,2026-08-23 03:34:00,4020.56,Pune,0
T09993,U0526,D0242,M065,2026-08-23 04:25:00,4724.12,Chennai,0
T09994,U0352,D0413,M099,2026-08-23 16:00:00,651.35,Bangalore,0
T09995,U0455,D0419,M074,2026-08-23 02:38:00,7438.51,Delhi,0
T09996,U1000,D0457,M030,2026-08-23 10:38:00,4788.45,Mumbai,0
T09997,U0225,D0101,M045,2026-08-23 20:50:00,8587.28,Pune,0
T09998,U0927,D0408,M072,2026-08-23 08:59:00,3008.17,Delhi,0
T09999,U0917,D0098,M059,2026-08-23 06:46:00,4943.89,Bangalore,0
T10000,U0321,D0392,M079,2026-08-23 15:38:00,9253.85,Bangalore,0
