user_id,account_age_days,transaction_count,transactions_per_hour,unique_merchant_count,merchant_concentration_ratio,unique_device_count,max_shared_device_users,max_users_on_device_in_window,is_suspicious,velocity_score,short_window_device_score,merchant_score,account_age_score,shared_device_score,risk_score,risk_level
U0001,655,1.0,0.0,1.0,0.0,1.0,5.0,4.0,1.0,0.0,0.6,0.0,0.0,0.8,30.0,LOW
U0002,115,1.0,0.0,1.0,0.0,1.0,5.0,3.0,1.0,0.0,0.4,0.0,0.0,0.8,24.0,LOW
U0003,26,0.0,0.0,0.0,0.0,0.0,0.0,0.0,0.0,0.0,0.0,0.0,0.13333333333333333,0.0,1.33,LOW
U0004,760,1.0,0.0,1.0,0.0,1.0,5.0,3.0,1.0,0.0,0.4,0.0,0.0,0.8,24.0,LOW
U0005,282,1.0,0.0,1.0,0.0,1.0,5.0,5.0,1.0,0.0,0.8,0.0,0.0,0.8,36.0,LOW
U0006,251,1.0,0.0,1.0,0.0,1.0,5.0,5.0,1.0,0.0,0.8,0.0,0.0,0.8,36.0,LOW
U0007,229,0.0,0.0,0.0,0.0,0.0,0.0,0.0,0.0,0.0,0.0,0.0,0.0,0.0,0.0,LOW
U0008,143,0.0,0.0,0.0,0.0,0.0,0.0,0.0,0.0,0.0,0.0,0.0,0.0,0.0,0.0,LOW
U0009,755,0.0,0.0,0.0,0.0,0.0,0.0,0.0,0.0,0.0,0.0,0.0,0.0,0.0,0.0,LOW
U0010,105,0.0,0.0,0.0,0.0,0.0,0.0,0.0,0.0,0.0,0.0,0.0,0.0,0.0,0.0,LOW
U0011,693,0.0,0.0,0.0,0.0,0.0,0.0,0.0,0.0,0.0,0.0,0.0,0.0,0.0,0.0,LOW
U0012,759,0.0,0.0,0.0,0.0,0.0,0.0,0.0,0.0,0.0,0.0,0.0,0.0,0.0,0.0,LOW
U0013,914,0.0,0.0,0.0,0.0,0.0,0.0,0.0,0.0,0.0,0.0,0.0,0.0,0.0,0.0,LOW
U0014,559,2.0,0.316622691292876,2.0,0.0,2.0,5.0,4.0,1.0,0.00316622691292876,0.6,0.0,0.0,0.8,30.09,LOW
U0015,90,2.0,0.1986754966887417,2.0,0.0,2.0,5.0,5.0,1.0,0.001986754966887417,0.8,0.0,0.0,0.8,36.06,LOW
U0016,605,1.0,0.0,1.0,0.0,1.0,5.0,5.0,1.0,0.0,0.8,0.0,0.0,0.8,36.0,LOW
U0017,433,0.0,0.0,0.0,0.0,0.0,0.0,0.0,0.0,0.0,0.0,0.0,0.0,0.0,0.0,LOW
U0018,33,0.0,0.0,0.0,0.0,0.0,0.0,0.0,0.0,0.0,0.0,0.0,0.0,0.0,0.0,LOW
U0019,31,0.0,0.0,0.0,0.0,0.0,0.0,0.0,0.0,0.0,0.0,0.0,0.0,0.0,0.0,LOW
U0020,96,0.0,0.0,0.0,0.0,0.0,0.0,0.0,0.0,0.0,0.0,0.0,0.0,0.0,0.0,LOW
U0021,224,0.0,0.0,0.0,0.0,0.0,0.0,0.0,0.0,0.0,0.0,0.0,0.0,0.0,0.0,LOW
U0022,239,0.0,0.0,0.0,0.0,0.0,0.0,0.0,0.0,0.0,0.0,0.0,0.0,0.0,0.0,LOW
U0023,518,0.0,0.0,0.0,0.0,0.0,0.0,0.0,0.0,0.0,0.0,0.0,0.0,0.0,0.0,LOW
U0024,617,0.0,0.0,0.0,0.0,0.0,0.0,0.0,0.0,0.0,0.0,0.0,0.0,0.0,0.0,LOW
U0025,28,1.0,0.0,1.0,0.0,1.0,5.0,3.0,1.0,0.0,0.4,0.0,0.06666666666666667,0.8,24.67,LOW
U0026,575,0.0,0.0,0.0,0.0,0.0,0.0,0.0,0.0,0.0,0.0,0.0,0.0,0.0,0.0,LOW
U0027,204,0.0,0.0,0.0,0.0,0.0,0.0,0.0,0.0,0.0,0.0,0.0,0.0,0.0,0.0,LOW
U0028,734,0.0,0.0,0.0,0.0,0.0,0.0,0.0,0.0,0.0,0.0,0.0,0.0,0.0,0.0,LOW
U0029,666,0.0,0.0,0.0,0.0,0.0,0.0,0.0,0.0,0.0,0.0,0.0,0.0,0.0,0.0,LOW
U0030,719,0.0,0.0,0.0,0.0,0.0,0.0,0.0,0.0,0.0,0.0,0.0,0.0,0.0,0.0,LOW
U0031,559,1.0,0.0,1.0,0.0,1.0,5.0,4.0,1.0,0.0,0.6,0.0,0.0,0.8,30.0,LOW
U0032,430,0.0,0.0,0.0,0.0,0.0,0.0,0.0,0.0,0.0,0.0,0.0,0.0,0.0,0.0,LOW
U0033,226,0.0,0.0,0.0,0.0,0.0,0.0,0.0,0.0,0.0,0.0,0.0,0.0,0.0,0.0,LOW
U0034,460,0.0,0.0,0.0,0.0,0.0,0.0,0.0,0.0,0.0,0.0,0.0,0.0,0.0,0.0,LOW
U0035,604,0.0,0.0,0.0,0.0,0.0,0.0,0.0,0.0,0.0,0.0,0.0,0.0,0.0,0.0,LOW
U0036,285,0.0,0.0,0.0,0.0,0.0,0.0,0.0,0.0,0.0,0.0,0.0,0.0,0.0,0.0,LOW
U0037,829,0.0,0.0,0.0,0.0,0.0,0.0,0.0,0.0,0.0,0.0,0.0,0.0,0.0,0.0,LOW
U0038,891,0.0,0.0,0.0,0.0,0.0,0.0,0.0,0.0,0.0,0.0,0.0,0.0,0.0,0.0,LOW
U0039,7,0.0,0.0,0.0,0.0,0.0,0.0,0.0,0.0,0.0,0.0,0.0,0.7666666666666667,0.0,7.67,LOW
U0040,778,0.0,0.0,0.0,0.0,0.0,0.0,0.0,0.0,0.0,0.0,0.0,0.0,0.0,0.0,LOW
U0041,826,0.0,0.0,0.0,0.0,0.0,0.0,0.0,0.0,0.0,0.0,0.0,0.0,0.0,0.0,LOW
U0042,164,1.0,0.0,1.0,0.0,1.0,5.0,4.0,1.0,0.0,0.6,0.0,0.0,0.8,30.0,LOW
U0043,715,0.0,0.0,0.0,0.0,0.0,0.0,0.0,0.0,0.0,0.0,0.0,0.0,0.0,0.0,LOW
U0044,433,0.0,0.0,0.0,0.0,0.0,0.0,0.0,0.0,0.0,0.0,0.0,0.0,0.0,0.0,LOW
U0045,349,0.0,0.0,0.0,0.0,0.0,0.0,0.0,0.0,0.0,0.0,0.0,0.0,0.0,0.0,LOW
U0046,285,0.0,0.0,0.0,0.0,0.0,0.0,0.0,0.0,0.0,0.0,0.0,0.0,0.0,0.0,LOW
U0047,160,0.0,0.0,0.0,0.0,0.0,0.0,0.0,0.0,0.0,0.0,0.0,0.0,0.0,0.0,LOW
U0048,221,0.0,0.0,0.0,0.0,0.0,0.0,0.0,0.0,0.0,0.0,0.0,0.0,0.0,0.0,LOW
U0049,981,0.0,0.0,0.0,0.0,0.0,0.0,0.0,0.0,0.0,0.0,0.0,0.0,0.0,0.0,LOW
U0050,782,1.0,0.0,1.0,0.0,1.0,5.0,4.0,1.0,0.0,0.6,0.0,0.0,0.8,30.0,LOW
U0051,345,10.0,63.94316163410302,1.0,0.9,1.0,1.0,1.0,1.0,0.6394316163410302,0.0,0.9,0.0,0.0,32.68,LOW
U0052,105,10.0,67.66917293233082,1.0,0.9,1.0,1.0,1.0,1.0,0.6766917293233082,0.0,0.9,0.0,0.0,33.8,LOW
U0053,95,10.0,72.72727272727272,1.0,0.9,1.0,1.0,1.0,1.0,0.7272727272727272,0.0,0.9,0.0,0.0,35.32,LOW
U0054,390,10.0,65.45454545454545,1.0,0.9,1.0,1.0,1.0,1.0,0.6545454545454545,0.0,0.9,0.0,0.0,33.14,LOW
U0055,100,10.0,67.5422138836773,1.0,0.9,1.0,1.0,1.0,1.0,0.675422138836773,0.0,0.9,0.0,0.0,33.76,LOW
U0056,368,11.0,1.3499693188791164,2.0,0.8181818181818181,2.0,5.0,3.0,1.0,0.013499693188791163,0.4,0.8181818181818181,0.0,0.8,36.68,LOW
U0057,868,10.0,69.4980694980695,1.0,0.9,1.0,1.0,1.0,1.0,0.6949806949806949,0.0,0.9,0.0,0.0,34.35,LOW
U0058,353,12.0,0.5707491082045185,3.0,0.75,3.0,5.0,5.0,1.0,0.005707491082045185,0.8,0.75,0.0,0.8,47.42,MEDIUM
U0059,619,10.0,76.59574468085106,1.0,0.9,1.0,1.0,1.0,1.0,0.7659574468085105,0.0,0.9,0.0,0.0,36.48,LOW
U0060,271,10.0,61.74957118353345,1.0,0.9,1.0,1.0,1.0,1.0,0.6174957118353345,0.0,0.9,0.0,0.0,32.02,LOW
U0061,827,5.0,45.22613065326633,1.0,0.8,1.0,6.0,6.0,1.0,0.45226130653266333,1.0,0.8,0.0,1.0,70.57,HIGH
U0062,45,5.0,31.57894736842105,1.0,0.8,1.0,6.0,6.0,1.0,0.3157894736842105,1.0,0.8,0.0,1.0,66.47,MEDIUM
U0063,748,6.0,0.1251419434080322,2.0,0.6666666666666667,2.0,6.0,6.0,1.0,0.001251419434080322,1.0,0.6666666666666667,0.0,1.0,55.04,MEDIUM
U0064,471,5.0,65.6934306569343,1.0,0.8,1.0,6.0,6.0,1.0,0.6569343065693429,1.0,0.8,0.0,1.0,76.71,HIGH
U0065,550,5.0,24.22611036339165,1.0,0.8,1.0,6.0,6.0,1.0,0.2422611036339165,1.0,0.8,0.0,1.0,64.27,MEDIUM
U0066,128,5.0,61.64383561643836,1.0,0.8,1.0,6.0,6.0,1.0,0.6164383561643836,1.0,0.8,0.0,1.0,75.49,HIGH
U0067,997,5.0,34.22053231939164,1.0,0.8,1.0,6.0,6.0,1.0,0.3422053231939164,1.0,0.8,0.0,1.0,67.27,MEDIUM
U0068,945,6.0,0.1221070245457731,2.0,0.6666666666666667,2.0,6.0,6.0,1.0,0.001221070245457731,1.0,0.6666666666666667,0.0,1.0,55.04,MEDIUM
U0069,388,7.0,0.2208801900270841,3.0,0.5714285714285714,3.0,6.0,6.0,1.0,0.0022088019002708408,1.0,0.5714285714285714,0.0,1.0,53.64,MEDIUM
U0070,81,5.0,26.90582959641256,1.0,0.8,1.0,6.0,6.0,1.0,0.2690582959641256,1.0,0.8,0.0,1.0,65.07,MEDIUM
U0071,566,5.0,45.45454545454545,1.0,0.8,1.0,6.0,6.0,1.0,0.45454545454545453,1.0,0.8,0.0,1.0,70.64,HIGH
U0072,301,5.0,34.02646502835539,1.0,0.8,1.0,6.0,6.0,1.0,0.3402646502835539,1.0,0.8,0.0,1.0,67.21,MEDIUM
U0073,850,5.0,25.53191489361702,1.0,0.8,1.0,6.0,6.0,1.0,0.2553191489361702,1.0,0.8,0.0,1.0,64.66,MEDIUM
U0074,644,6.0,0.2013666831364725,2.0,0.6666666666666667,2.0,6.0,6.0,1.0,0.002013666831364725,1.0,0.6666666666666667,0.0,1.0,55.06,MEDIUM
U0075,634,5.0,25.35211267605634,1.0,0.8,1.0,6.0,6.0,1.0,0.2535211267605634,1.0,0.8,0.0,1.0,64.61,MEDIUM
U0076,907,5.0,62.28373702422145,1.0,0.8,1.0,6.0,6.0,1.0,0.6228373702422145,1.0,0.8,0.0,1.0,75.69,HIGH
U0077,883,5.0,21.686746987951807,1.0,0.8,1.0,6.0,6.0,1.0,0.21686746987951808,1.0,0.8,0.0,1.0,63.51,MEDIUM
U0078,371,5.0,24.861878453038678,1.0,0.8,1.0,6.0,6.0,1.0,0.24861878453038677,1.0,0.8,0.0,1.0,64.46,MEDIUM
U0079,592,5.0,27.649769585253456,1.0,0.8,1.0,6.0,6.0,1.0,0.27649769585253453,1.0,0.8,0.0,1.0,65.29,MEDIUM
U0080,197,5.0,42.25352112676056,1.0,0.8,1.0,6.0,6.0,1.0,0.4225352112676056,1.0,0.8,0.0,1.0,69.68,MEDIUM
U0081,722,7.0,0.1399525716285036,3.0,0.5714285714285714,3.0,6.0,6.0,1.0,0.001399525716285036,1.0,0.5714285714285714,0.0,1.0,53.61,MEDIUM
U0082,72,5.0,96.2566844919786,1.0,0.8,1.0,6.0,6.0,1.0,0.9625668449197861,1.0,0.8,0.0,1.0,85.88,HIGH
U0083,47,5.0,44.33497536945813,1.0,0.8,1.0,6.0,6.0,1.0,0.4433497536945813,1.0,0.8,0.0,1.0,70.3,HIGH
U0084,678,6.0,0.1425893163634443,2.0,0.6666666666666667,2.0,6.0,6.0,1.0,0.001425893163634443,1.0,0.6666666666666667,0.0,1.0,55.04,MEDIUM
U0085,234,6.0,0.1390041894318203,2.0,0.6666666666666667,2.0,6.0,6.0,1.0,0.001390041894318203,1.0,0.6666666666666667,0.0,1.0,55.04,MEDIUM
U0086,792,5.0,34.61538461538462,1.0,0.8,1.0,6.0,6.0,1.0,0.3461538461538462,1.0,0.8,0.0,1.0,67.38,MEDIUM
U0087,297,6.0,0.1821140404866491,2.0,0.6666666666666667,2.0,6.0,6.0,1.0,0.0018211404048664908,1.0,0.6666666666666667,0.0,1.0,55.05,MEDIUM
U0088,82,5.0,29.459901800327334,1.0,0.8,1.0,6.0,6.0,1.0,0.2945990180032733,1.0,0.8,0.0,1.0,65.84,MEDIUM
U0089,876,7.0,0.1488411652136934,3.0,0.5714285714285714,3.0,6.0,6.0,1.0,0.001488411652136934,1.0,0.5714285714285714,0.0,1.0,53.62,MEDIUM
U0090,239,5.0,30.82191780821918,1.0,0.8,1.0,6.0,6.0,1.0,0.3082191780821918,1.0,0.8,0.0,1.0,66.25,MEDIUM
U0091,888,0.0,0.0,0.0,0.0,0.0,0.0,0.0,0.0,0.0,0.0,0.0,0.0,0.0,0.0,LOW
U0092,104,0.0,0.0,0.0,0.0,0.0,0.0,0.0,0.0,0.0,0.0,0.0,0.0,0.0,0.0,LOW
U0093,390,0.0,0.0,0.0,0.0,0.0,0.0,0.0,0.0,0.0,0.0,0.0,0.0,0.0,0.0,LOW
U0094,285,0.0,0.0,0.0,0.0,0.0,0.0,0.0,0.0,0.0,0.0,0.0,0.0,0.0,0.0,LOW
U0095,465,0.0,0.0,0.0,0.0,0.0,0.0,0.0,0.0,0.0,0.0,0.0,0.0,0.0,0.0,LOW
U0096,651,1.0,0.0,1.0,0.0,1.0,5.0,5.0,1.0,0.0,0.8,0.0,0.0,0.8,36.0,LOW
U0097,855,0.0,0.0,0.0,0.0,0.0,0.0,0.0,0.0,0.0,0.0,0.0,0.0,0.0,0.0,LOW
U0098,374,0.0,0.0,0.0,0.0,0.0,0.0,0.0,0.0,0.0,0.0,0.0,0.0,0.0,0.0,LOW
U0099,167,1.0,0.0,1.0,0.0,1.0,5.0,4.0,1.0,0.0,0.6,0.0,0.0,0.8,30.0,LOW
U0100,380,2.0,0.273972602739726,2.0,0.0,2.0,5.0,5.0,1.0,0.0027397260273972603,0.8,0.0,0.0,0.8,36.08,LOW
U0101,364,0.0,0.0,0.0,0.0,0.0,0.0,0.0,0.0,0.0,0.0,0.0,0.0,0.0,0.0,LOW
U0102,215,1.0,0.0,1.0,0.0,1.0,5.0,4.0,1.0,0.0,0.6,0.0,0.0,0.8,30.0,LOW
U0103,687,0.0,0.0,0.0,0.0,0.0,0.0,0.0,0.0,0.0,0.0,0.0,0.0,0.0,0.0,LOW
U0104,274,0.0,0.0,0.0,0.0,0.0,0.0,0.0,0.0,0.0,0.0,0.0,0.0,0.0,0.0,LOW
U0105,719,0.0,0.0,0.0,0.0,0.0,0.0,0.0,0.0,0.0,0.0,0.0,0.0,0.0,0.0,LOW
U0106,960,0.0,0.0,0.0,0.0,0.0,0.0,0.0,0.0,0.0,0.0,0.0,0.0,0.0,0.0,LOW
U0107,700,2.0,0.1225740551583248,2.0,0.0,2.0,5.0,4.0,1.0,0.001225740551583248,0.6,0.0,0.0,0.8,30.04,LOW
U0108,664,0.0,0.0,0.0,0.0,0.0,0.0,0.0,0.0,0.0,0.0,0.0,0.0,0.0,0.0,LOW
U0109,74,0.0,0.0,0.0,0.0,0.0,0.0,0.0,0.0,0.0,0.0,0.0,0.0,0.0,0.0,LOW
U0110,624,0.0,0.0,0.0,0.0,0.0,0.0,0.0,0.0,0.0,0.0,0.0,0.0,0.0,0.0,LOW
U0111,651,0.0,0.0,0.0,0.0,0.0,0.0,0.0,0.0,0.0,0.0,0.0,0.0,0.0,0.0,LOW
U0112,176,1.0,0.0,1.0,0.0,1.0,5.0,3.0,1.0,0.0,0.4,0.0,0.0,0.8,24.0,LOW
U0113,547,1.0,0.0,1.0,0.0,1.0,5.0,5.0,1.0,0.0,0.8,0.0,0.0,0.8,36.0,LOW
U0114,747,1.0,0.0,1.0,0.0,1.0,5.0,4.0,1.0,0.0,0.6,0.0,0.0,0.8,30.0,LOW
U0115,251,0.0,0.0,0.0,0.0,0.0,0.0,0.0,0.0,0.0,0.0,0.0,0.0,0.0,0.0,LOW
U0116,168,0.0,0.0,0.0,0.0,0.0,0.0,0.0,0.0,0.0,0.0,0.0,0.0,0.0,0.0,LOW
U0117,474,0.0,0.0,0.0,0.0,0.0,0.0,0.0,0.0,0.0,0.0,0.0,0.0,0.0,0.0,LOW
U0118,389,1.0,0.0,1.0,0.0,1.0,5.0,5.0,1.0,0.0,0.8,0.0,0.0,0.8,36.0,LOW
U0119,277,0.0,0.0,0.0,0.0,0.0,0.0,0.0,0.0,0.0,0.0,0.0,0.0,0.0,0.0,LOW
U0120,948,1.0,0.0,1.0,0.0,1.0,5.0,4.0,1.0,0.0,0.6,0.0,0.0,0.8,30.0,LOW
U0121,656,1.0,0.0,1.0,0.0,1.0,5.0,5.0,1.0,0.0,0.8,0.0,0.0,0.8,36.0,LOW
U0122,705,0.0,0.0,0.0,0.0,0.0,0.0,0.0,0.0,0.0,0.0,0.0,0.0,0.0,0.0,LOW
U0123,571,0.0,0.0,0.0,0.0,0.0,0.0,0.0,0.0,0.0,0.0,0.0,0.0,0.0,0.0,LOW
U0124,225,0.0,0.0,0.0,0.0,0.0,0.0,0.0,0.0,0.0,0.0,0.0,0.0,0.0,0.0,LOW
U0125,702,0.0,0.0,0.0,0.0,0.0,0.0,0.0,0.0,0.0,0.0,0.0,0.0,0.0,0.0,LOW
U0126,333,1.0,0.0,1.0,0.0,1.0,5.0,4.0,1.0,0.0,0.6,0.0,0.0,0.8,30.0,LOW
U0127,864,0.0,0.0,0.0,0.0,0.0,0.0,0.0,0.0,0.0,0.0,0.0,0.0,0.0,0.0,LOW
U0128,787,1.0,0.0,1.0,0.0,1.0,5.0,4.0,1.0,0.0,0.6,0.0,0.0,0.8,30.0,LOW
U0129,795,0.0,0.0,0.0,0.0,0.0,0.0,0.0,0.0,0.0,0.0,0.0,0.0,0.0,0.0,LOW
U0130,58,0.0,0.0,0.0,0.0,0.0,0.0,0.0,0.0,0.0,0.0,0.0,0.0,0.0,0.0,LOW
U0131,235,0.0,0.0,0.0,0.0,0.0,0.0,0.0,0.0,0.0,0.0,0.0,0.0,0.0,0.0,LOW
U0132,842,0.0,0.0,0.0,0.0,0.0,0.0,0.0,0.0,0.0,0.0,0.0,0.0,0.0,0.0,LOW
U0133,33,0.0,0.0,0.0,0.0,0.0,0.0,0.0,0.0,0.0,0.0,0.0,0.0,0.0,0.0,LOW
U0134,825,0.0,0.0,0.0,0.0,0.0,0.0,0.0,0.0,0.0,0.0,0.0,0.0,0.0,0.0,LOW
U0135,324,0.0,0.0,0.0,0.0,0.0,0.0,0.0,0.0,0.0,0.0,0.0,0.0,0.0,0.0,LOW
U0136,411,0.0,0.0,0.0,0.0,0.0,0.0,0.0,0.0,0.0,0.0,0.0,0.0,0.0,0.0,LOW
U0137,275,1.0,0.0,1.0,0.0,1.0,5.0,4.0,1.0,0.0,0.6,0.0,0.0,0.8,30.0,LOW
U0138,68,0.0,0.0,0.0,0.0,0.0,0.0,0.0,0.0,0.0,0.0,0.0,0.0,0.0,0.0,LOW
U0139,217,1.0,0.0,1.0,0.0,1.0,5.0,4.0,1.0,0.0,0.6,0.0,0.0,0.8,30.0,LOW
U0140,936,1.0,0.0,1.0,0.0,1.0,5.0,4.0,1.0,0.0,0.6,0.0,0.0,0.8,30.0,LOW
U0141,966,0.0,0.0,0.0,0.0,0.0,0.0,0.0,0.0,0.0,0.0,0.0,0.0,0.0,0.0,LOW
U0142,581,1.0,0.0,1.0,0.0,1.0,5.0,5.0,1.0,0.0,0.8,0.0,0.0,0.8,36.0,LOW
U0143,898,0.0,0.0,0.0,0.0,0.0,0.0,0.0,0.0,0.0,0.0,0.0,0.0,0.0,0.0,LOW
U0144,736,1.0,0.0,1.0,0.0,1.0,5.0,3.0,1.0,0.0,0.4,0.0,0.0,0.8,24.0,LOW
U0145,323,0.0,0.0,0.0,0.0,0.0,0.0,0.0,0.0,0.0,0.0,0.0,0.0,0.0,0.0,LOW
U0146,218,0.0,0.0,0.0,0.0,0.0,0.0,0.0,0.0,0.0,0.0,0.0,0.0,0.0,0.0,LOW
U0147,672,0.0,0.0,0.0,0.0,0.0,0.0,0.0,0.0,0.0,0.0,0.0,0.0,0.0,0.0,LOW
U0148,512,0.0,0.0,0.0,0.0,0.0,0.0,0.0,0.0,0.0,0.0,0.0,0.0,0.0,0.0,LOW
U0149,406,0.0,0.0,0.0,0.0,0.0,0.0,0.0,0.0,0.0,0.0,0.0,0.0,0.0,0.0,LOW
U0150,906,1.0,0.0,1.0,0.0,1.0,5.0,4.0,1.0,0.0,0.6,0.0,0.0,0.8,30.0,LOW
U0151,937,15.0,0.0256373735935051,14.0,0.0666666666666666,15.0,34.0,2.0,0.0,0.000256373735935051,0.2,0.0666666666666666,0.0,1.0,22.01,LOW
U0152,659,6.0,0.0109525692902126,6.0,0.0,6.0,36.0,2.0,0.0,0.000109525692902126,0.2,0.0,0.0,1.0,21.0,LOW
U0153,470,18.0,0.0254897333018645,17.0,0.0555555555555555,18.0,32.0,2.0,0.0,0.000254897333018645,0.2,0.0555555555555555,0.0,1.0,21.84,LOW
U0154,147,13.0,0.0231152204836415,12.0,0.0769230769230768,13.0,34.0,2.0,0.0,0.000231152204836415,0.2,0.0769230769230768,0.0,1.0,22.16,LOW
U0155,272,13.0,0.0219292080182181,13.0,0.0,12.0,28.0,2.0,0.0,0.000219292080182181,0.2,0.0,0.0,1.0,21.01,LOW
U0156,143,8.0,0.0129596630487607,8.0,0.0,8.0,31.0,2.0,0.0,0.000129596630487607,0.2,0.0,0.0,1.0,21.0,LOW
U0157,253,10.0,0.0181028240405503,9.0,0.0999999999999999,10.0,31.0,2.0,0.0,0.000181028240405503,0.2,0.0999999999999999,0.0,1.0,22.51,LOW
U0158,763,7.0,0.0115286431884933,7.0,0.0,7.0,31.0,2.0,0.0,0.000115286431884933,0.2,0.0,0.0,1.0,21.0,LOW
U0159,575,12.0,0.0208925773315535,12.0,0.0,12.0,30.0,2.0,0.0,0.00020892577331553498,0.2,0.0,0.0,1.0,21.01,LOW
U0160,552,17.0,0.0260343551392327,17.0,0.0,17.0,28.0,2.0,0.0,0.000260343551392327,0.2,0.0,0.0,1.0,21.01,LOW
U0161,270,10.0,0.0161394448030987,10.0,0.0,10.0,31.0,2.0,0.0,0.00016139444803098702,0.2,0.0,0.0,1.0,21.0,LOW
U0162,765,13.0,0.023122758130021,13.0,0.0,13.0,27.0,2.0,0.0,0.00023122758130021,0.2,0.0,0.0,1.0,21.01,LOW
U0163,599,15.0,0.0237467018469657,13.0,0.1333333333333333,15.0,38.0,2.0,0.0,0.000237467018469657,0.2,0.1333333333333333,0.0,1.0,23.01,LOW
U0164,439,10.0,0.0189435797051116,9.0,0.0999999999999999,9.0,29.0,2.0,0.0,0.000189435797051116,0.2,0.0999999999999999,0.0,1.0,22.51,LOW
U0165,920,11.0,0.0206088992974238,10.0,0.0909090909090909,11.0,31.0,2.0,0.0,0.00020608899297423801,0.2,0.0909090909090909,0.0,1.0,22.37,LOW
U0166,598,8.0,0.0175779104258981,7.0,0.125,8.0,34.0,2.0,0.0,0.000175779104258981,0.2,0.125,0.0,1.0,22.88,LOW
U0167,409,14.0,0.0224989955805544,13.0,0.0714285714285714,13.0,33.0,2.0,0.0,0.00022498995580554402,0.2,0.0714285714285714,0.0,1.0,22.08,LOW
U0168,371,8.0,0.0124905670196986,8.0,0.0,8.0,32.0,3.0,0.0,0.00012490567019698599,0.4,0.0,0.0,1.0,27.0,LOW
U0169,225,8.0,0.0130271942680345,8.0,0.0,8.0,37.0,2.0,0.0,0.000130271942680345,0.2,0.0,0.0,1.0,21.0,LOW
U0170,142,10.0,0.0165130039906426,9.0,0.0999999999999999,10.0,37.0,2.0,0.0,0.00016513003990642602,0.2,0.0999999999999999,0.0,1.0,22.5,LOW
U0171,522,14.0,0.0207049543998028,14.0,0.0,14.0,31.0,2.0,0.0,0.000207049543998028,0.2,0.0,0.0,1.0,21.01,LOW
U0172,506,11.0,0.0210030549898167,11.0,0.0,11.0,28.0,2.0,0.0,0.000210030549898167,0.2,0.0,0.0,1.0,21.01,LOW
U0173,94,11.0,0.0194094812375014,10.0,0.0909090909090909,11.0,38.0,2.0,0.0,0.000194094812375014,0.2,0.0909090909090909,0.0,1.0,22.37,LOW
U0174,774,12.0,0.0205280264583452,12.0,0.0,12.0,38.0,2.0,0.0,0.000205280264583452,0.2,0.0,0.0,1.0,21.01,LOW
U0175,49,11.0,0.0216194968553459,11.0,0.0,11.0,29.0,2.0,0.0,0.000216194968553459,0.2,0.0,0.0,1.0,21.01,LOW
U0176,882,16.0,0.0294270913159427,14.0,0.125,15.0,38.0,3.0,0.0,0.000294270913159427,0.4,0.125,0.0,1.0,28.88,LOW
U0177,113,7.0,0.0106883827458964,7.0,0.0,7.0,31.0,2.0,0.0,0.000106883827458964,0.2,0.0,0.0,1.0,21.0,LOW
U0178,157,13.0,0.0209205020920502,12.0,0.0769230769230768,13.0,32.0,3.0,0.0,0.00020920502092050203,0.4,0.0769230769230768,0.0,1.0,28.16,LOW
U0179,643,11.0,0.0179552750421676,10.0,0.0909090909090909,11.0,34.0,2.0,0.0,0.000179552750421676,0.2,0.0909090909090909,0.0,1.0,22.37,LOW
U0180,164,13.0,0.0185953368616793,13.0,0.0,13.0,32.0,2.0,0.0,0.000185953368616793,0.2,0.0,0.0,1.0,21.01,LOW
U0181,812,9.0,0.0192499643519178,9.0,0.0,8.0,30.0,2.0,0.0,0.000192499643519178,0.2,0.0,0.0,1.0,21.01,LOW
U0182,697,12.0,0.0189763322966633,10.0,0.1666666666666666,12.0,32.0,2.0,0.0,0.000189763322966633,0.2,0.1666666666666666,0.0,1.0,23.51,LOW
U0183,433,8.0,0.0131007942356505,6.0,0.25,8.0,31.0,2.0,0.0,0.000131007942356505,0.2,0.25,0.0,1.0,24.75,LOW
U0184,611,17.0,0.0304069160828737,16.0,0.0588235294117647,17.0,34.0,2.0,0.0,0.000304069160828737,0.2,0.0588235294117647,0.0,1.0,21.89,LOW
U0185,66,7.0,0.0178997613365155,7.0,0.0,7.0,31.0,2.0,0.0,0.000178997613365155,0.2,0.0,0.0,1.0,21.01,LOW
U0186,395,7.0,0.010648547233913,6.0,0.1428571428571429,7.0,29.0,2.0,0.0,0.00010648547233913,0.2,0.1428571428571429,0.0,1.0,23.15,LOW
U0187,391,8.0,0.0217096336499321,8.0,0.0,8.0,26.0,2.0,0.0,0.000217096336499321,0.2,0.0,0.0,1.0,21.01,LOW
U0188,611,10.0,0.0158541418945699,9.0,0.0999999999999999,10.0,37.0,2.0,0.0,0.00015854141894569899,0.2,0.0999999999999999,0.0,1.0,22.5,LOW
U0189,480,21.0,0.0304494925084581,18.0,0.1428571428571429,21.0,29.0,3.0,0.0,0.000304494925084581,0.4,0.1428571428571429,0.0,1.0,29.15,LOW
U0190,542,10.0,0.0175423208490483,10.0,0.0,9.0,29.0,2.0,0.0,0.000175423208490483,0.2,0.0,0.0,1.0,21.01,LOW
U0191,258,11.0,0.0175308117297067,11.0,0.0,11.0,31.0,2.0,0.0,0.00017530811729706702,0.2,0.0,0.0,1.0,21.01,LOW
U0192,995,6.0,0.0129851392295484,6.0,0.0,6.0,25.0,2.0,0.0,0.00012985139229548402,0.2,0.0,0.0,1.0,21.0,LOW
U0193,567,11.0,0.022425333831674,10.0,0.0909090909090909,11.0,33.0,2.0,0.0,0.00022425333831674,0.2,0.0909090909090909,0.0,1.0,22.37,LOW
U0194,882,16.0,0.0243828101188661,16.0,0.0,15.0,31.0,2.0,0.0,0.000243828101188661,0.2,0.0,0.0,1.0,21.01,LOW
U0195,966,12.0,0.0227244034844085,10.0,0.1666666666666666,12.0,31.0,2.0,0.0,0.000227244034844085,0.2,0.1666666666666666,0.0,1.0,23.51,LOW
U0196,12,11.0,0.0179949287019112,11.0,0.0,11.0,29.0,2.0,0.0,0.000179949287019112,0.2,0.0,0.6,1.0,27.01,LOW
U0197,697,12.0,0.0195063802118609,12.0,0.0,12.0,33.0,2.0,0.0,0.00019506380211860901,0.2,0.0,0.0,1.0,21.01,LOW
U0198,739,12.0,0.0170007792023801,11.0,0.0833333333333333,11.0,36.0,2.0,0.0,0.000170007792023801,0.2,0.0833333333333333,0.0,1.0,22.26,LOW
U0199,118,10.0,0.0160004266780447,10.0,0.0,10.0,36.0,2.0,0.0,0.00016000426678044699,0.2,0.0,0.0,1.0,21.0,LOW
U0200,699,10.0,0.0171865601099939,10.0,0.0,10.0,29.0,2.0,0.0,0.000171865601099939,0.2,0.0,0.0,1.0,21.01,LOW
U0201,907,10.0,0.0159383716296985,9.0,0.0999999999999999,10.0,30.0,2.0,0.0,0.00015938371629698503,0.2,0.0999999999999999,0.0,1.0,22.5,LOW
U0202,550,9.0,0.0157118333381826,9.0,0.0,9.0,29.0,2.0,0.0,0.000157118333381826,0.2,0.0,0.0,1.0,21.0,LOW
U0203,769,15.0,0.032421917216038,13.0,0.1333333333333333,15.0,31.0,2.0,0.0,0.00032421917216038,0.2,0.1333333333333333,0.0,1.0,23.01,LOW
U0204,274,13.0,0.0235549918463489,12.0,0.0769230769230768,13.0,29.0,2.0,0.0,0.000235549918463489,0.2,0.0769230769230768,0.0,1.0,22.16,LOW
U0205,788,15.0,0.0242816673411574,15.0,0.0,15.0,32.0,2.0,0.0,0.000242816673411574,0.2,0.0,0.0,1.0,21.01,LOW
U0206,657,13.0,0.0200746364689229,13.0,0.0,12.0,32.0,2.0,0.0,0.000200746364689229,0.2,0.0,0.0,1.0,21.01,LOW
U0207,349,15.0,0.022547349433811,14.0,0.0666666666666666,14.0,37.0,2.0,0.0,0.00022547349433810998,0.2,0.0666666666666666,0.0,1.0,22.01,LOW
U0208,115,7.0,0.0148184736972091,6.0,0.1428571428571429,7.0,36.0,2.0,0.0,0.000148184736972091,0.2,0.1428571428571429,0.0,1.0,23.15,LOW
U0209,301,6.0,0.0107501194457716,6.0,0.0,6.0,36.0,2.0,0.0,0.00010750119445771599,0.2,0.0,0.0,1.0,21.0,LOW
U0210,446,14.0,0.0272214660703869,14.0,0.0,14.0,31.0,2.0,0.0,0.000272214660703869,0.2,0.0,0.0,1.0,21.01,LOW
U0211,162,12.0,0.0178147268408551,10.0,0.1666666666666666,12.0,37.0,2.0,0.0,0.000178147268408551,0.2,0.1666666666666666,0.0,1.0,23.51,LOW
U0212,465,13.0,0.0218536366692816,11.0,0.1538461538461538,13.0,31.0,2.0,0.0,0.00021853636669281603,0.2,0.1538461538461538,0.0,1.0,23.31,LOW
U0213,4,14.0,0.0207202762703502,14.0,0.0,13.0,38.0,2.0,0.0,0.000207202762703502,0.2,0.0,0.8666666666666667,1.0,29.67,LOW
U0214,977,8.0,0.0134850400337126,8.0,0.0,8.0,29.0,2.0,0.0,0.000134850400337126,0.2,0.0,0.0,1.0,21.0,LOW
U0215,740,17.0,0.0285562305775637,14.0,0.1764705882352941,16.0,37.0,2.0,0.0,0.000285562305775637,0.2,0.1764705882352941,0.0,1.0,23.66,LOW
U0216,897,11.0,0.0188119940713715,11.0,0.0,11.0,38.0,3.0,0.0,0.000188119940713715,0.4,0.0,0.0,1.0,27.01,LOW
U0217,737,11.0,0.0208774871097333,10.0,0.0909090909090909,11.0,29.0,2.0,0.0,0.000208774871097333,0.2,0.0909090909090909,0.0,1.0,22.37,LOW
U0218,270,14.0,0.0208716394175818,12.0,0.1428571428571429,14.0,31.0,2.0,0.0,0.000208716394175818,0.2,0.1428571428571429,0.0,1.0,23.15,LOW
U0219,996,22.0,0.0324667338957621,20.0,0.0909090909090909,22.0,29.0,2.0,0.0,0.00032466733895762103,0.2,0.0909090909090909,0.0,1.0,22.37,LOW
U0220,513,13.0,0.0231481481481481,13.0,0.0,12.0,33.0,2.0,0.0,0.00023148148148148098,0.2,0.0,0.0,1.0,21.01,LOW
U0221,781,9.0,0.0167027528611197,8.0,0.1111111111111111,9.0,30.0,2.0,0.0,0.000167027528611197,0.2,0.1111111111111111,0.0,1.0,22.67,LOW
U0222,183,11.0,0.0175714171614174,9.0,0.1818181818181817,11.0,29.0,2.0,0.0,0.00017571417161417398,0.2,0.1818181818181817,0.0,1.0,23.73,LOW
U0223,520,10.0,0.0147250104302157,8.0,0.1999999999999999,10.0,29.0,3.0,0.0,0.000147250104302157,0.4,0.1999999999999999,0.0,1.0,30.0,LOW
U0224,935,8.0,0.0135566413421074,8.0,0.0,8.0,31.0,2.0,0.0,0.00013556641342107398,0.2,0.0,0.0,1.0,21.0,LOW
U0225,109,17.0,0.0287575065550198,15.0,0.1176470588235294,17.0,29.0,2.0,0.0,0.000287575065550198,0.2,0.1176470588235294,0.0,1.0,22.77,LOW
U0226,892,6.0,0.0174604714327286,6.0,0.0,6.0,29.0,2.0,0.0,0.000174604714327286,0.2,0.0,0.0,1.0,21.01,LOW
U0227,641,20.0,0.029440628066732,17.0,0.15,20.0,33.0,2.0,0.0,0.00029440628066732,0.2,0.15,0.0,1.0,23.26,LOW
U0228,306,15.0,0.0247415878601275,13.0,0.1333333333333333,15.0,31.0,2.0,0.0,0.000247415878601275,0.2,0.1333333333333333,0.0,1.0,23.01,LOW
U0229,862,13.0,0.0205810179688118,13.0,0.0,13.0,29.0,2.0,0.0,0.00020581017968811802,0.2,0.0,0.0,1.0,21.01,LOW
U0230,655,12.0,0.0229343186596164,12.0,0.0,12.0,29.0,2.0,0.0,0.000229343186596164,0.2,0.0,0.0,1.0,21.01,LOW
U0231,520,10.0,0.0170779608914695,9.0,0.0999999999999999,10.0,31.0,2.0,0.0,0.00017077960891469498,0.2,0.0999999999999999,0.0,1.0,22.51,LOW
U0232,624,12.0,0.0188872275123947,11.0,0.0833333333333333,12.0,36.0,2.0,0.0,0.00018887227512394698,0.2,0.0833333333333333,0.0,1.0,22.26,LOW
U0233,204,7.0,0.0145042649445729,7.0,0.0,7.0,33.0,2.0,0.0,0.000145042649445729,0.2,0.0,0.0,1.0,21.0,LOW
U0234,157,7.0,0.0127438783869891,7.0,0.0,7.0,26.0,2.0,0.0,0.00012743878386989102,0.2,0.0,0.0,1.0,21.0,LOW
U0235,383,20.0,0.0296567234263401,17.0,0.15,20.0,36.0,2.0,0.0,0.000296567234263401,0.2,0.15,0.0,1.0,23.26,LOW
U0236,781,8.0,0.0151711495306425,8.0,0.0,8.0,29.0,2.0,0.0,0.000151711495306425,0.2,0.0,0.0,1.0,21.0,LOW
U0237,166,4.0,0.0086321619969068,4.0,0.0,4.0,26.0,2.0,0.0,8.632161996906799e-05,0.2,0.0,0.0,1.0,21.0,LOW
U0238,553,8.0,0.0143001847107191,8.0,0.0,8.0,37.0,2.0,0.0,0.000143001847107191,0.2,0.0,0.0,1.0,21.0,LOW
U0239,977,4.0,0.013701758392327,4.0,0.0,4.0,32.0,2.0,0.0,0.00013701758392327,0.2,0.0,0.0,1.0,21.0,LOW
U0240,798,9.0,0.0216493605420358,9.0,0.0,9.0,37.0,2.0,0.0,0.000216493605420358,0.2,0.0,0.0,1.0,21.01,LOW
U0241,945,16.0,0.0274136897112995,14.0,0.125,16.0,32.0,2.0,0.0,0.000274136897112995,0.2,0.125,0.0,1.0,22.88,LOW
U0242,544,8.0,0.0169821333805059,8.0,0.0,8.0,28.0,2.0,0.0,0.00016982133380505902,0.2,0.0,0.0,1.0,21.01,LOW
U0243,941,13.0,0.0255085355484335,11.0,0.1538461538461538,13.0,32.0,2.0,0.0,0.000255085355484335,0.2,0.1538461538461538,0.0,1.0,23.32,LOW
U0244,1,13.0,0.0183840859809559,12.0,0.0769230769230768,13.0,37.0,2.0,0.0,0.000183840859809559,0.2,0.0769230769230768,0.9666666666666667,1.0,31.83,LOW
U0245,614,10.0,0.0206547557575131,8.0,0.1999999999999999,9.0,30.0,2.0,0.0,0.00020654755757513102,0.2,0.1999999999999999,0.0,1.0,24.01,LOW
U0246,332,20.0,0.029923694578824,18.0,0.0999999999999999,20.0,31.0,2.0,0.0,0.00029923694578824,0.2,0.0999999999999999,0.0,1.0,22.51,LOW
U0247,501,7.0,0.0102232066791616,7.0,0.0,7.0,33.0,2.0,0.0,0.000102232066791616,0.2,0.0,0.0,1.0,21.0,LOW
U0248,20,14.0,0.0251068535732432,12.0,0.1428571428571429,13.0,37.0,2.0,0.0,0.000251068535732432,0.2,0.1428571428571429,0.3333333333333333,1.0,26.48,LOW
U0249,115,10.0,0.0173495648150825,10.0,0.0,10.0,31.0,2.0,0.0,0.000173495648150825,0.2,0.0,0.0,1.0,21.01,LOW
U0250,952,8.0,0.0123622128360976,7.0,0.125,7.0,34.0,2.0,0.0,0.000123622128360976,0.2,0.125,0.0,1.0,22.88,LOW
U0251,372,9.0,0.0176962149762411,9.0,0.0,9.0,31.0,2.0,0.0,0.000176962149762411,0.2,0.0,0.0,1.0,21.01,LOW
U0252,900,7.0,0.0147100028019052,7.0,0.0,7.0,28.0,2.0,0.0,0.000147100028019052,0.2,0.0,0.0,1.0,21.0,LOW
U0253,852,12.0,0.024058542453303,12.0,0.0,11.0,37.0,2.0,0.0,0.00024058542453303002,0.2,0.0,0.0,1.0,21.01,LOW
U0254,827,12.0,0.0215536596317916,12.0,0.0,12.0,31.0,2.0,0.0,0.000215536596317916,0.2,0.0,0.0,1.0,21.01,LOW
U0255,315,7.0,0.01678455820645,7.0,0.0,7.0,31.0,2.0,0.0,0.00016784558206450002,0.2,0.0,0.0,1.0,21.01,LOW
U0256,246,11.0,0.0229357798165137,11.0,0.0,11.0,27.0,2.0,0.0,0.000229357798165137,0.2,0.0,0.0,1.0,21.01,LOW
U0257,60,14.0,0.026082096503757,13.0,0.0714285714285714,14.0,37.0,2.0,0.0,0.00026082096503757,0.2,0.0714285714285714,0.0,1.0,22.08,LOW
U0258,247,14.0,0.0217436322219921,13.0,0.0714285714285714,14.0,27.0,2.0,0.0,0.00021743632221992102,0.2,0.0714285714285714,0.0,1.0,22.08,LOW
U0259,900,12.0,0.0172765446910617,12.0,0.0,12.0,30.0,2.0,0.0,0.00017276544691061698,0.2,0.0,0.0,1.0,21.01,LOW
U0260,581,15.0,0.0218946139249744,14.0,0.0666666666666666,15.0,37.0,2.0,0.0,0.000218946139249744,0.2,0.0666666666666666,0.0,1.0,22.01,LOW
U0261,970,8.0,0.0120903755572907,8.0,0.0,7.0,34.0,2.0,0.0,0.000120903755572907,0.2,0.0,0.0,1.0,21.0,LOW
U0262,81,13.0,0.0205755889102851,13.0,0.0,13.0,37.0,2.0,0.0,0.000205755889102851,0.2,0.0,0.0,1.0,21.01,LOW
U0263,88,16.0,0.0225898298703437,12.0,0.25,16.0,31.0,2.0,0.0,0.000225898298703437,0.2,0.25,0.0,1.0,24.76,LOW
U0264,750,7.0,0.0208934434384638,7.0,0.0,7.0,31.0,2.0,0.0,0.00020893443438463802,0.2,0.0,0.0,1.0,21.01,LOW
U0265,498,11.0,0.0157086754730453,10.0,0.0909090909090909,10.0,31.0,2.0,0.0,0.00015708675473045299,0.2,0.0909090909090909,0.0,1.0,22.37,LOW
U0266,836,8.0,0.0130654907724971,6.0,0.25,8.0,31.0,2.0,0.0,0.000130654907724971,0.2,0.25,0.0,1.0,24.75,LOW
U0267,71,11.0,0.0178876331409057,10.0,0.0909090909090909,11.0,29.0,2.0,0.0,0.000178876331409057,0.2,0.0909090909090909,0.0,1.0,22.37,LOW
U0268,779,10.0,0.0148827979660176,10.0,0.0,10.0,31.0,1.0,0.0,0.000148827979660176,0.0,0.0,0.0,1.0,15.0,LOW
U0269,546,15.0,0.023618947644666,14.0,0.0666666666666666,15.0,37.0,2.0,0.0,0.00023618947644666,0.2,0.0666666666666666,0.0,1.0,22.01,LOW
U0270,785,9.0,0.013094718463553,8.0,0.1111111111111111,9.0,26.0,2.0,0.0,0.00013094718463553,0.2,0.1111111111111111,0.0,1.0,22.67,LOW
U0271,129,12.0,0.0237240106758048,11.0,0.0833333333333333,12.0,33.0,2.0,0.0,0.000237240106758048,0.2,0.0833333333333333,0.0,1.0,22.26,LOW
U0272,132,13.0,0.0202297896620587,13.0,0.0,13.0,27.0,2.0,0.0,0.000202297896620587,0.2,0.0,0.0,1.0,21.01,LOW
U0273,676,11.0,0.0154762463068048,10.0,0.0909090909090909,11.0,32.0,2.0,0.0,0.00015476246306804798,0.2,0.0909090909090909,0.0,1.0,22.37,LOW
U0274,487,12.0,0.0192230676812174,10.0,0.1666666666666666,12.0,38.0,2.0,0.0,0.00019223067681217398,0.2,0.1666666666666666,0.0,1.0,23.51,LOW
U0275,970,7.0,0.0113231963765771,7.0,0.0,7.0,37.0,2.0,0.0,0.000113231963765771,0.2,0.0,0.0,1.0,21.0,LOW
U0276,563,8.0,0.01207668696221,8.0,0.0,8.0,28.0,1.0,0.0,0.0001207668696221,0.0,0.0,0.0,1.0,15.0,LOW
U0277,170,10.0,0.0176423887794407,10.0,0.0,10.0,33.0,3.0,0.0,0.00017642388779440701,0.4,0.0,0.0,1.0,27.01,LOW
U0278,272,11.0,0.0157811678064176,9.0,0.1818181818181817,10.0,34.0,2.0,0.0,0.000157811678064176,0.2,0.1818181818181817,0.0,1.0,23.73,LOW
U0279,541,7.0,0.0123033658493716,7.0,0.0,7.0,29.0,2.0,0.0,0.000123033658493716,0.2,0.0,0.0,1.0,21.0,LOW
U0280,894,17.0,0.0249461944824887,15.0,0.1176470588235294,17.0,38.0,2.0,0.0,0.000249461944824887,0.2,0.1176470588235294,0.0,1.0,22.77,LOW
U0281,622,5.0,0.0096612134484091,5.0,0.0,5.0,27.0,2.0,0.0,9.6612134484091e-05,0.2,0.0,0.0,1.0,21.0,LOW
U0282,434,9.0,0.0144686779915331,8.0,0.1111111111111111,9.0,29.0,2.0,0.0,0.00014468677991533098,0.2,0.1111111111111111,0.0,1.0,22.67,LOW
U0283,988,12.0,0.0208122561063737,11.0,0.0833333333333333,12.0,38.0,2.0,0.0,0.00020812256106373698,0.2,0.0833333333333333,0.0,1.0,22.26,LOW
U0284,217,15.0,0.0230970589744905,14.0,0.0666666666666666,14.0,27.0,2.0,0.0,0.00023097058974490498,0.2,0.0666666666666666,0.0,1.0,22.01,LOW
U0285,952,19.0,0.0301850822146318,17.0,0.1052631578947368,19.0,29.0,2.0,0.0,0.00030185082214631803,0.2,0.1052631578947368,0.0,1.0,22.59,LOW
U0286,553,8.0,0.0151577351817349,7.0,0.125,8.0,33.0,2.0,0.0,0.000151577351817349,0.2,0.125,0.0,1.0,22.88,LOW
U0287,774,12.0,0.0185734554366051,9.0,0.25,11.0,38.0,2.0,0.0,0.00018573455436605098,0.2,0.25,0.0,1.0,24.76,LOW
U0288,748,7.0,0.0141786510026331,7.0,0.0,7.0,37.0,2.0,0.0,0.000141786510026331,0.2,0.0,0.0,1.0,21.0,LOW
U0289,707,13.0,0.0210890607256799,12.0,0.0769230769230768,13.0,32.0,2.0,0.0,0.00021089060725679903,0.2,0.0769230769230768,0.0,1.0,22.16,LOW
U0290,206,12.0,0.0190672916501151,11.0,0.0833333333333333,12.0,29.0,2.0,0.0,0.000190672916501151,0.2,0.0833333333333333,0.0,1.0,22.26,LOW
U0291,731,15.0,0.0234338384627401,13.0,0.1333333333333333,15.0,37.0,2.0,0.0,0.000234338384627401,0.2,0.1333333333333333,0.0,1.0,23.01,LOW
U0292,320,13.0,0.0209553489871581,13.0,0.0,13.0,32.0,2.0,0.0,0.000209553489871581,0.2,0.0,0.0,1.0,21.01,LOW
U0293,409,13.0,0.0196845425867507,12.0,0.0769230769230768,13.0,37.0,2.0,0.0,0.000196845425867507,0.2,0.0769230769230768,0.0,1.0,22.16,LOW
U0294,688,13.0,0.018821939625009,10.0,0.2307692307692307,13.0,36.0,2.0,0.0,0.00018821939625009,0.2,0.2307692307692307,0.0,1.0,24.47,LOW
U0295,666,14.0,0.0213225028556923,13.0,0.0714285714285714,14.0,32.0,2.0,0.0,0.00021322502855692299,0.2,0.0714285714285714,0.0,1.0,22.08,LOW
U0296,383,12.0,0.0226664567920667,11.0,0.0833333333333333,11.0,37.0,2.0,0.0,0.000226664567920667,0.2,0.0833333333333333,0.0,1.0,22.26,LOW
U0297,449,14.0,0.0230383149118235,12.0,0.1428571428571429,14.0,27.0,2.0,0.0,0.000230383149118235,0.2,0.1428571428571429,0.0,1.0,23.15,LOW
U0298,922,14.0,0.0227383465973688,12.0,0.1428571428571429,14.0,37.0,2.0,0.0,0.000227383465973688,0.2,0.1428571428571429,0.0,1.0,23.15,LOW
U0299,530,8.0,0.0118098612341305,8.0,0.0,8.0,27.0,2.0,0.0,0.00011809861234130499,0.2,0.0,0.0,1.0,21.0,LOW
U0300,463,14.0,0.0219872264684326,13.0,0.0714285714285714,13.0,29.0,2.0,0.0,0.000219872264684326,0.2,0.0714285714285714,0.0,1.0,22.08,LOW
U0301,124,8.0,0.0116439851539189,8.0,0.0,7.0,33.0,2.0,0.0,0.00011643985153918899,0.2,0.0,0.0,1.0,21.0,LOW
U0302,254,13.0,0.0194848992031175,12.0,0.0769230769230768,13.0,28.0,2.0,0.0,0.000194848992031175,0.2,0.0769230769230768,0.0,1.0,22.16,LOW
U0303,231,16.0,0.0231643462104577,14.0,0.125,16.0,34.0,2.0,0.0,0.00023164346210457698,0.2,0.125,0.0,1.0,22.88,LOW
U0304,66,10.0,0.0148111577388299,10.0,0.0,10.0,37.0,2.0,0.0,0.000148111577388299,0.2,0.0,0.0,1.0,21.0,LOW
U0305,347,14.0,0.0208991615455427,14.0,0.0,14.0,37.0,2.0,0.0,0.000208991615455427,0.2,0.0,0.0,1.0,21.01,LOW
U0306,22,9.0,0.0134472196628234,8.0,0.1111111111111111,9.0,27.0,2.0,0.0,0.000134472196628234,0.2,0.1111111111111111,0.26666666666666666,1.0,25.34,LOW
U0307,603,12.0,0.0191392647332464,11.0,0.0833333333333333,12.0,32.0,2.0,0.0,0.000191392647332464,0.2,0.0833333333333333,0.0,1.0,22.26,LOW
U0308,568,21.0,0.0314003040346898,17.0,0.1904761904761904,21.0,28.0,3.0,0.0,0.00031400304034689795,0.4,0.1904761904761904,0.0,1.0,29.87,LOW
U0309,236,15.0,0.0252503997979968,13.0,0.1333333333333333,15.0,32.0,2.0,0.0,0.000252503997979968,0.2,0.1333333333333333,0.0,1.0,23.01,LOW
U0310,603,12.0,0.0180586907449209,12.0,0.0,12.0,28.0,2.0,0.0,0.000180586907449209,0.2,0.0,0.0,1.0,21.01,LOW
U0311,226,11.0,0.0328652524648939,10.0,0.0909090909090909,10.0,27.0,2.0,0.0,0.000328652524648939,0.2,0.0909090909090909,0.0,1.0,22.37,LOW
U0312,8,10.0,0.0150765133050229,10.0,0.0,10.0,38.0,2.0,0.0,0.000150765133050229,0.2,0.0,0.7333333333333333,1.0,28.34,LOW
U0313,73,7.0,0.0132974513218299,7.0,0.0,7.0,29.0,2.0,0.0,0.000132974513218299,0.2,0.0,0.0,1.0,21.0,LOW
U0314,725,9.0,0.0185153437339276,9.0,0.0,9.0,32.0,2.0,0.0,0.00018515343733927598,0.2,0.0,0.0,1.0,21.01,LOW
U0315,647,9.0,0.016462410828608,9.0,0.0,9.0,38.0,2.0,0.0,0.00016462410828608,0.2,0.0,0.0,1.0,21.0,LOW
U0316,61,9.0,0.0140962723190978,8.0,0.1111111111111111,9.0,34.0,2.0,0.0,0.000140962723190978,0.2,0.1111111111111111,0.0,1.0,22.67,LOW
U0317,235,13.0,0.0198266439592282,12.0,0.0769230769230768,13.0,32.0,2.0,0.0,0.00019826643959228198,0.2,0.0769230769230768,0.0,1.0,22.16,LOW
U0318,70,7.0,0.0184842883548983,7.0,0.0,7.0,34.0,2.0,0.0,0.000184842883548983,0.2,0.0,0.0,1.0,21.01,LOW
U0319,928,12.0,0.0175075987841945,12.0,0.0,12.0,31.0,2.0,0.0,0.000175075987841945,0.2,0.0,0.0,1.0,21.01,LOW
U0320,33,19.0,0.0323147570723963,16.0,0.1578947368421053,19.0,32.0,2.0,0.0,0.00032314757072396296,0.2,0.1578947368421053,0.0,1.0,23.38,LOW
U0321,881,14.0,0.0247386246502724,13.0,0.0714285714285714,13.0,33.0,2.0,0.0,0.000247386246502724,0.2,0.0714285714285714,0.0,1.0,22.08,LOW
U0322,339,12.0,0.0192112706120924,11.0,0.0833333333333333,12.0,37.0,2.0,0.0,0.000192112706120924,0.2,0.0833333333333333,0.0,1.0,22.26,LOW
U0323,73,16.0,0.0270849791219952,12.0,0.25,16.0,37.0,2.0,0.0,0.000270849791219952,0.2,0.25,0.0,1.0,24.76,LOW
U0324,527,10.0,0.0151156346047261,10.0,0.0,10.0,28.0,2.0,0.0,0.000151156346047261,0.2,0.0,0.0,1.0,21.0,LOW
U0325,244,12.0,0.0329730719912071,12.0,0.0,11.0,32.0,2.0,0.0,0.000329730719912071,0.2,0.0,0.0,1.0,21.01,LOW
U0326,286,9.0,0.0207063154262049,9.0,0.0,9.0,34.0,2.0,0.0,0.000207063154262049,0.2,0.0,0.0,1.0,21.01,LOW
U0327,686,19.0,0.0278422273781902,16.0,0.1578947368421053,19.0,30.0,3.0,0.0,0.000278422273781902,0.4,0.1578947368421053,0.0,1.0,29.38,LOW
U0328,498,17.0,0.0269734232447441,16.0,0.0588235294117647,17.0,29.0,2.0,0.0,0.000269734232447441,0.2,0.0588235294117647,0.0,1.0,21.89,LOW
U0329,220,5.0,0.0097592713077423,5.0,0.0,5.0,30.0,2.0,0.0,9.7592713077423e-05,0.2,0.0,0.0,1.0,21.0,LOW
U0330,553,16.0,0.0265640997260577,15.0,0.0625,16.0,37.0,2.0,0.0,0.000265640997260577,0.2,0.0625,0.0,1.0,21.95,LOW
U0331,136,11.0,0.0167521193969237,10.0,0.0909090909090909,11.0,27.0,2.0,0.0,0.000167521193969237,0.2,0.0909090909090909,0.0,1.0,22.37,LOW
U0332,741,6.0,0.018796011068762,6.0,0.0,6.0,29.0,2.0,0.0,0.00018796011068762002,0.2,0.0,0.0,1.0,21.01,LOW
U0333,958,7.0,0.012658609361343,7.0,0.0,7.0,37.0,1.0,0.0,0.00012658609361343,0.0,0.0,0.0,1.0,15.0,LOW
U0334,904,14.0,0.0245851259987707,13.0,0.0714285714285714,14.0,36.0,2.0,0.0,0.000245851259987707,0.2,0.0714285714285714,0.0,1.0,22.08,LOW
U0335,585,20.0,0.029399514908004,15.0,0.25,18.0,37.0,2.0,0.0,0.00029399514908004,0.2,0.25,0.0,1.0,24.76,LOW
U0336,591,9.0,0.0140925935591627,8.0,0.1111111111111111,9.0,32.0,2.0,0.0,0.00014092593559162698,0.2,0.1111111111111111,0.0,1.0,22.67,LOW
U0337,485,10.0,0.0168067226890756,9.0,0.0999999999999999,10.0,27.0,1.0,0.0,0.00016806722689075598,0.0,0.0999999999999999,0.0,1.0,16.51,LOW
U0338,249,9.0,0.0188817790831847,9.0,0.0,9.0,30.0,2.0,0.0,0.000188817790831847,0.2,0.0,0.0,1.0,21.01,LOW
U0339,804,18.0,0.0273618606065212,16.0,0.1111111111111111,17.0,36.0,2.0,0.0,0.000273618606065212,0.2,0.1111111111111111,0.0,1.0,22.67,LOW
U0340,485,13.0,0.0238058904318632,12.0,0.0769230769230768,13.0,32.0,2.0,0.0,0.000238058904318632,0.2,0.0769230769230768,0.0,1.0,22.16,LOW
U0341,827,5.0,0.0158094435075885,5.0,0.0,5.0,36.0,2.0,0.0,0.000158094435075885,0.2,0.0,0.0,1.0,21.0,LOW
U0342,417,16.0,0.0318080911831947,14.0,0.125,16.0,37.0,2.0,0.0,0.000318080911831947,0.2,0.125,0.0,1.0,22.88,LOW
U0343,195,9.0,0.0150943396226415,8.0,0.1111111111111111,9.0,31.0,2.0,0.0,0.000150943396226415,0.2,0.1111111111111111,0.0,1.0,22.67,LOW
U0344,97,10.0,0.0191411982390097,7.0,0.3,10.0,28.0,3.0,0.0,0.00019141198239009698,0.4,0.3,0.0,1.0,31.51,LOW
U0345,100,11.0,0.0209404150009518,9.0,0.1818181818181817,11.0,32.0,2.0,0.0,0.00020940415000951802,0.2,0.1818181818181817,0.0,1.0,23.73,LOW
U0346,675,15.0,0.0237229163371817,14.0,0.0666666666666666,14.0,26.0,2.0,0.0,0.00023722916337181699,0.2,0.0666666666666666,0.0,1.0,22.01,LOW
U0347,442,11.0,0.0180352507173111,10.0,0.0909090909090909,11.0,33.0,2.0,0.0,0.000180352507173111,0.2,0.0909090909090909,0.0,1.0,22.37,LOW
U0348,363,8.0,0.0125398401170385,7.0,0.125,8.0,31.0,2.0,0.0,0.000125398401170385,0.2,0.125,0.0,1.0,22.88,LOW
U0349,434,13.0,0.0204998817314515,13.0,0.0,13.0,32.0,2.0,0.0,0.00020499881731451502,0.2,0.0,0.0,1.0,21.01,LOW
U0350,421,13.0,0.0224067105225359,12.0,0.0769230769230768,13.0,31.0,2.0,0.0,0.000224067105225359,0.2,0.0769230769230768,0.0,1.0,22.16,LOW
U0351,479,12.0,0.0171895143962183,12.0,0.0,12.0,28.0,2.0,0.0,0.000171895143962183,0.2,0.0,0.0,1.0,21.01,LOW
U0352,885,12.0,0.0183215430810728,11.0,0.0833333333333333,12.0,31.0,2.0,0.0,0.000183215430810728,0.2,0.0833333333333333,0.0,1.0,22.26,LOW
U0353,747,8.0,0.0118413262285375,8.0,0.0,8.0,30.0,2.0,0.0,0.00011841326228537501,0.2,0.0,0.0,1.0,21.0,LOW
U0354,56,15.0,0.0225909284871608,15.0,0.0,15.0,31.0,2.0,0.0,0.00022590928487160801,0.2,0.0,0.0,1.0,21.01,LOW
U0355,690,11.0,0.019385537214357,11.0,0.0,11.0,33.0,2.0,0.0,0.00019385537214357,0.2,0.0,0.0,1.0,21.01,LOW
U0356,670,12.0,0.0235340262796626,11.0,0.0833333333333333,11.0,38.0,2.0,0.0,0.00023534026279662602,0.2,0.0833333333333333,0.0,1.0,22.26,LOW
U0357,662,12.0,0.0201889913916383,10.0,0.1666666666666666,12.0,34.0,2.0,0.0,0.00020188991391638302,0.2,0.1666666666666666,0.0,1.0,23.51,LOW
U0358,101,9.0,0.0133349796271144,7.0,0.2222222222222222,9.0,36.0,2.0,0.0,0.00013334979627114402,0.2,0.2222222222222222,0.0,1.0,24.34,LOW
U0359,63,9.0,0.02071664236937,8.0,0.1111111111111111,9.0,29.0,2.0,0.0,0.0002071664236937,0.2,0.1111111111111111,0.0,1.0,22.67,LOW
U0360,413,9.0,0.0141568791946308,9.0,0.0,9.0,33.0,2.0,0.0,0.000141568791946308,0.2,0.0,0.0,1.0,21.0,LOW
U0361,746,18.0,0.028388928317956,16.0,0.1111111111111111,18.0,36.0,2.0,0.0,0.00028388928317956,0.2,0.1111111111111111,0.0,1.0,22.68,LOW
U0362,348,11.0,0.0199763915372741,11.0,0.0,11.0,32.0,2.0,0.0,0.000199763915372741,0.2,0.0,0.0,1.0,21.01,LOW
U0363,820,8.0,0.0142467054493648,8.0,0.0,8.0,31.0,2.0,0.0,0.000142467054493648,0.2,0.0,0.0,1.0,21.0,LOW
U0364,883,8.0,0.016140421668516,8.0,0.0,8.0,28.0,2.0,0.0,0.00016140421668516002,0.2,0.0,0.0,1.0,21.0,LOW
U0365,112,14.0,0.0217368802401407,14.0,0.0,14.0,32.0,2.0,0.0,0.000217368802401407,0.2,0.0,0.0,1.0,21.01,LOW
U0366,255,10.0,0.0186092674151727,10.0,0.0,10.0,31.0,2.0,0.0,0.00018609267415172702,0.2,0.0,0.0,1.0,21.01,LOW
U0367,197,11.0,0.0198819134835522,10.0,0.0909090909090909,11.0,33.0,2.0,0.0,0.000198819134835522,0.2,0.0909090909090909,0.0,1.0,22.37,LOW
U0368,195,11.0,0.0262091970455086,11.0,0.0,10.0,37.0,2.0,0.0,0.000262091970455086,0.2,0.0,0.0,1.0,21.01,LOW
U0369,550,13.0,0.020282393322412,11.0,0.1538461538461538,13.0,36.0,2.0,0.0,0.00020282393322412,0.2,0.1538461538461538,0.0,1.0,23.31,LOW
U0370,460,9.0,0.0187604224569205,8.0,0.1111111111111111,9.0,31.0,2.0,0.0,0.000187604224569205,0.2,0.1111111111111111,0.0,1.0,22.67,LOW
U0371,144,10.0,0.0200628636394034,10.0,0.0,10.0,27.0,2.0,0.0,0.000200628636394034,0.2,0.0,0.0,1.0,21.01,LOW
U0372,433,12.0,0.0198106977767994,12.0,0.0,12.0,29.0,2.0,0.0,0.00019810697776799402,0.2,0.0,0.0,1.0,21.01,LOW
U0373,188,12.0,0.0212602610287604,9.0,0.25,12.0,33.0,2.0,0.0,0.000212602610287604,0.2,0.25,0.0,1.0,24.76,LOW
U0374,286,13.0,0.0191392255974873,12.0,0.0769230769230768,13.0,37.0,2.0,0.0,0.000191392255974873,0.2,0.0769230769230768,0.0,1.0,22.16,LOW
U0375,474,12.0,0.0186654223051796,10.0,0.1666666666666666,12.0,31.0,2.0,0.0,0.00018665422305179602,0.2,0.1666666666666666,0.0,1.0,23.51,LOW
U0376,256,9.0,0.0127397551135961,7.0,0.2222222222222222,9.0,34.0,2.0,0.0,0.000127397551135961,0.2,0.2222222222222222,0.0,1.0,24.34,LOW
U0377,896,11.0,0.0181144503911074,10.0,0.0909090909090909,11.0,34.0,3.0,0.0,0.000181144503911074,0.4,0.0909090909090909,0.0,1.0,28.37,LOW
U0378,946,9.0,0.0181494303095486,9.0,0.0,9.0,36.0,3.0,0.0,0.000181494303095486,0.4,0.0,0.0,1.0,27.01,LOW
U0379,78,12.0,0.0176978098960253,11.0,0.0833333333333333,12.0,36.0,2.0,0.0,0.00017697809896025302,0.2,0.0833333333333333,0.0,1.0,22.26,LOW
U0380,454,13.0,0.0206792332776584,11.0,0.1538461538461538,13.0,34.0,2.0,0.0,0.000206792332776584,0.2,0.1538461538461538,0.0,1.0,23.31,LOW
U0381,828,14.0,0.0264717004916172,12.0,0.1428571428571429,14.0,37.0,2.0,0.0,0.000264717004916172,0.2,0.1428571428571429,0.0,1.0,23.15,LOW
U0382,883,10.0,0.0174799708667152,9.0,0.0999999999999999,10.0,33.0,2.0,0.0,0.000174799708667152,0.2,0.0999999999999999,0.0,1.0,22.51,LOW
U0383,877,11.0,0.0181693048864418,11.0,0.0,11.0,33.0,2.0,0.0,0.000181693048864418,0.2,0.0,0.0,1.0,21.01,LOW
U0384,564,13.0,0.0207485436118426,12.0,0.0769230769230768,12.0,32.0,2.0,0.0,0.000207485436118426,0.2,0.0769230769230768,0.0,1.0,22.16,LOW
U0385,101,8.0,0.0121001285638659,8.0,0.0,8.0,33.0,2.0,0.0,0.000121001285638659,0.2,0.0,0.0,1.0,21.0,LOW
U0386,52,15.0,0.0238847164353387,14.0,0.0666666666666666,15.0,31.0,3.0,0.0,0.000238847164353387,0.4,0.0666666666666666,0.0,1.0,28.01,LOW
U0387,668,11.0,0.0157326404614907,10.0,0.0909090909090909,11.0,37.0,2.0,0.0,0.00015732640461490699,0.2,0.0909090909090909,0.0,1.0,22.37,LOW
U0388,554,11.0,0.0154853241359893,11.0,0.0,11.0,32.0,2.0,0.0,0.000154853241359893,0.2,0.0,0.0,1.0,21.0,LOW
U0389,857,12.0,0.027002700270027,12.0,0.0,12.0,34.0,2.0,0.0,0.00027002700270026996,0.2,0.0,0.0,1.0,21.01,LOW
U0390,16,10.0,0.014653803883258,10.0,0.0,10.0,31.0,2.0,0.0,0.00014653803883257999,0.2,0.0,0.4666666666666667,1.0,25.67,LOW
U0391,993,12.0,0.0186022477716057,12.0,0.0,12.0,37.0,2.0,0.0,0.000186022477716057,0.2,0.0,0.0,1.0,21.01,LOW
U0392,96,9.0,0.0188442211055276,8.0,0.1111111111111111,9.0,37.0,2.0,0.0,0.000188442211055276,0.2,0.1111111111111111,0.0,1.0,22.67,LOW
U0393,949,6.0,0.0119232934786208,5.0,0.1666666666666666,6.0,30.0,2.0,0.0,0.00011923293478620801,0.2,0.1666666666666666,0.0,1.0,23.5,LOW
U0394,772,11.0,0.0224070616194194,10.0,0.0909090909090909,11.0,37.0,2.0,0.0,0.000224070616194194,0.2,0.0909090909090909,0.0,1.0,22.37,LOW
U0395,870,10.0,0.0172121977107777,9.0,0.0999999999999999,10.0,29.0,2.0,0.0,0.000172121977107777,0.2,0.0999999999999999,0.0,1.0,22.51,LOW
U0396,243,7.0,0.0155308212846207,7.0,0.0,7.0,36.0,2.0,0.0,0.000155308212846207,0.2,0.0,0.0,1.0,21.0,LOW
U0397,171,12.0,0.020730162386272,11.0,0.0833333333333333,11.0,31.0,2.0,0.0,0.00020730162386272001,0.2,0.0833333333333333,0.0,1.0,22.26,LOW
U0398,417,14.0,0.0205801646413171,14.0,0.0,14.0,31.0,2.0,0.0,0.00020580164641317101,0.2,0.0,0.0,1.0,21.01,LOW
U0399,498,11.0,0.0159162707695275,10.0,0.0909090909090909,11.0,32.0,2.0,0.0,0.000159162707695275,0.2,0.0909090909090909,0.0,1.0,22.37,LOW
U0400,493,8.0,0.0227132920077603,8.0,0.0,7.0,25.0,2.0,0.0,0.00022713292007760298,0.2,0.0,0.0,1.0,21.01,LOW
U0401,219,9.0,0.0179163901791639,7.0,0.2222222222222222,9.0,37.0,2.0,0.0,0.000179163901791639,0.2,0.2222222222222222,0.0,1.0,24.34,LOW
U0402,886,15.0,0.0220707244102211,13.0,0.1333333333333333,15.0,31.0,2.0,0.0,0.000220707244102211,0.2,0.1333333333333333,0.0,1.0,23.01,LOW
U0403,411,9.0,0.0134492291599212,9.0,0.0,9.0,37.0,2.0,0.0,0.000134492291599212,0.2,0.0,0.0,1.0,21.0,LOW
U0404,925,11.0,0.0203659703150553,11.0,0.0,11.0,28.0,2.0,0.0,0.000203659703150553,0.2,0.0,0.0,1.0,21.01,LOW
U0405,61,16.0,0.0250404298607126,14.0,0.125,16.0,38.0,3.0,0.0,0.00025040429860712603,0.4,0.125,0.0,1.0,28.88,LOW
U0406,169,12.0,0.0198840099420049,11.0,0.0833333333333333,12.0,32.0,2.0,0.0,0.00019884009942004898,0.2,0.0833333333333333,0.0,1.0,22.26,LOW
U0407,389,12.0,0.0190647672509664,10.0,0.1666666666666666,12.0,31.0,2.0,0.0,0.000190647672509664,0.2,0.1666666666666666,0.0,1.0,23.51,LOW
U0408,3,9.0,0.0182321561212776,9.0,0.0,9.0,28.0,3.0,0.0,0.00018232156121277598,0.4,0.0,0.9,1.0,36.01,LOW
U0409,400,5.0,0.0097181729834791,5.0,0.0,5.0,26.0,2.0,0.0,9.718172983479101e-05,0.2,0.0,0.0,1.0,21.0,LOW
U0410,272,10.0,0.014537348872144,10.0,0.0,10.0,32.0,2.0,0.0,0.00014537348872144,0.2,0.0,0.0,1.0,21.0,LOW
U0411,949,11.0,0.0170555857043181,11.0,0.0,11.0,30.0,2.0,0.0,0.000170555857043181,0.2,0.0,0.0,1.0,21.01,LOW
U0412,803,17.0,0.0276918064831405,15.0,0.1176470588235294,16.0,38.0,2.0,0.0,0.00027691806483140497,0.2,0.1176470588235294,0.0,1.0,22.77,LOW
U0413,804,11.0,0.0182129256581489,11.0,0.0,11.0,28.0,2.0,0.0,0.00018212925658148902,0.2,0.0,0.0,1.0,21.01,LOW
U0414,466,17.0,0.0246133056634733,16.0,0.0588235294117647,17.0,33.0,2.0,0.0,0.000246133056634733,0.2,0.0588235294117647,0.0,1.0,21.89,LOW
U0415,293,16.0,0.0273060841368717,14.0,0.125,16.0,32.0,2.0,0.0,0.000273060841368717,0.2,0.125,0.0,1.0,22.88,LOW
U0416,434,11.0,0.018704832081621,11.0,0.0,11.0,37.0,2.0,0.0,0.00018704832081620998,0.2,0.0,0.0,1.0,21.01,LOW
U0417,714,15.0,0.0212054097356392,12.0,0.1999999999999999,15.0,38.0,2.0,0.0,0.000212054097356392,0.2,0.1999999999999999,0.0,1.0,24.01,LOW
U0418,981,13.0,0.0224563827949559,9.0,0.3076923076923077,13.0,36.0,2.0,0.0,0.000224563827949559,0.2,0.3076923076923077,0.0,1.0,25.62,LOW
U0419,749,14.0,0.0210938677113153,12.0,0.1428571428571429,14.0,38.0,2.0,0.0,0.00021093867711315301,0.2,0.1428571428571429,0.0,1.0,23.15,LOW
U0420,803,11.0,0.0187697295452606,9.0,0.1818181818181817,10.0,25.0,2.0,0.0,0.000187697295452606,0.2,0.1818181818181817,0.0,1.0,23.73,LOW
U0421,570,6.0,0.0096753386368522,6.0,0.0,6.0,27.0,2.0,0.0,9.6753386368522e-05,0.2,0.0,0.0,1.0,21.0,LOW
U0422,678,10.0,0.0199554328665979,10.0,0.0,10.0,31.0,2.0,0.0,0.000199554328665979,0.2,0.0,0.0,1.0,21.01,LOW
U0423,736,6.0,0.0124464112847462,6.0,0.0,6.0,26.0,2.0,0.0,0.000124464112847462,0.2,0.0,0.0,1.0,21.0,LOW
U0424,499,11.0,0.0181793141440572,11.0,0.0,10.0,23.0,2.0,0.0,0.00018179314144057198,0.2,0.0,0.0,1.0,21.01,LOW
U0425,159,15.0,0.0233154581487526,13.0,0.1333333333333333,14.0,33.0,2.0,0.0,0.000233154581487526,0.2,0.1333333333333333,0.0,1.0,23.01,LOW
U0426,195,8.0,0.0148390886326398,8.0,0.0,8.0,32.0,1.0,0.0,0.000148390886326398,0.0,0.0,0.0,1.0,15.0,LOW
U0427,304,16.0,0.0297526808405132,15.0,0.0625,16.0,37.0,2.0,0.0,0.000297526808405132,0.2,0.0625,0.0,1.0,21.95,LOW
U0428,223,16.0,0.0224829621302606,14.0,0.125,16.0,31.0,2.0,0.0,0.000224829621302606,0.2,0.125,0.0,1.0,22.88,LOW
U0429,992,16.0,0.0313479623824451,14.0,0.125,15.0,38.0,2.0,0.0,0.00031347962382445105,0.2,0.125,0.0,1.0,22.88,LOW
U0430,60,14.0,0.0211055276381909,10.0,0.2857142857142857,14.0,29.0,2.0,0.0,0.00021105527638190898,0.2,0.2857142857142857,0.0,1.0,25.29,LOW
U0431,594,4.0,0.0071605453948742,4.0,0.0,4.0,29.0,2.0,0.0,7.1605453948742e-05,0.2,0.0,0.0,1.0,21.0,LOW
U0432,754,10.0,0.0156079288278445,9.0,0.0999999999999999,10.0,24.0,2.0,0.0,0.000156079288278445,0.2,0.0999999999999999,0.0,1.0,22.5,LOW
U0433,556,12.0,0.0177348637863934,11.0,0.0833333333333333,12.0,32.0,2.0,0.0,0.00017734863786393398,0.2,0.0833333333333333,0.0,1.0,22.26,LOW
U0434,63,6.0,0.0100362419849456,5.0,0.1666666666666666,6.0,37.0,2.0,0.0,0.00010036241984945601,0.2,0.1666666666666666,0.0,1.0,23.5,LOW
U0435,766,8.0,0.0133366675002083,7.0,0.125,8.0,29.0,2.0,0.0,0.000133366675002083,0.2,0.125,0.0,1.0,22.88,LOW
U0436,322,16.0,0.023291360361016,14.0,0.125,15.0,37.0,2.0,0.0,0.00023291360361016,0.2,0.125,0.0,1.0,22.88,LOW
U0437,59,8.0,0.0162789120260462,8.0,0.0,8.0,31.0,2.0,0.0,0.000162789120260462,0.2,0.0,0.0,1.0,21.0,LOW
U0438,52,14.0,0.0226531107575308,11.0,0.2142857142857143,14.0,33.0,2.0,0.0,0.00022653110757530799,0.2,0.2142857142857143,0.0,1.0,24.22,LOW
U0439,599,14.0,0.0207751094403086,13.0,0.0714285714285714,14.0,37.0,2.0,0.0,0.00020775109440308599,0.2,0.0714285714285714,0.0,1.0,22.08,LOW
U0440,489,9.0,0.0257216347527865,9.0,0.0,9.0,36.0,2.0,0.0,0.000257216347527865,0.2,0.0,0.0,1.0,21.01,LOW
U0441,515,10.0,0.0157986202538311,9.0,0.0999999999999999,10.0,25.0,3.0,0.0,0.000157986202538311,0.4,0.0999999999999999,0.0,1.0,28.5,LOW
U0442,942,13.0,0.020072053525476,12.0,0.0769230769230768,13.0,37.0,2.0,0.0,0.00020072053525476,0.2,0.0769230769230768,0.0,1.0,22.16,LOW
U0443,874,6.0,0.0327302482043822,5.0,0.1666666666666666,6.0,31.0,2.0,0.0,0.00032730248204382203,0.2,0.1666666666666666,0.0,1.0,23.51,LOW
U0444,544,10.0,0.019588638589618,10.0,0.0,10.0,32.0,2.0,0.0,0.00019588638589618,0.2,0.0,0.0,1.0,21.01,LOW
U0445,162,12.0,0.0183010523105078,12.0,0.0,12.0,26.0,2.0,0.0,0.00018301052310507802,0.2,0.0,0.0,1.0,21.01,LOW
U0446,59,7.0,0.0157079811504226,7.0,0.0,7.0,36.0,2.0,0.0,0.000157079811504226,0.2,0.0,0.0,1.0,21.0,LOW
U0447,984,17.0,0.0264433671220802,16.0,0.0588235294117647,16.0,34.0,2.0,0.0,0.000264433671220802,0.2,0.0588235294117647,0.0,1.0,21.89,LOW
U0448,521,17.0,0.0268463441596041,14.0,0.1764705882352941,17.0,34.0,2.0,0.0,0.00026846344159604096,0.2,0.1764705882352941,0.0,1.0,23.66,LOW
U0449,83,10.0,0.0222205762536108,10.0,0.0,10.0,29.0,2.0,0.0,0.00022220576253610802,0.2,0.0,0.0,1.0,21.01,LOW
U0450,872,10.0,0.0169592130925125,9.0,0.0999999999999999,10.0,36.0,2.0,0.0,0.00016959213092512497,0.2,0.0999999999999999,0.0,1.0,22.51,LOW
U0451,191,11.0,0.0172892544663907,9.0,0.1818181818181817,11.0,30.0,2.0,0.0,0.000172892544663907,0.2,0.1818181818181817,0.0,1.0,23.73,LOW
U0452,71,10.0,0.0169721656483367,9.0,0.0999999999999999,10.0,31.0,2.0,0.0,0.000169721656483367,0.2,0.0999999999999999,0.0,1.0,22.51,LOW
U0453,610,16.0,0.0262553331145388,13.0,0.1875,16.0,29.0,2.0,0.0,0.000262553331145388,0.2,0.1875,0.0,1.0,23.82,LOW
U0454,70,12.0,0.020066889632107,12.0,0.0,12.0,31.0,2.0,0.0,0.00020066889632107,0.2,0.0,0.0,1.0,21.01,LOW
U0455,692,13.0,0.0258757961783439,13.0,0.0,13.0,37.0,2.0,0.0,0.000258757961783439,0.2,0.0,0.0,1.0,21.01,LOW
U0456,883,22.0,0.0348652931854199,18.0,0.1818181818181817,21.0,37.0,3.0,0.0,0.000348652931854199,0.4,0.1818181818181817,0.0,1.0,29.74,LOW
U0457,241,11.0,0.0164109704851182,11.0,0.0,11.0,29.0,2.0,0.0,0.000164109704851182,0.2,0.0,0.0,1.0,21.0,LOW
U0458,414,14.0,0.0238996215893248,12.0,0.1428571428571429,14.0,31.0,2.0,0.0,0.000238996215893248,0.2,0.1428571428571429,0.0,1.0,23.15,LOW
U0459,123,11.0,0.019477070176474,9.0,0.1818181818181817,11.0,30.0,2.0,0.0,0.00019477070176474002,0.2,0.1818181818181817,0.0,1.0,23.73,LOW
U0460,965,9.0,0.0186702624209106,9.0,0.0,9.0,37.0,2.0,0.0,0.00018670262420910602,0.2,0.0,0.0,1.0,21.01,LOW
U0461,912,13.0,0.0201936519442862,11.0,0.1538461538461538,13.0,36.0,2.0,0.0,0.00020193651944286201,0.2,0.1538461538461538,0.0,1.0,23.31,LOW
U0462,584,11.0,0.0206424170393769,10.0,0.0909090909090909,10.0,38.0,2.0,0.0,0.000206424170393769,0.2,0.0909090909090909,0.0,1.0,22.37,LOW
U0463,253,8.0,0.0152279432759112,8.0,0.0,8.0,28.0,2.0,0.0,0.000152279432759112,0.2,0.0,0.0,1.0,21.0,LOW
U0464,593,10.0,0.0163283078430305,9.0,0.0999999999999999,10.0,29.0,2.0,0.0,0.000163283078430305,0.2,0.0999999999999999,0.0,1.0,22.5,LOW
U0465,609,15.0,0.03451184906818,14.0,0.0666666666666666,15.0,29.0,2.0,0.0,0.0003451184906818,0.2,0.0666666666666666,0.0,1.0,22.01,LOW
U0466,41,7.0,0.013625304136253,7.0,0.0,7.0,31.0,1.0,0.0,0.00013625304136253,0.0,0.0,0.0,1.0,15.0,LOW
U0467,635,13.0,0.018456296436515,13.0,0.0,13.0,32.0,2.0,0.0,0.00018456296436514998,0.2,0.0,0.0,1.0,21.01,LOW
U0468,84,12.0,0.0211808313476303,11.0,0.0833333333333333,12.0,31.0,2.0,0.0,0.000211808313476303,0.2,0.0833333333333333,0.0,1.0,22.26,LOW
U0469,430,14.0,0.0222622707516166,13.0,0.0714285714285714,13.0,34.0,2.0,0.0,0.000222622707516166,0.2,0.0714285714285714,0.0,1.0,22.08,LOW
U0470,674,8.0,0.0189708323452691,7.0,0.125,8.0,28.0,2.0,0.0,0.000189708323452691,0.2,0.125,0.0,1.0,22.88,LOW
U0471,598,8.0,0.0134612148746424,7.0,0.125,8.0,31.0,2.0,0.0,0.000134612148746424,0.2,0.125,0.0,1.0,22.88,LOW
U0472,579,5.0,0.0094571590694155,5.0,0.0,5.0,37.0,2.0,0.0,9.4571590694155e-05,0.2,0.0,0.0,1.0,21.0,LOW
U0473,536,9.0,0.0163606616978731,8.0,0.1111111111111111,9.0,38.0,2.0,0.0,0.00016360661697873102,0.2,0.1111111111111111,0.0,1.0,22.67,LOW
U0474,324,13.0,0.0188990114363248,13.0,0.0,13.0,31.0,2.0,0.0,0.000188990114363248,0.2,0.0,0.0,1.0,21.01,LOW
U0475,958,9.0,0.0173694876001157,9.0,0.0,9.0,27.0,2.0,0.0,0.00017369487600115698,0.2,0.0,0.0,1.0,21.01,LOW
U0476,268,10.0,0.0194666147556939,9.0,0.0999999999999999,10.0,33.0,2.0,0.0,0.000194666147556939,0.2,0.0999999999999999,0.0,1.0,22.51,LOW
U0477,210,8.0,0.0150725365823023,8.0,0.0,8.0,31.0,2.0,0.0,0.000150725365823023,0.2,0.0,0.0,1.0,21.0,LOW
U0478,686,13.0,0.0211067514544716,12.0,0.0769230769230768,12.0,27.0,2.0,0.0,0.000211067514544716,0.2,0.0769230769230768,0.0,1.0,22.16,LOW
U0479,734,10.0,0.0169702455028849,10.0,0.0,10.0,31.0,2.0,0.0,0.000169702455028849,0.2,0.0,0.0,1.0,21.01,LOW
U0480,322,15.0,0.0218181818181818,14.0,0.0666666666666666,15.0,32.0,2.0,0.0,0.000218181818181818,0.2,0.0666666666666666,0.0,1.0,22.01,LOW
U0481,245,10.0,0.0158654608916389,9.0,0.0999999999999999,10.0,38.0,2.0,0.0,0.000158654608916389,0.2,0.0999999999999999,0.0,1.0,22.5,LOW
U0482,272,20.0,0.0308888259672063,17.0,0.15,20.0,32.0,2.0,0.0,0.000308888259672063,0.2,0.15,0.0,1.0,23.26,LOW
U0483,406,8.0,0.0161921468087977,8.0,0.0,8.0,30.0,2.0,0.0,0.000161921468087977,0.2,0.0,0.0,1.0,21.0,LOW
U0484,135,12.0,0.0189948555599525,11.0,0.0833333333333333,11.0,32.0,2.0,0.0,0.000189948555599525,0.2,0.0833333333333333,0.0,1.0,22.26,LOW
U0485,688,6.0,0.0098700444151998,6.0,0.0,6.0,28.0,2.0,0.0,9.870044415199799e-05,0.2,0.0,0.0,1.0,21.0,LOW
U0486,661,13.0,0.0199682555936716,12.0,0.0769230769230768,12.0,31.0,2.0,0.0,0.00019968255593671598,0.2,0.0769230769230768,0.0,1.0,22.16,LOW
U0487,308,7.0,0.0108878807517822,7.0,0.0,7.0,31.0,2.0,0.0,0.000108878807517822,0.2,0.0,0.0,1.0,21.0,LOW
U0488,469,13.0,0.0307570977917981,12.0,0.0769230769230768,13.0,36.0,2.0,0.0,0.000307570977917981,0.2,0.0769230769230768,0.0,1.0,22.16,LOW
U0489,324,13.0,0.0194223107569721,13.0,0.0,13.0,34.0,2.0,0.0,0.00019422310756972102,0.2,0.0,0.0,1.0,21.01,LOW
U0490,952,14.0,0.0205751236956841,13.0,0.0714285714285714,13.0,32.0,2.0,0.0,0.000205751236956841,0.2,0.0714285714285714,0.0,1.0,22.08,LOW
U0491,770,13.0,0.0236020334059549,11.0,0.1538461538461538,12.0,32.0,2.0,0.0,0.000236020334059549,0.2,0.1538461538461538,0.0,1.0,23.31,LOW
U0492,959,12.0,0.0208375539027002,10.0,0.1666666666666666,10.0,27.0,2.0,0.0,0.000208375539027002,0.2,0.1666666666666666,0.0,1.0,23.51,LOW
U0493,75,15.0,0.0246879714716774,15.0,0.0,14.0,31.0,2.0,0.0,0.000246879714716774,0.2,0.0,0.0,1.0,21.01,LOW
U0494,10,15.0,0.0227129337539432,13.0,0.1333333333333333,15.0,31.0,2.0,0.0,0.00022712933753943202,0.2,0.1333333333333333,0.6666666666666666,1.0,29.67,LOW
U0495,470,11.0,0.0180253994264645,10.0,0.0909090909090909,11.0,28.0,2.0,0.0,0.000180253994264645,0.2,0.0909090909090909,0.0,1.0,22.37,LOW
U0496,637,18.0,0.0255669712608304,16.0,0.1111111111111111,17.0,36.0,2.0,0.0,0.000255669712608304,0.2,0.1111111111111111,0.0,1.0,22.67,LOW
U0497,577,5.0,0.0103630522643269,5.0,0.0,5.0,28.0,2.0,0.0,0.000103630522643269,0.2,0.0,0.0,1.0,21.0,LOW
U0498,103,12.0,0.0169332079021636,11.0,0.0833333333333333,12.0,32.0,2.0,0.0,0.000169332079021636,0.2,0.0833333333333333,0.0,1.0,22.26,LOW
U0499,76,12.0,0.023577182526688,11.0,0.0833333333333333,12.0,37.0,2.0,0.0,0.00023577182526688,0.2,0.0833333333333333,0.0,1.0,22.26,LOW
U0500,551,17.0,0.0245652906892731,12.0,0.2941176470588235,17.0,37.0,2.0,0.0,0.000245652906892731,0.2,0.2941176470588235,0.0,1.0,25.42,LOW
U0501,219,8.0,0.0216616273297531,8.0,0.0,8.0,31.0,2.0,0.0,0.000216616273297531,0.2,0.0,0.0,1.0,21.01,LOW
U0502,519,14.0,0.0301399354144241,13.0,0.0714285714285714,13.0,32.0,2.0,0.0,0.000301399354144241,0.2,0.0714285714285714,0.0,1.0,22.08,LOW
U0503,272,11.0,0.0201262464550361,10.0,0.0909090909090909,11.0,29.0,2.0,0.0,0.000201262464550361,0.2,0.0909090909090909,0.0,1.0,22.37,LOW
U0504,136,12.0,0.022656471254602,12.0,0.0,12.0,31.0,2.0,0.0,0.00022656471254602,0.2,0.0,0.0,1.0,21.01,LOW
U0505,956,7.0,0.0132063012923309,7.0,0.0,7.0,32.0,3.0,0.0,0.000132063012923309,0.4,0.0,0.0,1.0,27.0,LOW
U0506,358,8.0,0.011731925502273,8.0,0.0,8.0,28.0,2.0,0.0,0.00011731925502273,0.2,0.0,0.0,1.0,21.0,LOW
U0507,903,11.0,0.018508132361189,10.0,0.0909090909090909,11.0,30.0,3.0,0.0,0.00018508132361189,0.4,0.0909090909090909,0.0,1.0,28.37,LOW
U0508,71,11.0,0.0183226451236778,9.0,0.1818181818181817,11.0,36.0,2.0,0.0,0.000183226451236778,0.2,0.1818181818181817,0.0,1.0,23.73,LOW
U0509,901,10.0,0.0184774575018477,10.0,0.0,10.0,38.0,2.0,0.0,0.00018477457501847702,0.2,0.0,0.0,1.0,21.01,LOW
U0510,251,12.0,0.0205174968653824,12.0,0.0,12.0,29.0,2.0,0.0,0.000205174968653824,0.2,0.0,0.0,1.0,21.01,LOW
U0511,379,14.0,0.0231035810550635,13.0,0.0714285714285714,14.0,24.0,2.0,0.0,0.000231035810550635,0.2,0.0714285714285714,0.0,1.0,22.08,LOW
U0512,292,10.0,0.0163889647637257,10.0,0.0,10.0,38.0,2.0,0.0,0.000163889647637257,0.2,0.0,0.0,1.0,21.0,LOW
U0513,162,18.0,0.0281748930397579,15.0,0.1666666666666666,18.0,33.0,2.0,0.0,0.00028174893039757903,0.2,0.1666666666666666,0.0,1.0,23.51,LOW
U0514,449,7.0,0.0122110771914522,7.0,0.0,7.0,28.0,2.0,0.0,0.000122110771914522,0.2,0.0,0.0,1.0,21.0,LOW
U0515,854,7.0,0.0104973756560859,7.0,0.0,7.0,36.0,2.0,0.0,0.000104973756560859,0.2,0.0,0.0,1.0,21.0,LOW
U0516,557,14.0,0.025643373935342,13.0,0.0714285714285714,14.0,37.0,2.0,0.0,0.00025643373935342,0.2,0.0714285714285714,0.0,1.0,22.08,LOW
U0517,721,11.0,0.016442861057824,9.0,0.1818181818181817,11.0,36.0,2.0,0.0,0.00016442861057823998,0.2,0.1818181818181817,0.0,1.0,23.73,LOW
U0518,310,10.0,0.0145299559258003,10.0,0.0,10.0,36.0,2.0,0.0,0.000145299559258003,0.2,0.0,0.0,1.0,21.0,LOW
U0519,627,11.0,0.0274725274725274,11.0,0.0,11.0,31.0,2.0,0.0,0.00027472527472527397,0.2,0.0,0.0,1.0,21.01,LOW
U0520,827,16.0,0.0242785968994208,14.0,0.125,16.0,33.0,2.0,0.0,0.000242785968994208,0.2,0.125,0.0,1.0,22.88,LOW
U0521,670,15.0,0.0288535521928699,14.0,0.0666666666666666,15.0,32.0,2.0,0.0,0.000288535521928699,0.2,0.0666666666666666,0.0,1.0,22.01,LOW
U0522,542,16.0,0.0273808505176692,15.0,0.0625,16.0,31.0,2.0,0.0,0.000273808505176692,0.2,0.0625,0.0,1.0,21.95,LOW
U0523,9,13.0,0.0221377078957824,12.0,0.0769230769230768,13.0,31.0,2.0,0.0,0.00022137707895782398,0.2,0.0769230769230768,0.7,1.0,29.16,LOW
U0524,684,7.0,0.0156058410433619,6.0,0.1428571428571429,6.0,29.0,2.0,0.0,0.000156058410433619,0.2,0.1428571428571429,0.0,1.0,23.15,LOW
U0525,837,6.0,0.0104602510460251,5.0,0.1666666666666666,6.0,29.0,2.0,0.0,0.00010460251046025101,0.2,0.1666666666666666,0.0,1.0,23.5,LOW
U0526,568,8.0,0.0167931987545044,7.0,0.125,8.0,31.0,2.0,0.0,0.000167931987545044,0.2,0.125,0.0,1.0,22.88,LOW
U0527,307,13.0,0.0235820534526544,12.0,0.0769230769230768,13.0,28.0,2.0,0.0,0.000235820534526544,0.2,0.0769230769230768,0.0,1.0,22.16,LOW
U0528,955,9.0,0.0265695729187167,8.0,0.1111111111111111,9.0,37.0,2.0,0.0,0.000265695729187167,0.2,0.1111111111111111,0.0,1.0,22.67,LOW
U0529,680,9.0,0.0183336728457934,8.0,0.1111111111111111,9.0,31.0,3.0,0.0,0.00018333672845793398,0.4,0.1111111111111111,0.0,1.0,28.67,LOW
U0530,107,10.0,0.0183368478958467,10.0,0.0,10.0,27.0,2.0,0.0,0.000183368478958467,0.2,0.0,0.0,1.0,21.01,LOW
U0531,962,11.0,0.0217305412880284,11.0,0.0,11.0,36.0,2.0,0.0,0.000217305412880284,0.2,0.0,0.0,1.0,21.01,LOW
U0532,900,7.0,0.0139618376437736,6.0,0.1428571428571429,7.0,32.0,2.0,0.0,0.000139618376437736,0.2,0.1428571428571429,0.0,1.0,23.15,LOW
U0533,138,14.0,0.0195973216993677,14.0,0.0,14.0,30.0,2.0,0.0,0.000195973216993677,0.2,0.0,0.0,1.0,21.01,LOW
U0534,271,9.0,0.0151988516423203,9.0,0.0,9.0,30.0,2.0,0.0,0.000151988516423203,0.2,0.0,0.0,1.0,21.0,LOW
U0535,119,8.0,0.0141936246969069,7.0,0.125,7.0,32.0,2.0,0.0,0.000141936246969069,0.2,0.125,0.0,1.0,22.88,LOW
U0536,912,6.0,0.0096025606828487,4.0,0.3333333333333333,6.0,32.0,2.0,0.0,9.602560682848701e-05,0.2,0.3333333333333333,0.0,1.0,26.0,LOW
U0537,110,18.0,0.0295736465949231,15.0,0.1666666666666666,18.0,37.0,2.0,0.0,0.00029573646594923097,0.2,0.1666666666666666,0.0,1.0,23.51,LOW
U0538,761,6.0,0.0229797012638835,6.0,0.0,6.0,31.0,2.0,0.0,0.000229797012638835,0.2,0.0,0.0,1.0,21.01,LOW
U0539,567,14.0,0.0221717784933748,12.0,0.1428571428571429,14.0,37.0,2.0,0.0,0.00022171778493374798,0.2,0.1428571428571429,0.0,1.0,23.15,LOW
U0540,160,12.0,0.0204319078293935,12.0,0.0,12.0,31.0,2.0,0.0,0.000204319078293935,0.2,0.0,0.0,1.0,21.01,LOW
U0541,279,11.0,0.0174603174603174,11.0,0.0,11.0,29.0,2.0,0.0,0.000174603174603174,0.2,0.0,0.0,1.0,21.01,LOW
U0542,289,12.0,0.0252844500632111,11.0,0.0833333333333333,12.0,28.0,2.0,0.0,0.00025284450063211097,0.2,0.0833333333333333,0.0,1.0,22.26,LOW
U0543,620,10.0,0.0161925837966211,10.0,0.0,10.0,38.0,2.0,0.0,0.00016192583796621098,0.2,0.0,0.0,1.0,21.0,LOW
U0544,216,12.0,0.0172010129485403,9.0,0.25,12.0,36.0,2.0,0.0,0.000172010129485403,0.2,0.25,0.0,1.0,24.76,LOW
U0545,735,14.0,0.0241462573301138,13.0,0.0714285714285714,14.0,30.0,2.0,0.0,0.00024146257330113802,0.2,0.0714285714285714,0.0,1.0,22.08,LOW
U0546,352,9.0,0.0197903686872388,9.0,0.0,9.0,26.0,2.0,0.0,0.000197903686872388,0.2,0.0,0.0,1.0,21.01,LOW
U0547,209,8.0,0.0132813148501701,7.0,0.125,8.0,36.0,2.0,0.0,0.000132813148501701,0.2,0.125,0.0,1.0,22.88,LOW
U0548,704,17.0,0.0277347255077901,16.0,0.0588235294117647,17.0,33.0,2.0,0.0,0.000277347255077901,0.2,0.0588235294117647,0.0,1.0,21.89,LOW
U0549,650,10.0,0.0177299725185425,10.0,0.0,10.0,26.0,2.0,0.0,0.000177299725185425,0.2,0.0,0.0,1.0,21.01,LOW
U0550,874,10.0,0.0205409106470386,8.0,0.1999999999999999,10.0,33.0,2.0,0.0,0.00020540910647038599,0.2,0.1999999999999999,0.0,1.0,24.01,LOW
U0551,271,12.0,0.0190703218116805,11.0,0.0833333333333333,12.0,34.0,2.0,0.0,0.000190703218116805,0.2,0.0833333333333333,0.0,1.0,22.26,LOW
U0552,518,11.0,0.0204182650662046,9.0,0.1818181818181817,11.0,28.0,2.0,0.0,0.000204182650662046,0.2,0.1818181818181817,0.0,1.0,23.73,LOW
U0553,501,18.0,0.0255391600454029,16.0,0.1111111111111111,18.0,34.0,2.0,0.0,0.000255391600454029,0.2,0.1111111111111111,0.0,1.0,22.67,LOW
U0554,258,11.0,0.0225772243697191,11.0,0.0,10.0,38.0,2.0,0.0,0.000225772243697191,0.2,0.0,0.0,1.0,21.01,LOW
U0555,928,7.0,0.0109846998823067,7.0,0.0,7.0,32.0,2.0,0.0,0.000109846998823067,0.2,0.0,0.0,1.0,21.0,LOW
U0556,930,12.0,0.0239568776202834,12.0,0.0,12.0,26.0,3.0,0.0,0.000239568776202834,0.4,0.0,0.0,1.0,27.01,LOW
U0557,867,12.0,0.0187622149837133,11.0,0.0833333333333333,12.0,29.0,2.0,0.0,0.00018762214983713302,0.2,0.0833333333333333,0.0,1.0,22.26,LOW
U0558,53,11.0,0.0183048591080541,9.0,0.1818181818181817,11.0,33.0,2.0,0.0,0.000183048591080541,0.2,0.1818181818181817,0.0,1.0,23.73,LOW
U0559,95,15.0,0.025630072618539,14.0,0.0666666666666666,15.0,29.0,2.0,0.0,0.00025630072618539003,0.2,0.0666666666666666,0.0,1.0,22.01,LOW
U0560,650,15.0,0.0243565803361208,13.0,0.1333333333333333,15.0,31.0,2.0,0.0,0.00024356580336120802,0.2,0.1333333333333333,0.0,1.0,23.01,LOW
U0561,434,10.0,0.0153174542391054,10.0,0.0,10.0,22.0,2.0,0.0,0.000153174542391054,0.2,0.0,0.0,1.0,21.0,LOW
U0562,850,20.0,0.0283641005034627,19.0,0.05,19.0,34.0,2.0,0.0,0.00028364100503462696,0.2,0.05,0.0,1.0,21.76,LOW
U0563,284,13.0,0.0187811514290529,12.0,0.0769230769230768,13.0,36.0,2.0,0.0,0.000187811514290529,0.2,0.0769230769230768,0.0,1.0,22.16,LOW
U0564,46,7.0,0.0138705416116248,7.0,0.0,7.0,29.0,2.0,0.0,0.000138705416116248,0.2,0.0,0.0,1.0,21.0,LOW
U0565,4,10.0,0.0151672185848985,10.0,0.0,10.0,36.0,2.0,0.0,0.000151672185848985,0.2,0.0,0.8666666666666667,1.0,29.67,LOW
U0566,342,11.0,0.0157251435514998,9.0,0.1818181818181817,11.0,31.0,2.0,0.0,0.00015725143551499802,0.2,0.1818181818181817,0.0,1.0,23.73,LOW
U0567,790,16.0,0.0230138562592894,15.0,0.0625,16.0,36.0,3.0,0.0,0.00023013856259289402,0.4,0.0625,0.0,1.0,27.94,LOW
U0568,134,10.0,0.0238123586141207,9.0,0.0999999999999999,10.0,30.0,2.0,0.0,0.00023812358614120702,0.2,0.0999999999999999,0.0,1.0,22.51,LOW
U0569,653,17.0,0.0252356564981815,17.0,0.0,17.0,38.0,2.0,0.0,0.00025235656498181504,0.2,0.0,0.0,1.0,21.01,LOW
U0570,269,6.0,0.0208901526141704,6.0,0.0,6.0,31.0,2.0,0.0,0.00020890152614170401,0.2,0.0,0.0,1.0,21.01,LOW
U0571,166,10.0,0.015048531514133,9.0,0.0999999999999999,10.0,34.0,2.0,0.0,0.00015048531514133,0.2,0.0999999999999999,0.0,1.0,22.5,LOW
U0572,760,8.0,0.0121147876126296,6.0,0.25,8.0,27.0,2.0,0.0,0.000121147876126296,0.2,0.25,0.0,1.0,24.75,LOW
U0573,453,11.0,0.0213398861872736,11.0,0.0,11.0,37.0,2.0,0.0,0.00021339886187273597,0.2,0.0,0.0,1.0,21.01,LOW
U0574,565,9.0,0.0137028014616321,8.0,0.1111111111111111,9.0,26.0,2.0,0.0,0.000137028014616321,0.2,0.1111111111111111,0.0,1.0,22.67,LOW
U0575,723,6.0,0.0117428319796457,6.0,0.0,6.0,31.0,3.0,0.0,0.000117428319796457,0.4,0.0,0.0,1.0,27.0,LOW
U0576,438,13.0,0.0193069306930693,12.0,0.0769230769230768,13.0,27.0,1.0,0.0,0.000193069306930693,0.0,0.0769230769230768,0.0,1.0,16.16,LOW
U0577,575,12.0,0.0191943696515688,11.0,0.0833333333333333,12.0,28.0,2.0,0.0,0.000191943696515688,0.2,0.0833333333333333,0.0,1.0,22.26,LOW
U0578,10,11.0,0.0223403175033002,9.0,0.1818181818181817,11.0,32.0,2.0,0.0,0.00022340317503300198,0.2,0.1818181818181817,0.6666666666666666,1.0,30.4,LOW
U0579,115,11.0,0.0173123836004511,9.0,0.1818181818181817,10.0,33.0,2.0,0.0,0.000173123836004511,0.2,0.1818181818181817,0.0,1.0,23.73,LOW
U0580,78,18.0,0.0335820895522388,17.0,0.0555555555555555,17.0,36.0,2.0,0.0,0.000335820895522388,0.2,0.0555555555555555,0.0,1.0,21.84,LOW
U0581,968,7.0,0.012718793531585,5.0,0.2857142857142857,7.0,30.0,2.0,0.0,0.00012718793531585,0.2,0.2857142857142857,0.0,1.0,25.29,LOW
U0582,905,8.0,0.0165986582751227,8.0,0.0,8.0,29.0,2.0,0.0,0.00016598658275122701,0.2,0.0,0.0,1.0,21.0,LOW
U0583,708,12.0,0.0208701701498594,10.0,0.1666666666666666,12.0,29.0,2.0,0.0,0.000208701701498594,0.2,0.1666666666666666,0.0,1.0,23.51,LOW
U0584,926,14.0,0.0212008783221019,12.0,0.1428571428571429,14.0,31.0,2.0,0.0,0.000212008783221019,0.2,0.1428571428571429,0.0,1.0,23.15,LOW
U0585,153,9.0,0.0148854646194558,8.0,0.1111111111111111,9.0,36.0,2.0,0.0,0.000148854646194558,0.2,0.1111111111111111,0.0,1.0,22.67,LOW
U0586,559,15.0,0.0294878935814684,13.0,0.1333333333333333,14.0,38.0,2.0,0.0,0.000294878935814684,0.2,0.1333333333333333,0.0,1.0,23.01,LOW
U0587,37,24.0,0.0407182242329987,18.0,0.25,23.0,33.0,2.0,0.0,0.000407182242329987,0.2,0.25,0.0,1.0,24.76,LOW
U0588,855,12.0,0.0180207238324072,11.0,0.0833333333333333,12.0,32.0,2.0,0.0,0.000180207238324072,0.2,0.0833333333333333,0.0,1.0,22.26,LOW
U0589,379,13.0,0.0237053245805981,12.0,0.0769230769230768,13.0,36.0,2.0,0.0,0.00023705324580598102,0.2,0.0769230769230768,0.0,1.0,22.16,LOW
U0590,597,10.0,0.016923337282112,9.0,0.0999999999999999,10.0,29.0,2.0,0.0,0.00016923337282112,0.2,0.0999999999999999,0.0,1.0,22.51,LOW
U0591,566,13.0,0.01992133626194,11.0,0.1538461538461538,13.0,37.0,2.0,0.0,0.00019921336261939998,0.2,0.1538461538461538,0.0,1.0,23.31,LOW
U0592,152,17.0,0.0314941180103127,16.0,0.0588235294117647,17.0,31.0,2.0,0.0,0.00031494118010312697,0.2,0.0588235294117647,0.0,1.0,21.89,LOW
U0593,441,14.0,0.0204958032402888,14.0,0.0,14.0,29.0,2.0,0.0,0.000204958032402888,0.2,0.0,0.0,1.0,21.01,LOW
U0594,131,11.0,0.0172965040096441,9.0,0.1818181818181817,11.0,31.0,2.0,0.0,0.000172965040096441,0.2,0.1818181818181817,0.0,1.0,23.73,LOW
U0595,43,14.0,0.0326289620882535,13.0,0.0714285714285714,14.0,31.0,2.0,0.0,0.000326289620882535,0.2,0.0714285714285714,0.0,1.0,22.08,LOW
U0596,316,11.0,0.0448735382104976,11.0,0.0,10.0,31.0,2.0,0.0,0.00044873538210497604,0.2,0.0,0.0,1.0,21.01,LOW
U0597,374,10.0,0.0209424083769633,9.0,0.0999999999999999,10.0,28.0,2.0,0.0,0.000209424083769633,0.2,0.0999999999999999,0.0,1.0,22.51,LOW
U0598,921,7.0,0.010409179905326,7.0,0.0,7.0,27.0,2.0,0.0,0.00010409179905325999,0.2,0.0,0.0,1.0,21.0,LOW
U0599,956,9.0,0.0159076179815,8.0,0.1111111111111111,9.0,31.0,2.0,0.0,0.00015907617981500001,0.2,0.1111111111111111,0.0,1.0,22.67,LOW
U0600,816,7.0,0.0123493090267568,7.0,0.0,7.0,31.0,2.0,0.0,0.000123493090267568,0.2,0.0,0.0,1.0,21.0,LOW
U0601,996,13.0,0.0219904144347335,12.0,0.0769230769230768,13.0,37.0,2.0,0.0,0.000219904144347335,0.2,0.0769230769230768,0.0,1.0,22.16,LOW
U0602,882,12.0,0.0190986498315605,11.0,0.0833333333333333,12.0,34.0,2.0,0.0,0.000190986498315605,0.2,0.0833333333333333,0.0,1.0,22.26,LOW
U0603,41,10.0,0.0170188625726847,8.0,0.1999999999999999,10.0,27.0,2.0,0.0,0.000170188625726847,0.2,0.1999999999999999,0.0,1.0,24.01,LOW
U0604,921,12.0,0.0172794470576941,11.0,0.0833333333333333,12.0,29.0,2.0,0.0,0.000172794470576941,0.2,0.0833333333333333,0.0,1.0,22.26,LOW
U0605,367,16.0,0.0247620521550723,14.0,0.125,16.0,31.0,2.0,0.0,0.000247620521550723,0.2,0.125,0.0,1.0,22.88,LOW
U0606,216,13.0,0.0194460372466405,12.0,0.0769230769230768,13.0,27.0,2.0,0.0,0.000194460372466405,0.2,0.0769230769230768,0.0,1.0,22.16,LOW
U0607,699,6.0,0.0167224080267558,5.0,0.1666666666666666,6.0,34.0,2.0,0.0,0.000167224080267558,0.2,0.1666666666666666,0.0,1.0,23.51,LOW
U0608,256,16.0,0.0267268019711016,14.0,0.125,16.0,37.0,2.0,0.0,0.000267268019711016,0.2,0.125,0.0,1.0,22.88,LOW
U0609,683,12.0,0.0192776245682615,11.0,0.0833333333333333,12.0,28.0,2.0,0.0,0.000192776245682615,0.2,0.0833333333333333,0.0,1.0,22.26,LOW
U0610,106,14.0,0.0255334670800656,14.0,0.0,13.0,27.0,2.0,0.0,0.000255334670800656,0.2,0.0,0.0,1.0,21.01,LOW
U0611,363,14.0,0.0247919249158845,14.0,0.0,14.0,37.0,3.0,0.0,0.000247919249158845,0.4,0.0,0.0,1.0,27.01,LOW
U0612,799,13.0,0.0252108988655095,12.0,0.0769230769230768,13.0,36.0,2.0,0.0,0.000252108988655095,0.2,0.0769230769230768,0.0,1.0,22.16,LOW
U0613,574,17.0,0.0321573820107821,17.0,0.0,17.0,29.0,2.0,0.0,0.00032157382010782103,0.2,0.0,0.0,1.0,21.01,LOW
U0614,906,13.0,0.0247878730098198,13.0,0.0,12.0,30.0,3.0,0.0,0.000247878730098198,0.4,0.0,0.0,1.0,27.01,LOW
U0615,896,11.0,0.0204283768726012,8.0,0.2727272727272727,11.0,29.0,2.0,0.0,0.000204283768726012,0.2,0.2727272727272727,0.0,1.0,25.1,LOW
U0616,417,15.0,0.0246447054957693,14.0,0.0666666666666666,15.0,38.0,2.0,0.0,0.000246447054957693,0.2,0.0666666666666666,0.0,1.0,22.01,LOW
U0617,998,7.0,0.0108169362315854,7.0,0.0,7.0,27.0,2.0,0.0,0.000108169362315854,0.2,0.0,0.0,1.0,21.0,LOW
U0618,636,17.0,0.0308483290488431,15.0,0.1176470588235294,16.0,32.0,2.0,0.0,0.000308483290488431,0.2,0.1176470588235294,0.0,1.0,22.77,LOW
U0619,768,8.0,0.0128184585803557,8.0,0.0,8.0,32.0,2.0,0.0,0.000128184585803557,0.2,0.0,0.0,1.0,21.0,LOW
U0620,159,11.0,0.0178436249594463,11.0,0.0,10.0,38.0,2.0,0.0,0.000178436249594463,0.2,0.0,0.0,1.0,21.01,LOW
U0621,948,8.0,0.0228582313443497,8.0,0.0,8.0,24.0,3.0,0.0,0.000228582313443497,0.4,0.0,0.0,1.0,27.01,LOW
U0622,953,17.0,0.0244980305504851,17.0,0.0,17.0,31.0,2.0,0.0,0.00024498030550485097,0.2,0.0,0.0,1.0,21.01,LOW
U0623,243,11.0,0.0208563754147574,10.0,0.0909090909090909,11.0,29.0,2.0,0.0,0.000208563754147574,0.2,0.0909090909090909,0.0,1.0,22.37,LOW
U0624,886,9.0,0.0145942001567525,9.0,0.0,9.0,31.0,2.0,0.0,0.000145942001567525,0.2,0.0,0.0,1.0,21.0,LOW
U0625,167,10.0,0.0191540303272146,9.0,0.0999999999999999,10.0,29.0,2.0,0.0,0.00019154030327214603,0.2,0.0999999999999999,0.0,1.0,22.51,LOW
U0626,1000,6.0,0.0137158532403703,6.0,0.0,6.0,36.0,3.0,0.0,0.000137158532403703,0.4,0.0,0.0,1.0,27.0,LOW
U0627,820,14.0,0.0254807983983498,14.0,0.0,14.0,27.0,2.0,0.0,0.000254807983983498,0.2,0.0,0.0,1.0,21.01,LOW
U0628,831,12.0,0.0255936300298592,11.0,0.0833333333333333,11.0,30.0,2.0,0.0,0.000255936300298592,0.2,0.0833333333333333,0.0,1.0,22.26,LOW
U0629,182,12.0,0.0187475589116,11.0,0.0833333333333333,12.0,25.0,2.0,0.0,0.000187475589116,0.2,0.0833333333333333,0.0,1.0,22.26,LOW
U0630,903,8.0,0.0145697374411898,7.0,0.125,8.0,29.0,2.0,0.0,0.000145697374411898,0.2,0.125,0.0,1.0,22.88,LOW
U0631,423,10.0,0.0160081107761265,9.0,0.0999999999999999,9.0,38.0,2.0,0.0,0.000160081107761265,0.2,0.0999999999999999,0.0,1.0,22.5,LOW
U0632,26,15.0,0.0234852043212775,15.0,0.0,15.0,31.0,2.0,0.0,0.000234852043212775,0.2,0.0,0.13333333333333333,1.0,22.34,LOW
U0633,184,12.0,0.0220095986305138,11.0,0.0833333333333333,12.0,37.0,2.0,0.0,0.000220095986305138,0.2,0.0833333333333333,0.0,1.0,22.26,LOW
U0634,755,11.0,0.0216791486007095,10.0,0.0909090909090909,11.0,34.0,2.0,0.0,0.00021679148600709498,0.2,0.0909090909090909,0.0,1.0,22.37,LOW
U0635,947,14.0,0.0233846496478383,12.0,0.1428571428571429,14.0,37.0,2.0,0.0,0.00023384649647838302,0.2,0.1428571428571429,0.0,1.0,23.15,LOW
U0636,341,14.0,0.0209351011863224,14.0,0.0,14.0,36.0,2.0,0.0,0.000209351011863224,0.2,0.0,0.0,1.0,21.01,LOW
U0637,802,8.0,0.0190657769304099,8.0,0.0,8.0,37.0,2.0,0.0,0.00019065776930409902,0.2,0.0,0.0,1.0,21.01,LOW
U0638,954,11.0,0.0183849132287807,11.0,0.0,11.0,34.0,2.0,0.0,0.000183849132287807,0.2,0.0,0.0,1.0,21.01,LOW
U0639,422,16.0,0.0262898455471574,14.0,0.125,16.0,31.0,2.0,0.0,0.000262898455471574,0.2,0.125,0.0,1.0,22.88,LOW
U0640,822,11.0,0.0178190555900537,10.0,0.0909090909090909,11.0,32.0,2.0,0.0,0.000178190555900537,0.2,0.0909090909090909,0.0,1.0,22.37,LOW
U0641,686,11.0,0.0188970967187768,8.0,0.2727272727272727,11.0,33.0,2.0,0.0,0.000188970967187768,0.2,0.2727272727272727,0.0,1.0,25.1,LOW
U0642,885,14.0,0.0240164684354986,13.0,0.0714285714285714,14.0,31.0,2.0,0.0,0.00024016468435498602,0.2,0.0714285714285714,0.0,1.0,22.08,LOW
U0643,753,12.0,0.0204203182166255,12.0,0.0,11.0,34.0,2.0,0.0,0.00020420318216625498,0.2,0.0,0.0,1.0,21.01,LOW
U0644,831,12.0,0.0180500889969665,12.0,0.0,12.0,25.0,1.0,0.0,0.00018050088996966502,0.0,0.0,0.0,1.0,15.01,LOW
U0645,255,11.0,0.0230680507497116,11.0,0.0,10.0,31.0,2.0,0.0,0.000230680507497116,0.2,0.0,0.0,1.0,21.01,LOW
U0646,274,5.0,0.0076188541243396,4.0,0.1999999999999999,5.0,37.0,2.0,0.0,7.6188541243396e-05,0.2,0.1999999999999999,0.0,1.0,24.0,LOW
U0647,164,7.0,0.0174774249927177,7.0,0.0,7.0,24.0,2.0,0.0,0.000174774249927177,0.2,0.0,0.0,1.0,21.01,LOW
U0648,807,9.0,0.0160042678047479,8.0,0.1111111111111111,9.0,27.0,1.0,0.0,0.000160042678047479,0.0,0.1111111111111111,0.0,1.0,16.67,LOW
U0649,719,9.0,0.0134639838432193,9.0,0.0,9.0,25.0,2.0,0.0,0.000134639838432193,0.2,0.0,0.0,1.0,21.0,LOW
U0650,111,15.0,0.0217886021401249,13.0,0.1333333333333333,15.0,29.0,3.0,0.0,0.00021788602140124897,0.4,0.1333333333333333,0.0,1.0,29.01,LOW
U0651,392,13.0,0.040006154793045,11.0,0.1538461538461538,13.0,32.0,2.0,0.0,0.00040006154793045,0.2,0.1538461538461538,0.0,1.0,23.32,LOW
U0652,894,12.0,0.0177817292731718,11.0,0.0833333333333333,12.0,36.0,2.0,0.0,0.000177817292731718,0.2,0.0833333333333333,0.0,1.0,22.26,LOW
U0653,40,14.0,0.0221378874130297,14.0,0.0,14.0,31.0,2.0,0.0,0.000221378874130297,0.2,0.0,0.0,1.0,21.01,LOW
U0654,880,10.0,0.0182193611077371,9.0,0.0999999999999999,10.0,32.0,2.0,0.0,0.000182193611077371,0.2,0.0999999999999999,0.0,1.0,22.51,LOW
U0655,482,14.0,0.0226690055323168,11.0,0.2142857142857143,14.0,31.0,2.0,0.0,0.00022669005532316802,0.2,0.2142857142857143,0.0,1.0,24.22,LOW
U0656,228,10.0,0.0199242877067144,8.0,0.1999999999999999,10.0,31.0,2.0,0.0,0.000199242877067144,0.2,0.1999999999999999,0.0,1.0,24.01,LOW
U0657,205,11.0,0.018450184501845,9.0,0.1818181818181817,11.0,33.0,3.0,0.0,0.00018450184501845002,0.4,0.1818181818181817,0.0,1.0,29.73,LOW
U0658,837,13.0,0.0185088510274785,13.0,0.0,13.0,29.0,2.0,0.0,0.000185088510274785,0.2,0.0,0.0,1.0,21.01,LOW
U0659,941,10.0,0.0146767446980259,9.0,0.0999999999999999,8.0,33.0,2.0,0.0,0.000146767446980259,0.2,0.0999999999999999,0.0,1.0,22.5,LOW
U0660,472,10.0,0.0151902579812147,9.0,0.0999999999999999,10.0,34.0,2.0,0.0,0.000151902579812147,0.2,0.0999999999999999,0.0,1.0,22.5,LOW
U0661,359,8.0,0.0155078831739467,8.0,0.0,8.0,33.0,2.0,0.0,0.000155078831739467,0.2,0.0,0.0,1.0,21.0,LOW
U0662,313,9.0,0.0254789091252241,8.0,0.1111111111111111,9.0,37.0,3.0,0.0,0.000254789091252241,0.4,0.1111111111111111,0.0,1.0,28.67,LOW
U0663,841,18.0,0.0313061626760971,16.0,0.1111111111111111,17.0,31.0,2.0,0.0,0.000313061626760971,0.2,0.1111111111111111,0.0,1.0,22.68,LOW
U0664,815,8.0,0.0142984807864164,7.0,0.125,8.0,38.0,2.0,0.0,0.000142984807864164,0.2,0.125,0.0,1.0,22.88,LOW
U0665,893,10.0,0.0143698807299899,10.0,0.0,10.0,31.0,2.0,0.0,0.000143698807299899,0.2,0.0,0.0,1.0,21.0,LOW
U0666,234,19.0,0.0347550379561598,16.0,0.1578947368421053,19.0,33.0,2.0,0.0,0.000347550379561598,0.2,0.1578947368421053,0.0,1.0,23.38,LOW
U0667,229,14.0,0.0197563384919328,12.0,0.1428571428571429,14.0,31.0,2.0,0.0,0.00019756338491932798,0.2,0.1428571428571429,0.0,1.0,23.15,LOW
U0668,25,11.0,0.0220817022985044,11.0,0.0,11.0,36.0,2.0,0.0,0.00022081702298504399,0.2,0.0,0.16666666666666666,1.0,22.67,LOW
U0669,676,14.0,0.0270976483112358,13.0,0.0714285714285714,14.0,36.0,2.0,0.0,0.000270976483112358,0.2,0.0714285714285714,0.0,1.0,22.08,LOW
U0670,198,9.0,0.0146520146520146,9.0,0.0,8.0,36.0,2.0,0.0,0.000146520146520146,0.2,0.0,0.0,1.0,21.0,LOW
U0671,409,11.0,0.0308959835221421,11.0,0.0,11.0,29.0,2.0,0.0,0.000308959835221421,0.2,0.0,0.0,1.0,21.01,LOW
U0672,337,9.0,0.0137289299061856,9.0,0.0,9.0,32.0,2.0,0.0,0.000137289299061856,0.2,0.0,0.0,1.0,21.0,LOW
U0673,286,11.0,0.0190316906485192,10.0,0.0909090909090909,11.0,31.0,2.0,0.0,0.000190316906485192,0.2,0.0909090909090909,0.0,1.0,22.37,LOW
U0674,886,11.0,0.0226221079691516,11.0,0.0,11.0,31.0,2.0,0.0,0.00022622107969151603,0.2,0.0,0.0,1.0,21.01,LOW
U0675,72,9.0,0.0130419031517932,9.0,0.0,9.0,36.0,2.0,0.0,0.000130419031517932,0.2,0.0,0.0,1.0,21.0,LOW
U0676,991,9.0,0.0210986950066421,9.0,0.0,8.0,31.0,2.0,0.0,0.00021098695006642102,0.2,0.0,0.0,1.0,21.01,LOW
U0677,792,13.0,0.018978102189781,12.0,0.0769230769230768,13.0,37.0,2.0,0.0,0.00018978102189781,0.2,0.0769230769230768,0.0,1.0,22.16,LOW
U0678,286,12.0,0.0188595227492993,11.0,0.0833333333333333,12.0,37.0,2.0,0.0,0.000188595227492993,0.2,0.0833333333333333,0.0,1.0,22.26,LOW
U0679,360,7.0,0.014194464158978,7.0,0.0,7.0,25.0,2.0,0.0,0.00014194464158978,0.2,0.0,0.0,1.0,21.0,LOW
U0680,657,12.0,0.0175639743370819,10.0,0.1666666666666666,12.0,33.0,2.0,0.0,0.000175639743370819,0.2,0.1666666666666666,0.0,1.0,23.51,LOW
U0681,522,13.0,0.0273876404494382,12.0,0.0769230769230768,13.0,31.0,3.0,0.0,0.000273876404494382,0.4,0.0769230769230768,0.0,1.0,28.16,LOW
U0682,410,10.0,0.0215974946906158,9.0,0.0999999999999999,10.0,31.0,2.0,0.0,0.000215974946906158,0.2,0.0999999999999999,0.0,1.0,22.51,LOW
U0683,696,8.0,0.0186545412148769,8.0,0.0,8.0,31.0,2.0,0.0,0.000186545412148769,0.2,0.0,0.0,1.0,21.01,LOW
U0684,864,11.0,0.0172310262903689,10.0,0.0909090909090909,11.0,29.0,2.0,0.0,0.00017231026290368898,0.2,0.0909090909090909,0.0,1.0,22.37,LOW
U0685,550,12.0,0.0181607223931796,12.0,0.0,12.0,27.0,1.0,0.0,0.000181607223931796,0.0,0.0,0.0,1.0,15.01,LOW
U0686,340,17.0,0.036234458259325,15.0,0.1176470588235294,17.0,29.0,2.0,0.0,0.00036234458259325,0.2,0.1176470588235294,0.0,1.0,22.78,LOW
U0687,962,8.0,0.0128068303094983,8.0,0.0,8.0,27.0,2.0,0.0,0.000128068303094983,0.2,0.0,0.0,1.0,21.0,LOW
U0688,29,12.0,0.02258752666583,9.0,0.25,11.0,28.0,2.0,0.0,0.0002258752666583,0.2,0.25,0.03333333333333333,1.0,25.09,LOW
U0689,119,17.0,0.0242153743886805,14.0,0.1764705882352941,17.0,33.0,2.0,0.0,0.000242153743886805,0.2,0.1764705882352941,0.0,1.0,23.65,LOW
U0690,899,11.0,0.0165243734508399,11.0,0.0,10.0,28.0,2.0,0.0,0.00016524373450839898,0.2,0.0,0.0,1.0,21.0,LOW
U0691,994,11.0,0.0221900951484382,11.0,0.0,11.0,32.0,2.0,0.0,0.00022190095148438198,0.2,0.0,0.0,1.0,21.01,LOW
U0692,268,9.0,0.0198851082633672,8.0,0.1111111111111111,8.0,29.0,2.0,0.0,0.000198851082633672,0.2,0.1111111111111111,0.0,1.0,22.67,LOW
U0693,183,6.0,0.0095019399794124,6.0,0.0,6.0,29.0,2.0,0.0,9.501939979412399e-05,0.2,0.0,0.0,1.0,21.0,LOW
U0694,595,15.0,0.0214025825782977,15.0,0.0,15.0,32.0,2.0,0.0,0.000214025825782977,0.2,0.0,0.0,1.0,21.01,LOW
U0695,986,7.0,0.0112930547713156,5.0,0.2857142857142857,7.0,31.0,2.0,0.0,0.000112930547713156,0.2,0.2857142857142857,0.0,1.0,25.29,LOW
U0696,272,6.0,0.0114039533705017,6.0,0.0,6.0,31.0,2.0,0.0,0.000114039533705017,0.2,0.0,0.0,1.0,21.0,LOW
U0697,40,14.0,0.0220971221129057,14.0,0.0,14.0,37.0,2.0,0.0,0.000220971221129057,0.2,0.0,0.0,1.0,21.01,LOW
U0698,112,9.0,0.0130154980838294,8.0,0.1111111111111111,8.0,31.0,2.0,0.0,0.000130154980838294,0.2,0.1111111111111111,0.0,1.0,22.67,LOW
U0699,611,11.0,0.0171184022824536,10.0,0.0909090909090909,10.0,32.0,2.0,0.0,0.000171184022824536,0.2,0.0909090909090909,0.0,1.0,22.37,LOW
U0700,445,10.0,0.0206689861862275,8.0,0.1999999999999999,10.0,37.0,2.0,0.0,0.000206689861862275,0.2,0.1999999999999999,0.0,1.0,24.01,LOW
U0701,354,16.0,0.0237218611776915,16.0,0.0,16.0,30.0,2.0,0.0,0.00023721861177691502,0.2,0.0,0.0,1.0,21.01,LOW
U0702,747,14.0,0.0235201881615052,9.0,0.3571428571428571,14.0,29.0,2.0,0.0,0.000235201881615052,0.2,0.3571428571428571,0.0,1.0,26.36,LOW
U0703,806,14.0,0.0211730900108386,13.0,0.0714285714285714,14.0,38.0,2.0,0.0,0.000211730900108386,0.2,0.0714285714285714,0.0,1.0,22.08,LOW
U0704,322,13.0,0.0207055825436011,11.0,0.1538461538461538,12.0,29.0,2.0,0.0,0.00020705582543601098,0.2,0.1538461538461538,0.0,1.0,23.31,LOW
U0705,447,16.0,0.023619722468261,14.0,0.125,16.0,31.0,2.0,0.0,0.00023619722468260998,0.2,0.125,0.0,1.0,22.88,LOW
U0706,621,6.0,0.0121183559430437,6.0,0.0,6.0,31.0,2.0,0.0,0.000121183559430437,0.2,0.0,0.0,1.0,21.0,LOW
U0707,524,8.0,0.0121565151323287,8.0,0.0,8.0,31.0,2.0,0.0,0.000121565151323287,0.2,0.0,0.0,1.0,21.0,LOW
U0708,119,12.0,0.018916007671492,12.0,0.0,12.0,33.0,2.0,0.0,0.00018916007671492,0.2,0.0,0.0,1.0,21.01,LOW
U0709,395,13.0,0.0205712477252947,11.0,0.1538461538461538,13.0,29.0,2.0,0.0,0.000205712477252947,0.2,0.1538461538461538,0.0,1.0,23.31,LOW
U0710,922,12.0,0.022022389429253,11.0,0.0833333333333333,12.0,32.0,2.0,0.0,0.00022022389429253,0.2,0.0833333333333333,0.0,1.0,22.26,LOW
U0711,591,6.0,0.0114166111692512,6.0,0.0,6.0,25.0,2.0,0.0,0.000114166111692512,0.2,0.0,0.0,1.0,21.0,LOW
U0712,195,10.0,0.0144519112652648,9.0,0.0999999999999999,10.0,33.0,2.0,0.0,0.000144519112652648,0.2,0.0999999999999999,0.0,1.0,22.5,LOW
U0713,261,9.0,0.0136743479361863,8.0,0.1111111111111111,9.0,27.0,3.0,0.0,0.000136743479361863,0.4,0.1111111111111111,0.0,1.0,28.67,LOW
U0714,46,11.0,0.0280171498917519,8.0,0.2727272727272727,11.0,34.0,1.0,0.0,0.000280171498917519,0.0,0.2727272727272727,0.0,1.0,19.1,LOW
U0715,726,12.0,0.0199894500124934,11.0,0.0833333333333333,12.0,37.0,2.0,0.0,0.000199894500124934,0.2,0.0833333333333333,0.0,1.0,22.26,LOW
U0716,447,12.0,0.0217148716711403,11.0,0.0833333333333333,12.0,36.0,2.0,0.0,0.000217148716711403,0.2,0.0833333333333333,0.0,1.0,22.26,LOW
U0717,2,13.0,0.018706381754083,12.0,0.0769230769230768,13.0,36.0,2.0,0.0,0.00018706381754083,0.2,0.0769230769230768,0.9333333333333333,1.0,31.49,LOW
U0718,533,12.0,0.0180836368202938,10.0,0.1666666666666666,12.0,26.0,2.0,0.0,0.00018083636820293798,0.2,0.1666666666666666,0.0,1.0,23.51,LOW
U0719,948,16.0,0.0269141271131795,14.0,0.125,16.0,30.0,2.0,0.0,0.000269141271131795,0.2,0.125,0.0,1.0,22.88,LOW
U0720,826,16.0,0.0287004095787616,15.0,0.0625,14.0,37.0,2.0,0.0,0.000287004095787616,0.2,0.0625,0.0,1.0,21.95,LOW
U0721,552,18.0,0.0325654323965746,16.0,0.1111111111111111,18.0,36.0,2.0,0.0,0.000325654323965746,0.2,0.1111111111111111,0.0,1.0,22.68,LOW
U0722,704,12.0,0.0202822614721541,12.0,0.0,12.0,29.0,2.0,0.0,0.000202822614721541,0.2,0.0,0.0,1.0,21.01,LOW
U0723,737,11.0,0.0213013168086754,10.0,0.0909090909090909,11.0,32.0,2.0,0.0,0.000213013168086754,0.2,0.0909090909090909,0.0,1.0,22.37,LOW
U0724,963,10.0,0.0159527797718752,10.0,0.0,10.0,34.0,2.0,0.0,0.000159527797718752,0.2,0.0,0.0,1.0,21.0,LOW
U0725,760,8.0,0.0301167022211067,7.0,0.125,8.0,32.0,2.0,0.0,0.000301167022211067,0.2,0.125,0.0,1.0,22.88,LOW
U0726,755,6.0,0.0150476508944992,6.0,0.0,6.0,29.0,2.0,0.0,0.000150476508944992,0.2,0.0,0.0,1.0,21.0,LOW
U0727,687,9.0,0.0135542168674698,9.0,0.0,9.0,30.0,1.0,0.0,0.000135542168674698,0.0,0.0,0.0,1.0,15.0,LOW
U0728,202,9.0,0.0161174785100286,6.0,0.3333333333333333,9.0,32.0,2.0,0.0,0.000161174785100286,0.2,0.3333333333333333,0.0,1.0,26.0,LOW
U0729,373,13.0,0.0241008527994067,12.0,0.0769230769230768,13.0,34.0,2.0,0.0,0.000241008527994067,0.2,0.0769230769230768,0.0,1.0,22.16,LOW
U0730,442,9.0,0.0159155884346724,9.0,0.0,9.0,26.0,2.0,0.0,0.00015915588434672401,0.2,0.0,0.0,1.0,21.0,LOW
U0731,72,11.0,0.0171566716057084,10.0,0.0909090909090909,11.0,29.0,2.0,0.0,0.000171566716057084,0.2,0.0909090909090909,0.0,1.0,22.37,LOW
U0732,972,16.0,0.0306503623766801,16.0,0.0,15.0,34.0,2.0,0.0,0.00030650362376680103,0.2,0.0,0.0,1.0,21.01,LOW
U0733,681,11.0,0.0223759153783563,9.0,0.1818181818181817,11.0,29.0,2.0,0.0,0.000223759153783563,0.2,0.1818181818181817,0.0,1.0,23.73,LOW
U0734,943,15.0,0.0235115859870947,13.0,0.1333333333333333,13.0,31.0,2.0,0.0,0.000235115859870947,0.2,0.1333333333333333,0.0,1.0,23.01,LOW
U0735,339,16.0,0.0254311372486688,13.0,0.1875,16.0,33.0,2.0,0.0,0.000254311372486688,0.2,0.1875,0.0,1.0,23.82,LOW
U0736,639,14.0,0.0206449075894612,12.0,0.1428571428571429,14.0,31.0,2.0,0.0,0.00020644907589461198,0.2,0.1428571428571429,0.0,1.0,23.15,LOW
U0737,322,14.0,0.0201424357959859,13.0,0.0714285714285714,14.0,32.0,2.0,0.0,0.00020142435795985898,0.2,0.0714285714285714,0.0,1.0,22.08,LOW
U0738,680,16.0,0.0253117831623909,14.0,0.125,16.0,36.0,2.0,0.0,0.00025311783162390903,0.2,0.125,0.0,1.0,22.88,LOW
U0739,869,5.0,0.0084392933498368,5.0,0.0,5.0,32.0,1.0,0.0,8.4392933498368e-05,0.0,0.0,0.0,1.0,15.0,LOW
U0740,128,13.0,0.0201685887159331,11.0,0.1538461538461538,13.0,34.0,3.0,0.0,0.00020168588715933097,0.4,0.1538461538461538,0.0,1.0,29.31,LOW
U0741,738,14.0,0.0210036756432375,11.0,0.2142857142857143,14.0,30.0,3.0,0.0,0.000210036756432375,0.4,0.2142857142857143,0.0,1.0,30.22,LOW
U0742,922,12.0,0.0182796790900781,11.0,0.0833333333333333,12.0,33.0,2.0,0.0,0.000182796790900781,0.2,0.0833333333333333,0.0,1.0,22.26,LOW
U0743,308,8.0,0.0176230862429783,6.0,0.25,8.0,30.0,2.0,0.0,0.000176230862429783,0.2,0.25,0.0,1.0,24.76,LOW
U0744,520,11.0,0.0182370820668693,10.0,0.0909090909090909,11.0,30.0,2.0,0.0,0.000182370820668693,0.2,0.0909090909090909,0.0,1.0,22.37,LOW
U0745,317,18.0,0.0253848865906687,16.0,0.1111111111111111,17.0,31.0,2.0,0.0,0.000253848865906687,0.2,0.1111111111111111,0.0,1.0,22.67,LOW
U0746,683,11.0,0.0192078228223858,11.0,0.0,11.0,26.0,2.0,0.0,0.000192078228223858,0.2,0.0,0.0,1.0,21.01,LOW
U0747,419,11.0,0.0186762500353716,10.0,0.0909090909090909,11.0,32.0,3.0,0.0,0.000186762500353716,0.4,0.0909090909090909,0.0,1.0,28.37,LOW
U0748,335,16.0,0.0263071358105886,16.0,0.0,16.0,38.0,2.0,0.0,0.000263071358105886,0.2,0.0,0.0,1.0,21.01,LOW
U0749,413,10.0,0.0170551449687322,9.0,0.0999999999999999,9.0,31.0,2.0,0.0,0.000170551449687322,0.2,0.0999999999999999,0.0,1.0,22.51,LOW
U0750,714,9.0,0.0143969286552202,9.0,0.0,9.0,28.0,2.0,0.0,0.000143969286552202,0.2,0.0,0.0,1.0,21.0,LOW
U0751,303,14.0,0.0241921548297909,12.0,0.1428571428571429,14.0,37.0,2.0,0.0,0.000241921548297909,0.2,0.1428571428571429,0.0,1.0,23.15,LOW
U0752,568,8.0,0.0353174895151203,8.0,0.0,8.0,36.0,2.0,0.0,0.000353174895151203,0.2,0.0,0.0,1.0,21.01,LOW
U0753,131,16.0,0.0250567692428157,15.0,0.0625,16.0,33.0,2.0,0.0,0.000250567692428157,0.2,0.0625,0.0,1.0,21.95,LOW
U0754,197,12.0,0.0214311227527086,11.0,0.0833333333333333,12.0,28.0,2.0,0.0,0.000214311227527086,0.2,0.0833333333333333,0.0,1.0,22.26,LOW
U0755,431,11.0,0.0178556935313692,9.0,0.1818181818181817,11.0,31.0,2.0,0.0,0.00017855693531369202,0.2,0.1818181818181817,0.0,1.0,23.73,LOW
U0756,681,15.0,0.0232426011053148,12.0,0.1999999999999999,15.0,30.0,2.0,0.0,0.000232426011053148,0.2,0.1999999999999999,0.0,1.0,24.01,LOW
U0757,963,9.0,0.0168591945051514,9.0,0.0,9.0,30.0,2.0,0.0,0.00016859194505151401,0.2,0.0,0.0,1.0,21.01,LOW
U0758,389,11.0,0.0179177412786751,10.0,0.0909090909090909,11.0,29.0,2.0,0.0,0.00017917741278675102,0.2,0.0909090909090909,0.0,1.0,22.37,LOW
U0759,694,8.0,0.0228364812788429,7.0,0.125,8.0,26.0,2.0,0.0,0.00022836481278842898,0.2,0.125,0.0,1.0,22.88,LOW
U0760,767,12.0,0.0223269660133961,12.0,0.0,12.0,27.0,2.0,0.0,0.000223269660133961,0.2,0.0,0.0,1.0,21.01,LOW
U0761,925,7.0,0.0135553834237025,6.0,0.1428571428571429,7.0,38.0,2.0,0.0,0.00013555383423702498,0.2,0.1428571428571429,0.0,1.0,23.15,LOW
U0762,179,18.0,0.0292049756625202,16.0,0.1111111111111111,18.0,36.0,2.0,0.0,0.000292049756625202,0.2,0.1111111111111111,0.0,1.0,22.68,LOW
U0763,631,12.0,0.0201308505284348,12.0,0.0,12.0,31.0,2.0,0.0,0.000201308505284348,0.2,0.0,0.0,1.0,21.01,LOW
U0764,583,15.0,0.0246561832228371,13.0,0.1333333333333333,15.0,31.0,2.0,0.0,0.00024656183222837103,0.2,0.1333333333333333,0.0,1.0,23.01,LOW
U0765,309,13.0,0.022629028982564,12.0,0.0769230769230768,13.0,38.0,2.0,0.0,0.00022629028982564003,0.2,0.0769230769230768,0.0,1.0,22.16,LOW
U0766,416,11.0,0.0175238297533388,11.0,0.0,11.0,33.0,2.0,0.0,0.000175238297533388,0.2,0.0,0.0,1.0,21.01,LOW
U0767,562,8.0,0.0156642626374702,8.0,0.0,8.0,32.0,2.0,0.0,0.000156642626374702,0.2,0.0,0.0,1.0,21.0,LOW
U0768,854,12.0,0.0222999969027782,9.0,0.25,12.0,32.0,2.0,0.0,0.000222999969027782,0.2,0.25,0.0,1.0,24.76,LOW
U0769,1,13.0,0.022028920018075,11.0,0.1538461538461538,12.0,36.0,2.0,0.0,0.00022028920018075,0.2,0.1538461538461538,0.9666666666666667,1.0,32.98,LOW
U0770,312,21.0,0.031381534706483,17.0,0.1904761904761904,21.0,37.0,2.0,0.0,0.00031381534706483,0.2,0.1904761904761904,0.0,1.0,23.87,LOW
U0771,294,12.0,0.0245098039215686,11.0,0.0833333333333333,12.0,31.0,2.0,0.0,0.000245098039215686,0.2,0.0833333333333333,0.0,1.0,22.26,LOW
U0772,216,14.0,0.0231858455933092,14.0,0.0,14.0,36.0,2.0,0.0,0.000231858455933092,0.2,0.0,0.0,1.0,21.01,LOW
U0773,441,10.0,0.016049646907768,9.0,0.0999999999999999,10.0,32.0,2.0,0.0,0.00016049646907768,0.2,0.0999999999999999,0.0,1.0,22.5,LOW
U0774,805,13.0,0.0183754240482472,9.0,0.3076923076923077,13.0,33.0,2.0,0.0,0.000183754240482472,0.2,0.3076923076923077,0.0,1.0,25.62,LOW
U0775,594,9.0,0.0140852417966508,8.0,0.1111111111111111,9.0,31.0,2.0,0.0,0.000140852417966508,0.2,0.1111111111111111,0.0,1.0,22.67,LOW
U0776,622,15.0,0.0224606937858747,14.0,0.0666666666666666,15.0,26.0,2.0,0.0,0.000224606937858747,0.2,0.0666666666666666,0.0,1.0,22.01,LOW
U0777,671,12.0,0.0215021651485739,11.0,0.0833333333333333,12.0,27.0,2.0,0.0,0.000215021651485739,0.2,0.0833333333333333,0.0,1.0,22.26,LOW
U0778,330,10.0,0.0172393977703712,9.0,0.0999999999999999,10.0,28.0,2.0,0.0,0.000172393977703712,0.2,0.0999999999999999,0.0,1.0,22.51,LOW
U0779,477,13.0,0.0196910027264465,11.0,0.1538461538461538,12.0,37.0,2.0,0.0,0.000196910027264465,0.2,0.1538461538461538,0.0,1.0,23.31,LOW
U0780,453,15.0,0.0214920240710669,13.0,0.1333333333333333,15.0,29.0,2.0,0.0,0.00021492024071066902,0.2,0.1333333333333333,0.0,1.0,23.01,LOW
U0781,453,6.0,0.0136991514136763,6.0,0.0,6.0,37.0,2.0,0.0,0.000136991514136763,0.2,0.0,0.0,1.0,21.0,LOW
U0782,692,9.0,0.0201605376143363,8.0,0.1111111111111111,9.0,30.0,2.0,0.0,0.000201605376143363,0.2,0.1111111111111111,0.0,1.0,22.67,LOW
U0783,219,8.0,0.0172587372357255,8.0,0.0,8.0,29.0,2.0,0.0,0.000172587372357255,0.2,0.0,0.0,1.0,21.01,LOW
U0784,524,7.0,0.010754615522495,6.0,0.1428571428571429,7.0,30.0,2.0,0.0,0.00010754615522495,0.2,0.1428571428571429,0.0,1.0,23.15,LOW
U0785,485,12.0,0.0186287192755498,12.0,0.0,12.0,36.0,2.0,0.0,0.000186287192755498,0.2,0.0,0.0,1.0,21.01,LOW
U0786,813,17.0,0.0243704305442729,17.0,0.0,16.0,33.0,2.0,0.0,0.000243704305442729,0.2,0.0,0.0,1.0,21.01,LOW
U0787,923,10.0,0.01858678479601,8.0,0.1999999999999999,10.0,29.0,2.0,0.0,0.0001858678479601,0.2,0.1999999999999999,0.0,1.0,24.01,LOW
U0788,983,2.0,0.0110162489672266,2.0,0.0,2.0,29.0,2.0,0.0,0.000110162489672266,0.2,0.0,0.0,1.0,21.0,LOW
U0789,816,8.0,0.0145644324422732,8.0,0.0,8.0,28.0,2.0,0.0,0.00014564432442273198,0.2,0.0,0.0,1.0,21.0,LOW
U0790,754,13.0,0.0247257972484625,13.0,0.0,13.0,31.0,2.0,0.0,0.000247257972484625,0.2,0.0,0.0,1.0,21.01,LOW
U0791,174,11.0,0.0157856972016264,9.0,0.1818181818181817,11.0,31.0,2.0,0.0,0.000157856972016264,0.2,0.1818181818181817,0.0,1.0,23.73,LOW
U0792,675,6.0,0.0104040228888503,6.0,0.0,6.0,27.0,2.0,0.0,0.000104040228888503,0.2,0.0,0.0,1.0,21.0,LOW
U0793,87,10.0,0.0182665083569275,10.0,0.0,10.0,29.0,2.0,0.0,0.000182665083569275,0.2,0.0,0.0,1.0,21.01,LOW
U0794,291,13.0,0.0224221692011383,12.0,0.0769230769230768,13.0,31.0,2.0,0.0,0.000224221692011383,0.2,0.0769230769230768,0.0,1.0,22.16,LOW
U0795,528,8.0,0.0141843971631205,8.0,0.0,8.0,31.0,2.0,0.0,0.000141843971631205,0.2,0.0,0.0,1.0,21.0,LOW
U0796,680,9.0,0.0131415638460976,9.0,0.0,9.0,36.0,2.0,0.0,0.000131415638460976,0.2,0.0,0.0,1.0,21.0,LOW
U0797,649,12.0,0.0180541624874623,10.0,0.1666666666666666,11.0,32.0,2.0,0.0,0.00018054162487462298,0.2,0.1666666666666666,0.0,1.0,23.51,LOW
U0798,635,9.0,0.0163378918068498,9.0,0.0,9.0,33.0,2.0,0.0,0.00016337891806849798,0.2,0.0,0.0,1.0,21.0,LOW
U0799,344,11.0,0.0179455109032573,10.0,0.0909090909090909,11.0,37.0,2.0,0.0,0.000179455109032573,0.2,0.0909090909090909,0.0,1.0,22.37,LOW
U0800,96,16.0,0.0266341138608367,15.0,0.0625,16.0,33.0,2.0,0.0,0.000266341138608367,0.2,0.0625,0.0,1.0,21.95,LOW
U0801,839,13.0,0.0207264900486275,11.0,0.1538461538461538,13.0,36.0,2.0,0.0,0.000207264900486275,0.2,0.1538461538461538,0.0,1.0,23.31,LOW
U0802,975,10.0,0.0151084027900183,9.0,0.0999999999999999,10.0,28.0,2.0,0.0,0.000151084027900183,0.2,0.0999999999999999,0.0,1.0,22.5,LOW
U0803,770,11.0,0.0157169051984854,11.0,0.0,11.0,28.0,2.0,0.0,0.000157169051984854,0.2,0.0,0.0,1.0,21.0,LOW
U0804,241,18.0,0.0260875866566825,16.0,0.1111111111111111,18.0,33.0,2.0,0.0,0.000260875866566825,0.2,0.1111111111111111,0.0,1.0,22.67,LOW
U0805,689,14.0,0.0238399318859088,14.0,0.0,14.0,31.0,2.0,0.0,0.00023839931885908798,0.2,0.0,0.0,1.0,21.01,LOW
U0806,318,16.0,0.0300780148510198,14.0,0.125,16.0,30.0,2.0,0.0,0.000300780148510198,0.2,0.125,0.0,1.0,22.88,LOW
U0807,231,11.0,0.0187718649563411,11.0,0.0,11.0,36.0,2.0,0.0,0.000187718649563411,0.2,0.0,0.0,1.0,21.01,LOW
U0808,826,11.0,0.0177667707548185,9.0,0.1818181818181817,11.0,36.0,2.0,0.0,0.000177667707548185,0.2,0.1818181818181817,0.0,1.0,23.73,LOW
U0809,204,11.0,0.0168975140172559,10.0,0.0909090909090909,11.0,32.0,2.0,0.0,0.000168975140172559,0.2,0.0909090909090909,0.0,1.0,22.37,LOW
U0810,151,4.0,0.0058979652020053,4.0,0.0,4.0,27.0,2.0,0.0,5.8979652020053006e-05,0.2,0.0,0.0,1.0,21.0,LOW
U0811,26,17.0,0.0279858424561692,16.0,0.0588235294117647,17.0,37.0,2.0,0.0,0.000279858424561692,0.2,0.0588235294117647,0.13333333333333333,1.0,23.22,LOW
U0812,48,7.0,0.0128684355659047,7.0,0.0,7.0,25.0,2.0,0.0,0.000128684355659047,0.2,0.0,0.0,1.0,21.0,LOW
U0813,251,9.0,0.0143988480921526,9.0,0.0,9.0,25.0,2.0,0.0,0.000143988480921526,0.2,0.0,0.0,1.0,21.0,LOW
U0814,487,11.0,0.01658666532633,10.0,0.0909090909090909,11.0,29.0,2.0,0.0,0.0001658666532633,0.2,0.0909090909090909,0.0,1.0,22.37,LOW
U0815,626,8.0,0.012683648662932,8.0,0.0,8.0,25.0,2.0,0.0,0.00012683648662932,0.2,0.0,0.0,1.0,21.0,LOW
U0816,871,10.0,0.01906941266209,9.0,0.0999999999999999,10.0,37.0,2.0,0.0,0.00019069412662089998,0.2,0.0999999999999999,0.0,1.0,22.51,LOW
U0817,787,10.0,0.0153049511516975,8.0,0.1999999999999999,10.0,31.0,2.0,0.0,0.000153049511516975,0.2,0.1999999999999999,0.0,1.0,24.0,LOW
U0818,75,15.0,0.0213113589543226,14.0,0.0666666666666666,15.0,34.0,3.0,0.0,0.000213113589543226,0.4,0.0666666666666666,0.0,1.0,28.01,LOW
U0819,467,9.0,0.0167348456675344,8.0,0.1111111111111111,9.0,30.0,2.0,0.0,0.00016734845667534402,0.2,0.1111111111111111,0.0,1.0,22.67,LOW
U0820,425,10.0,0.0175464249159233,10.0,0.0,9.0,32.0,2.0,0.0,0.000175464249159233,0.2,0.0,0.0,1.0,21.01,LOW
U0821,908,16.0,0.0248171031202336,15.0,0.0625,16.0,32.0,2.0,0.0,0.000248171031202336,0.2,0.0625,0.0,1.0,21.94,LOW
U0822,645,10.0,0.0179554704333253,10.0,0.0,10.0,30.0,2.0,0.0,0.000179554704333253,0.2,0.0,0.0,1.0,21.01,LOW
U0823,590,13.0,0.0209446577696624,12.0,0.0769230769230768,13.0,31.0,2.0,0.0,0.000209446577696624,0.2,0.0769230769230768,0.0,1.0,22.16,LOW
U0824,200,16.0,0.0250862339291313,13.0,0.1875,16.0,36.0,2.0,0.0,0.000250862339291313,0.2,0.1875,0.0,1.0,23.82,LOW
U0825,736,12.0,0.0205034741997949,11.0,0.0833333333333333,12.0,31.0,3.0,0.0,0.000205034741997949,0.4,0.0833333333333333,0.0,1.0,28.26,LOW
U0826,714,10.0,0.0158919348430671,10.0,0.0,10.0,38.0,2.0,0.0,0.000158919348430671,0.2,0.0,0.0,1.0,21.0,LOW
U0827,394,12.0,0.0215575316626246,12.0,0.0,11.0,32.0,2.0,0.0,0.000215575316626246,0.2,0.0,0.0,1.0,21.01,LOW
U0828,507,10.0,0.0209139391404371,8.0,0.1999999999999999,10.0,32.0,2.0,0.0,0.000209139391404371,0.2,0.1999999999999999,0.0,1.0,24.01,LOW
U0829,410,13.0,0.0202671101179649,12.0,0.0769230769230768,13.0,29.0,2.0,0.0,0.000202671101179649,0.2,0.0769230769230768,0.0,1.0,22.16,LOW
U0830,250,10.0,0.0149484279236633,8.0,0.1999999999999999,10.0,29.0,2.0,0.0,0.000149484279236633,0.2,0.1999999999999999,0.0,1.0,24.0,LOW
U0831,152,11.0,0.0169204737732656,10.0,0.0909090909090909,10.0,33.0,2.0,0.0,0.000169204737732656,0.2,0.0909090909090909,0.0,1.0,22.37,LOW
U0832,672,13.0,0.0238809625864919,12.0,0.0769230769230768,13.0,37.0,1.0,0.0,0.00023880962586491898,0.0,0.0769230769230768,0.0,1.0,16.16,LOW
U0833,705,9.0,0.0172921736902779,9.0,0.0,9.0,33.0,1.0,0.0,0.00017292173690277898,0.0,0.0,0.0,1.0,15.01,LOW
U0834,6,13.0,0.0192697267651563,13.0,0.0,13.0,36.0,2.0,0.0,0.000192697267651563,0.2,0.0,0.8,1.0,29.01,LOW
U0835,915,9.0,0.0132841328413284,9.0,0.0,9.0,36.0,2.0,0.0,0.000132841328413284,0.2,0.0,0.0,1.0,21.0,LOW
U0836,769,12.0,0.0182260024301336,10.0,0.1666666666666666,12.0,32.0,2.0,0.0,0.00018226002430133602,0.2,0.1666666666666666,0.0,1.0,23.51,LOW
U0837,882,9.0,0.0130017094840247,8.0,0.1111111111111111,9.0,32.0,2.0,0.0,0.000130017094840247,0.2,0.1111111111111111,0.0,1.0,22.67,LOW
U0838,789,12.0,0.0180977277297406,12.0,0.0,12.0,28.0,2.0,0.0,0.00018097727729740598,0.2,0.0,0.0,1.0,21.01,LOW
U0839,907,6.0,0.0129515038134983,6.0,0.0,6.0,32.0,2.0,0.0,0.000129515038134983,0.2,0.0,0.0,1.0,21.0,LOW
U0840,110,10.0,0.0184859968573805,10.0,0.0,10.0,34.0,2.0,0.0,0.000184859968573805,0.2,0.0,0.0,1.0,21.01,LOW
U0841,798,17.0,0.028600269179004,17.0,0.0,17.0,36.0,2.0,0.0,0.00028600269179004,0.2,0.0,0.0,1.0,21.01,LOW
U0842,436,7.0,0.0146801817546312,7.0,0.0,7.0,31.0,2.0,0.0,0.000146801817546312,0.2,0.0,0.0,1.0,21.0,LOW
U0843,225,8.0,0.0115044459890228,8.0,0.0,8.0,30.0,2.0,0.0,0.000115044459890228,0.2,0.0,0.0,1.0,21.0,LOW
U0844,181,10.0,0.0214278061497803,10.0,0.0,10.0,29.0,2.0,0.0,0.000214278061497803,0.2,0.0,0.0,1.0,21.01,LOW
U0845,824,11.0,0.0181273860858578,10.0,0.0909090909090909,11.0,33.0,2.0,0.0,0.000181273860858578,0.2,0.0909090909090909,0.0,1.0,22.37,LOW
U0846,981,18.0,0.0329871716554673,16.0,0.1111111111111111,18.0,34.0,2.0,0.0,0.000329871716554673,0.2,0.1111111111111111,0.0,1.0,22.68,LOW
U0847,713,9.0,0.016627151522616,9.0,0.0,9.0,28.0,2.0,0.0,0.00016627151522615998,0.2,0.0,0.0,1.0,21.0,LOW
U0848,531,9.0,0.0274753230894474,9.0,0.0,8.0,33.0,2.0,0.0,0.000274753230894474,0.2,0.0,0.0,1.0,21.01,LOW
U0849,476,10.0,0.017247326664367,10.0,0.0,10.0,37.0,2.0,0.0,0.00017247326664366998,0.2,0.0,0.0,1.0,21.01,LOW
U0850,52,13.0,0.0192711550339715,13.0,0.0,13.0,28.0,2.0,0.0,0.00019271155033971502,0.2,0.0,0.0,1.0,21.01,LOW
U0851,571,10.0,0.0188994235675811,10.0,0.0,10.0,33.0,3.0,0.0,0.00018899423567581098,0.4,0.0,0.0,1.0,27.01,LOW
U0852,256,8.0,0.0151157298063297,8.0,0.0,8.0,31.0,2.0,0.0,0.00015115729806329702,0.2,0.0,0.0,1.0,21.0,LOW
U0853,940,10.0,0.0150791656195023,10.0,0.0,10.0,28.0,2.0,0.0,0.00015079165619502302,0.2,0.0,0.0,1.0,21.0,LOW
U0854,869,14.0,0.0240832592677542,13.0,0.0714285714285714,14.0,36.0,2.0,0.0,0.000240832592677542,0.2,0.0714285714285714,0.0,1.0,22.08,LOW
U0855,125,9.0,0.0134717094102384,9.0,0.0,9.0,29.0,2.0,0.0,0.000134717094102384,0.2,0.0,0.0,1.0,21.0,LOW
U0856,468,14.0,0.0198361158995914,14.0,0.0,14.0,37.0,2.0,0.0,0.000198361158995914,0.2,0.0,0.0,1.0,21.01,LOW
U0857,137,7.0,0.0113250283125707,7.0,0.0,7.0,37.0,2.0,0.0,0.00011325028312570699,0.2,0.0,0.0,1.0,21.0,LOW
U0858,821,9.0,0.0201801263126424,8.0,0.1111111111111111,9.0,34.0,2.0,0.0,0.000201801263126424,0.2,0.1111111111111111,0.0,1.0,22.67,LOW
U0859,476,11.0,0.0162481536189069,11.0,0.0,11.0,26.0,2.0,0.0,0.000162481536189069,0.2,0.0,0.0,1.0,21.0,LOW
U0860,684,8.0,0.0119245770501577,8.0,0.0,8.0,34.0,2.0,0.0,0.000119245770501577,0.2,0.0,0.0,1.0,21.0,LOW
U0861,544,16.0,0.0275814514738838,16.0,0.0,16.0,37.0,2.0,0.0,0.000275814514738838,0.2,0.0,0.0,1.0,21.01,LOW
U0862,573,17.0,0.0251696483652066,14.0,0.1764705882352941,16.0,37.0,2.0,0.0,0.000251696483652066,0.2,0.1764705882352941,0.0,1.0,23.65,LOW
U0863,610,7.0,0.0145077720207253,7.0,0.0,7.0,31.0,2.0,0.0,0.00014507772020725301,0.2,0.0,0.0,1.0,21.0,LOW
U0864,325,12.0,0.019650655021834,10.0,0.1666666666666666,11.0,27.0,2.0,0.0,0.00019650655021833998,0.2,0.1666666666666666,0.0,1.0,23.51,LOW
U0865,973,10.0,0.023130300693909,10.0,0.0,10.0,33.0,2.0,0.0,0.00023130300693908999,0.2,0.0,0.0,1.0,21.01,LOW
U0866,774,8.0,0.0176211453744493,8.0,0.0,8.0,37.0,2.0,0.0,0.000176211453744493,0.2,0.0,0.0,1.0,21.01,LOW
U0867,913,10.0,0.0210025203024362,8.0,0.1999999999999999,10.0,29.0,3.0,0.0,0.00021002520302436202,0.4,0.1999999999999999,0.0,1.0,30.01,LOW
U0868,454,16.0,0.0250071635103805,15.0,0.0625,15.0,29.0,2.0,0.0,0.000250071635103805,0.2,0.0625,0.0,1.0,21.95,LOW
U0869,628,6.0,0.0109772831224271,6.0,0.0,6.0,31.0,2.0,0.0,0.000109772831224271,0.2,0.0,0.0,1.0,21.0,LOW
U0870,835,13.0,0.0207160310209285,10.0,0.2307692307692307,12.0,34.0,2.0,0.0,0.000207160310209285,0.2,0.2307692307692307,0.0,1.0,24.47,LOW
U0871,737,16.0,0.0242228502220427,14.0,0.125,15.0,34.0,2.0,0.0,0.00024222850222042701,0.2,0.125,0.0,1.0,22.88,LOW
U0872,914,13.0,0.0193904439914483,12.0,0.0769230769230768,13.0,36.0,2.0,0.0,0.000193904439914483,0.2,0.0769230769230768,0.0,1.0,22.16,LOW
U0873,517,5.0,0.0155440414507772,5.0,0.0,5.0,31.0,2.0,0.0,0.000155440414507772,0.2,0.0,0.0,1.0,21.0,LOW
U0874,437,10.0,0.0143926309729418,10.0,0.0,10.0,37.0,1.0,0.0,0.000143926309729418,0.0,0.0,0.0,1.0,15.0,LOW
U0875,851,11.0,0.0161420500403551,11.0,0.0,11.0,36.0,2.0,0.0,0.000161420500403551,0.2,0.0,0.0,1.0,21.0,LOW
U0876,929,15.0,0.0304095147992972,14.0,0.0666666666666666,15.0,32.0,2.0,0.0,0.000304095147992972,0.2,0.0666666666666666,0.0,1.0,22.01,LOW
U0877,562,16.0,0.0281046899701387,13.0,0.1875,16.0,37.0,2.0,0.0,0.00028104689970138703,0.2,0.1875,0.0,1.0,23.82,LOW
U0878,457,12.0,0.0190708269322455,11.0,0.0833333333333333,12.0,36.0,2.0,0.0,0.00019070826932245498,0.2,0.0833333333333333,0.0,1.0,22.26,LOW
U0879,919,10.0,0.0172314761631246,10.0,0.0,10.0,31.0,2.0,0.0,0.000172314761631246,0.2,0.0,0.0,1.0,21.01,LOW
U0880,163,15.0,0.0247381875154613,13.0,0.1333333333333333,15.0,36.0,2.0,0.0,0.000247381875154613,0.2,0.1333333333333333,0.0,1.0,23.01,LOW
U0881,762,13.0,0.0244376214048499,11.0,0.1538461538461538,12.0,34.0,2.0,0.0,0.000244376214048499,0.2,0.1538461538461538,0.0,1.0,23.32,LOW
U0882,883,7.0,0.010606596292742,7.0,0.0,7.0,32.0,2.0,0.0,0.00010606596292742,0.2,0.0,0.0,1.0,21.0,LOW
U0883,487,8.0,0.0137327268045661,7.0,0.125,8.0,33.0,1.0,0.0,0.000137327268045661,0.0,0.125,0.0,1.0,16.88,LOW
U0884,461,12.0,0.0192951896020367,11.0,0.0833333333333333,12.0,27.0,1.0,0.0,0.000192951896020367,0.0,0.0833333333333333,0.0,1.0,16.26,LOW
U0885,266,17.0,0.0276617670987687,15.0,0.1176470588235294,17.0,34.0,2.0,0.0,0.00027661767098768696,0.2,0.1176470588235294,0.0,1.0,22.77,LOW
U0886,770,8.0,0.0117719190680564,7.0,0.125,8.0,28.0,1.0,0.0,0.00011771919068056399,0.0,0.125,0.0,1.0,16.88,LOW
U0887,254,11.0,0.0253436756009523,11.0,0.0,10.0,31.0,2.0,0.0,0.000253436756009523,0.2,0.0,0.0,1.0,21.01,LOW
U0888,861,16.0,0.0242259065788477,15.0,0.0625,15.0,37.0,2.0,0.0,0.000242259065788477,0.2,0.0625,0.0,1.0,21.94,LOW
U0889,653,9.0,0.0164004130474397,8.0,0.1111111111111111,9.0,31.0,2.0,0.0,0.000164004130474397,0.2,0.1111111111111111,0.0,1.0,22.67,LOW
U0890,284,11.0,0.0171437477271546,11.0,0.0,11.0,33.0,2.0,0.0,0.00017143747727154602,0.2,0.0,0.0,1.0,21.01,LOW
U0891,785,14.0,0.0227438875802128,13.0,0.0714285714285714,14.0,29.0,2.0,0.0,0.00022743887580212798,0.2,0.0714285714285714,0.0,1.0,22.08,LOW
U0892,797,9.0,0.0209961507057039,9.0,0.0,9.0,36.0,2.0,0.0,0.000209961507057039,0.2,0.0,0.0,1.0,21.01,LOW
U0893,534,6.0,0.0100597999217571,6.0,0.0,6.0,31.0,2.0,0.0,0.000100597999217571,0.2,0.0,0.0,1.0,21.0,LOW
U0894,497,14.0,0.0219826232597089,13.0,0.0714285714285714,14.0,29.0,2.0,0.0,0.000219826232597089,0.2,0.0714285714285714,0.0,1.0,22.08,LOW
U0895,642,11.0,0.0216698952621729,10.0,0.0909090909090909,11.0,36.0,2.0,0.0,0.00021669895262172898,0.2,0.0909090909090909,0.0,1.0,22.37,LOW
U0896,245,13.0,0.0196122803047446,12.0,0.0769230769230768,13.0,31.0,2.0,0.0,0.000196122803047446,0.2,0.0769230769230768,0.0,1.0,22.16,LOW
U0897,282,9.0,0.0178713264495631,9.0,0.0,9.0,27.0,3.0,0.0,0.00017871326449563099,0.4,0.0,0.0,1.0,27.01,LOW
U0898,451,12.0,0.0237835695173917,12.0,0.0,12.0,32.0,2.0,0.0,0.000237835695173917,0.2,0.0,0.0,1.0,21.01,LOW
U0899,80,10.0,0.0168095478231635,10.0,0.0,10.0,34.0,2.0,0.0,0.000168095478231635,0.2,0.0,0.0,1.0,21.01,LOW
U0900,731,7.0,0.0141053197205803,7.0,0.0,7.0,34.0,3.0,0.0,0.000141053197205803,0.4,0.0,0.0,1.0,27.0,LOW
U0901,293,14.0,0.0257226849583537,13.0,0.0714285714285714,14.0,32.0,2.0,0.0,0.00025722684958353703,0.2,0.0714285714285714,0.0,1.0,22.08,LOW
U0902,241,10.0,0.0196322230220535,9.0,0.0999999999999999,10.0,31.0,2.0,0.0,0.000196322230220535,0.2,0.0999999999999999,0.0,1.0,22.51,LOW
U0903,279,10.0,0.0150090054032419,9.0,0.0999999999999999,10.0,28.0,2.0,0.0,0.000150090054032419,0.2,0.0999999999999999,0.0,1.0,22.5,LOW
U0904,344,8.0,0.0165181183110224,7.0,0.125,7.0,29.0,2.0,0.0,0.000165181183110224,0.2,0.125,0.0,1.0,22.88,LOW
U0905,328,10.0,0.0156817647212566,10.0,0.0,10.0,37.0,2.0,0.0,0.000156817647212566,0.2,0.0,0.0,1.0,21.0,LOW
U0906,915,10.0,0.0148166440301271,10.0,0.0,10.0,31.0,2.0,0.0,0.000148166440301271,0.2,0.0,0.0,1.0,21.0,LOW
U0907,554,14.0,0.0240432779002203,14.0,0.0,13.0,37.0,2.0,0.0,0.000240432779002203,0.2,0.0,0.0,1.0,21.01,LOW
U0908,83,10.0,0.0149629666575226,9.0,0.0999999999999999,10.0,33.0,2.0,0.0,0.000149629666575226,0.2,0.0999999999999999,0.0,1.0,22.5,LOW
U0909,142,9.0,0.0133185349611542,9.0,0.0,9.0,26.0,1.0,0.0,0.000133185349611542,0.0,0.0,0.0,1.0,15.0,LOW
U0910,155,10.0,0.0202299470649718,8.0,0.1999999999999999,10.0,33.0,2.0,0.0,0.000202299470649718,0.2,0.1999999999999999,0.0,1.0,24.01,LOW
U0911,237,14.0,0.0204007285974499,14.0,0.0,13.0,32.0,2.0,0.0,0.000204007285974499,0.2,0.0,0.0,1.0,21.01,LOW
U0912,393,8.0,0.0149882903981264,6.0,0.25,8.0,23.0,2.0,0.0,0.000149882903981264,0.2,0.25,0.0,1.0,24.75,LOW
U0913,711,13.0,0.0270101807604404,12.0,0.0769230769230768,13.0,30.0,2.0,0.0,0.000270101807604404,0.2,0.0769230769230768,0.0,1.0,22.16,LOW
U0914,157,16.0,0.0248846492819741,15.0,0.0625,16.0,34.0,2.0,0.0,0.000248846492819741,0.2,0.0625,0.0,1.0,21.94,LOW
U0915,724,19.0,0.0276853583311071,14.0,0.2631578947368421,18.0,31.0,2.0,0.0,0.000276853583311071,0.2,0.2631578947368421,0.0,1.0,24.96,LOW
U0916,220,10.0,0.0204436266993764,10.0,0.0,10.0,29.0,2.0,0.0,0.000204436266993764,0.2,0.0,0.0,1.0,21.01,LOW
U0917,66,7.0,0.0105323870903026,7.0,0.0,7.0,24.0,2.0,0.0,0.000105323870903026,0.2,0.0,0.0,1.0,21.0,LOW
U0918,425,11.0,0.0201908957415565,11.0,0.0,11.0,36.0,2.0,0.0,0.000201908957415565,0.2,0.0,0.0,1.0,21.01,LOW
U0919,418,12.0,0.0198944488961344,11.0,0.0833333333333333,12.0,29.0,2.0,0.0,0.00019894448896134401,0.2,0.0833333333333333,0.0,1.0,22.26,LOW
U0920,339,14.0,0.022604951560818,13.0,0.0714285714285714,13.0,37.0,1.0,0.0,0.00022604951560818002,0.0,0.0714285714285714,0.0,1.0,16.08,LOW
U0921,556,16.0,0.0255387071029529,15.0,0.0625,16.0,31.0,2.0,0.0,0.000255387071029529,0.2,0.0625,0.0,1.0,21.95,LOW
U0922,478,10.0,0.0195516162669447,9.0,0.0999999999999999,9.0,29.0,2.0,0.0,0.000195516162669447,0.2,0.0999999999999999,0.0,1.0,22.51,LOW
U0923,426,9.0,0.0144107600341588,6.0,0.3333333333333333,9.0,34.0,2.0,0.0,0.000144107600341588,0.2,0.3333333333333333,0.0,1.0,26.0,LOW
U0924,64,13.0,0.020406027626622,13.0,0.0,13.0,29.0,2.0,0.0,0.00020406027626622002,0.2,0.0,0.0,1.0,21.01,LOW
U0925,212,10.0,0.0181664042630495,10.0,0.0,10.0,33.0,3.0,0.0,0.000181664042630495,0.4,0.0,0.0,1.0,27.01,LOW
U0926,853,15.0,0.0241034842925627,14.0,0.0666666666666666,14.0,34.0,2.0,0.0,0.000241034842925627,0.2,0.0666666666666666,0.0,1.0,22.01,LOW
U0927,431,12.0,0.017790077090334,12.0,0.0,12.0,37.0,3.0,0.0,0.00017790077090333998,0.4,0.0,0.0,1.0,27.01,LOW
U0928,399,9.0,0.017284424812752,9.0,0.0,9.0,30.0,2.0,0.0,0.00017284424812752,0.2,0.0,0.0,1.0,21.01,LOW
U0929,927,9.0,0.0145032632342277,9.0,0.0,9.0,26.0,2.0,0.0,0.000145032632342277,0.2,0.0,0.0,1.0,21.0,LOW
U0930,789,12.0,0.0265829795089532,12.0,0.0,12.0,37.0,2.0,0.0,0.000265829795089532,0.2,0.0,0.0,1.0,21.01,LOW
U0931,599,20.0,0.0300172599244565,19.0,0.05,19.0,32.0,2.0,0.0,0.00030017259924456497,0.2,0.05,0.0,1.0,21.76,LOW
U0932,969,11.0,0.0181104738907334,11.0,0.0,11.0,34.0,2.0,0.0,0.000181104738907334,0.2,0.0,0.0,1.0,21.01,LOW
U0933,713,8.0,0.0123510794328796,8.0,0.0,8.0,29.0,2.0,0.0,0.000123510794328796,0.2,0.0,0.0,1.0,21.0,LOW
U0934,21,8.0,0.0126548905879251,8.0,0.0,8.0,37.0,2.0,0.0,0.000126548905879251,0.2,0.0,0.3,1.0,24.0,LOW
U0935,878,4.0,0.0086299892125134,4.0,0.0,4.0,30.0,2.0,0.0,8.6299892125134e-05,0.2,0.0,0.0,1.0,21.0,LOW
U0936,902,13.0,0.0236077481840193,12.0,0.0769230769230768,12.0,31.0,2.0,0.0,0.000236077481840193,0.2,0.0769230769230768,0.0,1.0,22.16,LOW
U0937,784,9.0,0.0175205217222023,8.0,0.1111111111111111,9.0,33.0,2.0,0.0,0.00017520521722202298,0.2,0.1111111111111111,0.0,1.0,22.67,LOW
U0938,590,4.0,0.0067185487934606,4.0,0.0,4.0,31.0,2.0,0.0,6.7185487934606e-05,0.2,0.0,0.0,1.0,21.0,LOW
U0939,390,8.0,0.0170678803826049,8.0,0.0,8.0,36.0,2.0,0.0,0.000170678803826049,0.2,0.0,0.0,1.0,21.01,LOW
U0940,489,11.0,0.0240104772991851,9.0,0.1818181818181817,11.0,38.0,2.0,0.0,0.000240104772991851,0.2,0.1818181818181817,0.0,1.0,23.73,LOW
U0941,7,10.0,0.0170799054911896,10.0,0.0,10.0,28.0,2.0,0.0,0.00017079905491189598,0.2,0.0,0.7666666666666667,1.0,28.67,LOW
U0942,966,12.0,0.0207057199551376,12.0,0.0,12.0,37.0,2.0,0.0,0.00020705719955137599,0.2,0.0,0.0,1.0,21.01,LOW
U0943,361,8.0,0.0159516134392343,8.0,0.0,8.0,31.0,2.0,0.0,0.00015951613439234302,0.2,0.0,0.0,1.0,21.0,LOW
U0944,306,11.0,0.0255447613887061,11.0,0.0,10.0,32.0,2.0,0.0,0.000255447613887061,0.2,0.0,0.0,1.0,21.01,LOW
U0945,772,11.0,0.0195300940995442,10.0,0.0909090909090909,11.0,30.0,2.0,0.0,0.000195300940995442,0.2,0.0909090909090909,0.0,1.0,22.37,LOW
U0946,400,12.0,0.0216203231037174,11.0,0.0833333333333333,11.0,28.0,3.0,0.0,0.000216203231037174,0.4,0.0833333333333333,0.0,1.0,28.26,LOW
U0947,874,7.0,0.0128033166686989,7.0,0.0,7.0,36.0,2.0,0.0,0.000128033166686989,0.2,0.0,0.0,1.0,21.0,LOW
U0948,914,10.0,0.0177856825255669,10.0,0.0,9.0,29.0,2.0,0.0,0.000177856825255669,0.2,0.0,0.0,1.0,21.01,LOW
U0949,977,16.0,0.0254250754806928,15.0,0.0625,15.0,37.0,2.0,0.0,0.000254250754806928,0.2,0.0625,0.0,1.0,21.95,LOW
U0950,856,10.0,0.0197316495659037,9.0,0.0999999999999999,10.0,37.0,2.0,0.0,0.000197316495659037,0.2,0.0999999999999999,0.0,1.0,22.51,LOW
U0951,430,13.0,0.0201067202845874,13.0,0.0,13.0,29.0,2.0,0.0,0.000201067202845874,0.2,0.0,0.0,1.0,21.01,LOW
U0952,552,14.0,0.0317676423871114,14.0,0.0,13.0,36.0,2.0,0.0,0.00031767642387111396,0.2,0.0,0.0,1.0,21.01,LOW
U0953,766,17.0,0.0290830291970802,12.0,0.2941176470588235,17.0,36.0,2.0,0.0,0.000290830291970802,0.2,0.2941176470588235,0.0,1.0,25.42,LOW
U0954,753,16.0,0.0262538970628452,13.0,0.1875,16.0,29.0,2.0,0.0,0.000262538970628452,0.2,0.1875,0.0,1.0,23.82,LOW
U0955,560,9.0,0.0171368728380565,8.0,0.1111111111111111,9.0,26.0,1.0,0.0,0.000171368728380565,0.0,0.1111111111111111,0.0,1.0,16.67,LOW
U0956,820,12.0,0.0296028287147438,10.0,0.1666666666666666,12.0,36.0,2.0,0.0,0.000296028287147438,0.2,0.1666666666666666,0.0,1.0,23.51,LOW
U0957,618,12.0,0.0238576493588256,11.0,0.0833333333333333,12.0,33.0,2.0,0.0,0.000238576493588256,0.2,0.0833333333333333,0.0,1.0,22.26,LOW
U0958,920,9.0,0.0136013299078132,8.0,0.1111111111111111,9.0,26.0,2.0,0.0,0.000136013299078132,0.2,0.1111111111111111,0.0,1.0,22.67,LOW
U0959,226,10.0,0.0183480627503746,10.0,0.0,10.0,37.0,2.0,0.0,0.000183480627503746,0.2,0.0,0.0,1.0,21.01,LOW
U0960,500,13.0,0.0210441116956697,12.0,0.0769230769230768,13.0,31.0,1.0,0.0,0.000210441116956697,0.0,0.0769230769230768,0.0,1.0,16.16,LOW
U0961,225,13.0,0.0253534861043393,12.0,0.0769230769230768,13.0,36.0,2.0,0.0,0.000253534861043393,0.2,0.0769230769230768,0.0,1.0,22.16,LOW
U0962,280,12.0,0.0235679214402618,12.0,0.0,12.0,27.0,2.0,0.0,0.000235679214402618,0.2,0.0,0.0,1.0,21.01,LOW
U0963,447,10.0,0.0153917192550407,10.0,0.0,10.0,29.0,2.0,0.0,0.000153917192550407,0.2,0.0,0.0,1.0,21.0,LOW
U0964,498,9.0,0.0142830692728859,9.0,0.0,9.0,27.0,2.0,0.0,0.00014283069272885902,0.2,0.0,0.0,1.0,21.0,LOW
U0965,30,11.0,0.0194914503411003,9.0,0.1818181818181817,11.0,37.0,2.0,0.0,0.000194914503411003,0.2,0.1818181818181817,0.0,1.0,23.73,LOW
U0966,399,9.0,0.0147492625368731,8.0,0.1111111111111111,9.0,29.0,2.0,0.0,0.00014749262536873102,0.2,0.1111111111111111,0.0,1.0,22.67,LOW
U0967,345,12.0,0.0184322359326199,12.0,0.0,12.0,33.0,2.0,0.0,0.000184322359326199,0.2,0.0,0.0,1.0,21.01,LOW
U0968,685,12.0,0.0210859251449657,11.0,0.0833333333333333,12.0,36.0,2.0,0.0,0.000210859251449657,0.2,0.0833333333333333,0.0,1.0,22.26,LOW
U0969,696,12.0,0.0178722136722434,12.0,0.0,12.0,34.0,2.0,0.0,0.00017872213672243402,0.2,0.0,0.0,1.0,21.01,LOW
U0970,818,14.0,0.0286983259309873,13.0,0.0714285714285714,14.0,38.0,2.0,0.0,0.00028698325930987304,0.2,0.0714285714285714,0.0,1.0,22.08,LOW
U0971,415,9.0,0.0210690596956691,8.0,0.1111111111111111,9.0,31.0,2.0,0.0,0.000210690596956691,0.2,0.1111111111111111,0.0,1.0,22.67,LOW
U0972,742,11.0,0.0174469322477464,10.0,0.0909090909090909,11.0,31.0,2.0,0.0,0.00017446932247746402,0.2,0.0909090909090909,0.0,1.0,22.37,LOW
U0973,170,7.0,0.0173310225303292,7.0,0.0,7.0,32.0,2.0,0.0,0.00017331022530329198,0.2,0.0,0.0,1.0,21.01,LOW
U0974,861,13.0,0.0214881952670872,13.0,0.0,12.0,29.0,3.0,0.0,0.000214881952670872,0.4,0.0,0.0,1.0,27.01,LOW
U0975,479,7.0,0.0138148805999605,7.0,0.0,7.0,33.0,2.0,0.0,0.000138148805999605,0.2,0.0,0.0,1.0,21.0,LOW
U0976,942,18.0,0.0277863538129052,17.0,0.0555555555555555,18.0,37.0,3.0,0.0,0.000277863538129052,0.4,0.0555555555555555,0.0,1.0,27.84,LOW
U0977,131,13.0,0.0206027628833302,12.0,0.0769230769230768,12.0,29.0,2.0,0.0,0.000206027628833302,0.2,0.0769230769230768,0.0,1.0,22.16,LOW
U0978,638,9.0,0.0137268359643102,9.0,0.0,9.0,33.0,2.0,0.0,0.00013726835964310202,0.2,0.0,0.0,1.0,21.0,LOW
U0979,547,15.0,0.0258027522935779,12.0,0.1999999999999999,14.0,31.0,2.0,0.0,0.000258027522935779,0.2,0.1999999999999999,0.0,1.0,24.01,LOW
U0980,28,9.0,0.0175626890428334,7.0,0.2222222222222222,8.0,37.0,1.0,0.0,0.000175626890428334,0.0,0.2222222222222222,0.06666666666666667,1.0,19.01,LOW
U0981,929,11.0,0.0184899845916795,11.0,0.0,11.0,29.0,2.0,0.0,0.000184899845916795,0.2,0.0,0.0,1.0,21.01,LOW
U0982,404,10.0,0.0164113785557986,10.0,0.0,10.0,34.0,2.0,0.0,0.00016411378555798598,0.2,0.0,0.0,1.0,21.0,LOW
U0983,607,13.0,0.0182541539901708,12.0,0.0769230769230768,12.0,36.0,2.0,0.0,0.00018254153990170802,0.2,0.0769230769230768,0.0,1.0,22.16,LOW
U0984,578,14.0,0.0222386953298739,14.0,0.0,13.0,37.0,2.0,0.0,0.00022238695329873897,0.2,0.0,0.0,1.0,21.01,LOW
U0985,679,4.0,0.0123032757471676,4.0,0.0,4.0,26.0,2.0,0.0,0.00012303275747167598,0.2,0.0,0.0,1.0,21.0,LOW
U0986,28,14.0,0.03076246978686,12.0,0.1428571428571429,11.0,29.0,2.0,0.0,0.00030762469786860003,0.2,0.1428571428571429,0.06666666666666667,1.0,23.82,LOW
U0987,86,15.0,0.0256636915794576,15.0,0.0,15.0,29.0,2.0,0.0,0.000256636915794576,0.2,0.0,0.0,1.0,21.01,LOW
U0988,659,11.0,0.019359948373471,11.0,0.0,11.0,25.0,2.0,0.0,0.00019359948373470998,0.2,0.0,0.0,1.0,21.01,LOW
U0989,439,11.0,0.0161689409343687,11.0,0.0,11.0,31.0,2.0,0.0,0.000161689409343687,0.2,0.0,0.0,1.0,21.0,LOW
U0990,139,11.0,0.0228745711017918,9.0,0.1818181818181817,11.0,32.0,2.0,0.0,0.000228745711017918,0.2,0.1818181818181817,0.0,1.0,23.73,LOW
U0991,888,14.0,0.0222134073780245,12.0,0.1428571428571429,13.0,36.0,2.0,0.0,0.00022213407378024501,0.2,0.1428571428571429,0.0,1.0,23.15,LOW
U0992,473,10.0,0.0173611111111111,10.0,0.0,10.0,36.0,2.0,0.0,0.000173611111111111,0.2,0.0,0.0,1.0,21.01,LOW
U0993,187,9.0,0.0247626908790755,9.0,0.0,9.0,30.0,1.0,0.0,0.00024762690879075503,0.0,0.0,0.0,1.0,15.01,LOW
U0994,52,13.0,0.0204006904849087,13.0,0.0,13.0,31.0,2.0,0.0,0.000204006904849087,0.2,0.0,0.0,1.0,21.01,LOW
U0995,267,13.0,0.0202665835217086,12.0,0.0769230769230768,13.0,31.0,2.0,0.0,0.00020266583521708602,0.2,0.0769230769230768,0.0,1.0,22.16,LOW
U0996,389,8.0,0.0148768014876801,7.0,0.125,8.0,31.0,2.0,0.0,0.00014876801487680099,0.2,0.125,0.0,1.0,22.88,LOW
U0997,336,8.0,0.0177883190038541,8.0,0.0,8.0,31.0,2.0,0.0,0.00017788319003854102,0.2,0.0,0.0,1.0,21.01,LOW
U0998,217,10.0,0.0176015019948368,9.0,0.0999999999999999,9.0,31.0,2.0,0.0,0.00017601501994836798,0.2,0.0999999999999999,0.0,1.0,22.51,LOW
U0999,466,7.0,0.0130592954199185,7.0,0.0,7.0,29.0,2.0,0.0,0.00013059295419918498,0.2,0.0,0.0,1.0,21.0,LOW
U1000,335,16.0,0.0254662174708862,15.0,0.0625,16.0,37.0,2.0,0.0,0.000254662174708862,0.2,0.0625,0.0,1.0,21.95,LOW
