user_id,account_age_days,transaction_count,transactions_per_hour,unique_merchant_count,merchant_concentration_ratio,unique_device_count,max_shared_device_users,max_users_on_device_in_window,is_suspicious,velocity_score,short_window_device_score,merchant_score,account_age_score,shared_device_score,risk_score,risk_level,risk_reasons
U0001,655,1.0,0.0,1.0,0.0,1.0,5.0,4.0,1.0,0.0,0.6,0.0,0.0,0.8,30.0,LOW,No major risk indicators detected
U0002,115,1.0,0.0,1.0,0.0,1.0,5.0,3.0,1.0,0.0,0.4,0.0,0.0,0.8,24.0,LOW,No major risk indicators detected
U0003,26,0.0,0.0,0.0,0.0,0.0,0.0,0.0,0.0,0.0,0.0,0.0,0.1333333333333333,0.0,1.33,LOW,Recently created account
U0004,760,1.0,0.0,1.0,0.0,1.0,5.0,3.0,1.0,0.0,0.4,0.0,0.0,0.8,24.0,LOW,No major risk indicators detected
U0005,282,1.0,0.0,1.0,0.0,1.0,5.0,5.0,1.0,0.0,0.8,0.0,0.0,0.8,36.0,LOW,No major risk indicators detected
U0006,251,1.0,0.0,1.0,0.0,1.0,5.0,5.0,1.0,0.0,0.8,0.0,0.0,0.8,36.0,LOW,No major risk indicators detected
U0007,229,0.0,0.0,0.0,0.0,0.0,0.0,0.0,0.0,0.0,0.0,0.0,0.0,0.0,0.0,LOW,No major risk indicators detected
U0008,143,0.0,0.0,0.0,0.0,0.0,0.0,0.0,0.0,0.0,0.0,0.0,0.0,0.0,0.0,LOW,No major risk indicators detected
U0009,755,0.0,0.0,0.0,0.0,0.0,0.0,0.0,0.0,0.0,0.0,0.0,0.0,0.0,0.0,LOW,No major risk indicators detected
U0010,105,0.0,0.0,0.0,0.0,0.0,0.0,0.0,0.0,0.0,0.0,0.0,0.0,0.0,0.0,LOW,No major risk indicators detected
U0011,693,0.0,0.0,0.0,0.0,0.0,0.0,0.0,0.0,0.0,0.0,0.0,0.0,0.0,0.0,LOW,No major risk indicators detected
U0012,759,0.0,0.0,0.0,0.0,0.0,0.0,0.0,0.0,0.0,0.0,0.0,0.0,0.0,0.0,LOW,No major risk indicators detected
U0013,914,0.0,0.0,0.0,0.0,0.0,0.0,0.0,0.0,0.0,0.0,0.0,0.0,0.0,0.0,LOW,No major risk indicators detected
U0014,559,2.0,0.316622691292876,2.0,0.0,2.0,5.0,4.0,1.0,0.0031662269129287,0.6,0.0,0.0,0.8,30.09,LOW,No major risk indicators detected
U0015,90,2.0,0.1986754966887417,2.0,0.0,2.0,5.0,5.0,1.0,0.0019867549668874,0.8,0.0,0.0,0.8,36.06,LOW,No major risk indicators detected
U0016,605,1.0,0.0,1.0,0.0,1.0,5.0,5.0,1.0,0.0,0.8,0.0,0.0,0.8,36.0,LOW,No major risk indicators detected
U0017,433,0.0,0.0,0.0,0.0,0.0,0.0,0.0,0.0,0.0,0.0,0.0,0.0,0.0,0.0,LOW,No major risk indicators detected
U0018,33,0.0,0.0,0.0,0.0,0.0,0.0,0.0,0.0,0.0,0.0,0.0,0.0,0.0,0.0,LOW,No major risk indicators detected
U0019,31,0.0,0.0,0.0,0.0,0.0,0.0,0.0,0.0,0.0,0.0,0.0,0.0,0.0,0.0,LOW,No major risk indicators detected
U0020,96,0.0,0.0,0.0,0.0,0.0,0.0,0.0,0.0,0.0,0.0,0.0,0.0,0.0,0.0,LOW,No major risk indicators detected
U0021,224,0.0,0.0,0.0,0.0,0.0,0.0,0.0,0.0,0.0,0.0,0.0,0.0,0.0,0.0,LOW,No major risk indicators detected
U0022,239,0.0,0.0,0.0,0.0,0.0,0.0,0.0,0.0,0.0,0.0,0.0,0.0,0.0,0.0,LOW,No major risk indicators detected
U0023,518,0.0,0.0,0.0,0.0,0.0,0.0,0.0,0.0,0.0,0.0,0.0,0.0,0.0,0.0,LOW,No major risk indicators detected
U0024,617,0.0,0.0,0.0,0.0,0.0,0.0,0.0,0.0,0.0,0.0,0.0,0.0,0.0,0.0,LOW,No major risk indicators detected
U0025,28,1.0,0.0,1.0,0.0,1.0,5.0,3.0,1.0,0.0,0.4,0.0,0.0666666666666666,0.8,24.67,LOW,Recently created account
U0026,575,0.0,0.0,0.0,0.0,0.0,0.0,0.0,0.0,0.0,0.0,0.0,0.0,0.0,0.0,LOW,No major risk indicators detected
U0027,204,0.0,0.0,0.0,0.0,0.0,0.0,0.0,0.0,0.0,0.0,0.0,0.0,0.0,0.0,LOW,No major risk indicators detected
U0028,734,0.0,0.0,0.0,0.0,0.0,0.0,0.0,0.0,0.0,0.0,0.0,0.0,0.0,0.0,LOW,No major risk indicators detected
U0029,666,0.0,0.0,0.0,0.0,0.0,0.0,0.0,0.0,0.0,0.0,0.0,0.0,0.0,0.0,LOW,No major risk indicators detected
U0030,719,0.0,0.0,0.0,0.0,0.0,0.0,0.0,0.0,0.0,0.0,0.0,0.0,0.0,0.0,LOW,No major risk indicators detected
U0031,559,1.0,0.0,1.0,0.0,1.0,5.0,4.0,1.0,0.0,0.6,0.0,0.0,0.8,30.0,LOW,No major risk indicators detected
U0032,430,0.0,0.0,0.0,0.0,0.0,0.0,0.0,0.0,0.0,0.0,0.0,0.0,0.0,0.0,LOW,No major risk indicators detected
U0033,226,0.0,0.0,0.0,0.0,0.0,0.0,0.0,0.0,0.0,0.0,0.0,0.0,0.0,0.0,LOW,No major risk indicators detected
U0034,460,0.0,0.0,0.0,0.0,0.0,0.0,0.0,0.0,0.0,0.0,0.0,0.0,0.0,0.0,LOW,No major risk indicators detected
U0035,604,0.0,0.0,0.0,0.0,0.0,0.0,0.0,0.0,0.0,0.0,0.0,0.0,0.0,0.0,LOW,No major risk indicators detected
U0036,285,0.0,0.0,0.0,0.0,0.0,0.0,0.0,0.0,0.0,0.0,0.0,0.0,0.0,0.0,LOW,No major risk indicators detected
U0037,829,0.0,0.0,0.0,0.0,0.0,0.0,0.0,0.0,0.0,0.0,0.0,0.0,0.0,0.0,LOW,No major risk indicators detected
U0038,891,0.0,0.0,0.0,0.0,0.0,0.0,0.0,0.0,0.0,0.0,0.0,0.0,0.0,0.0,LOW,No major risk indicators detected
U0039,7,0.0,0.0,0.0,0.0,0.0,0.0,0.0,0.0,0.0,0.0,0.0,0.7666666666666667,0.0,7.67,LOW,Very new account; Recently created account
U0040,778,0.0,0.0,0.0,0.0,0.0,0.0,0.0,0.0,0.0,0.0,0.0,0.0,0.0,0.0,LOW,No major risk indicators detected
U0041,826,0.0,0.0,0.0,0.0,0.0,0.0,0.0,0.0,0.0,0.0,0.0,0.0,0.0,0.0,LOW,No major risk indicators detected
U0042,164,1.0,0.0,1.0,0.0,1.0,5.0,4.0,1.0,0.0,0.6,0.0,0.0,0.8,30.0,LOW,No major risk indicators detected
U0043,715,0.0,0.0,0.0,0.0,0.0,0.0,0.0,0.0,0.0,0.0,0.0,0.0,0.0,0.0,LOW,No major risk indicators detected
U0044,433,0.0,0.0,0.0,0.0,0.0,0.0,0.0,0.0,0.0,0.0,0.0,0.0,0.0,0.0,LOW,No major risk indicators detected
U0045,349,0.0,0.0,0.0,0.0,0.0,0.0,0.0,0.0,0.0,0.0,0.0,0.0,0.0,0.0,LOW,No major risk indicators detected
U0046,285,0.0,0.0,0.0,0.0,0.0,0.0,0.0,0.0,0.0,0.0,0.0,0.0,0.0,0.0,LOW,No major risk indicators detected
U0047,160,0.0,0.0,0.0,0.0,0.0,0.0,0.0,0.0,0.0,0.0,0.0,0.0,0.0,0.0,LOW,No major risk indicators detected
U0048,221,0.0,0.0,0.0,0.0,0.0,0.0,0.0,0.0,0.0,0.0,0.0,0.0,0.0,0.0,LOW,No major risk indicators detected
U0049,981,0.0,0.0,0.0,0.0,0.0,0.0,0.0,0.0,0.0,0.0,0.0,0.0,0.0,0.0,LOW,No major risk indicators detected
U0050,782,1.0,0.0,1.0,0.0,1.0,5.0,4.0,1.0,0.0,0.6,0.0,0.0,0.8,30.0,LOW,No major risk indicators detected
U0051,345,10.0,63.94316163410302,1.0,0.9,1.0,1.0,1.0,1.0,0.6394316163410302,0.0,0.9,0.0,0.0,32.68,LOW,Very high transaction velocity; High merchant concentration
U0052,105,10.0,67.66917293233082,1.0,0.9,1.0,1.0,1.0,1.0,0.6766917293233082,0.0,0.9,0.0,0.0,33.8,LOW,Very high transaction velocity; High merchant concentration
U0053,95,10.0,72.72727272727272,1.0,0.9,1.0,1.0,1.0,1.0,0.7272727272727272,0.0,0.9,0.0,0.0,35.32,LOW,Very high transaction velocity; High merchant concentration
U0054,390,10.0,65.45454545454545,1.0,0.9,1.0,1.0,1.0,1.0,0.6545454545454545,0.0,0.9,0.0,0.0,33.14,LOW,Very high transaction velocity; High merchant concentration
U0055,100,10.0,67.5422138836773,1.0,0.9,1.0,1.0,1.0,1.0,0.675422138836773,0.0,0.9,0.0,0.0,33.76,LOW,Very high transaction velocity; High merchant concentration
U0056,368,11.0,1.3499693188791164,2.0,0.8181818181818181,2.0,5.0,3.0,1.0,0.0134996931887911,0.4,0.8181818181818181,0.0,0.8,36.68,LOW,High merchant concentration
U0057,868,10.0,69.4980694980695,1.0,0.9,1.0,1.0,1.0,1.0,0.6949806949806949,0.0,0.9,0.0,0.0,34.35,LOW,Very high transaction velocity; High merchant concentration
U0058,353,12.0,0.5707491082045185,3.0,0.75,3.0,5.0,5.0,1.0,0.0057074910820451,0.8,0.75,0.0,0.8,47.42,MEDIUM,No major risk indicators detected
U0059,619,10.0,76.59574468085106,1.0,0.9,1.0,1.0,1.0,1.0,0.7659574468085105,0.0,0.9,0.0,0.0,36.48,LOW,Very high transaction velocity; High merchant concentration
U0060,271,10.0,61.74957118353345,1.0,0.9,1.0,1.0,1.0,1.0,0.6174957118353345,0.0,0.9,0.0,0.0,32.02,LOW,Very high transaction velocity; High merchant concentration
U0061,827,5.0,45.22613065326633,1.0,0.8,1.0,6.0,6.0,1.0,0.4522613065326633,1.0,0.8,0.0,1.0,70.57,HIGH,High transaction velocity; Multiple users sharing the same device; Device connected to many users; High merchant concentration
U0062,45,5.0,31.57894736842105,1.0,0.8,1.0,6.0,6.0,1.0,0.3157894736842105,1.0,0.8,0.0,1.0,66.47,MEDIUM,High transaction velocity; Multiple users sharing the same device; Device connected to many users; High merchant concentration
U0063,748,6.0,0.1251419434080322,2.0,0.6666666666666667,2.0,6.0,6.0,1.0,0.0012514194340803,1.0,0.6666666666666667,0.0,1.0,55.04,MEDIUM,Multiple users sharing the same device; Device connected to many users
U0064,471,5.0,65.6934306569343,1.0,0.8,1.0,6.0,6.0,1.0,0.6569343065693429,1.0,0.8,0.0,1.0,76.71,HIGH,Very high transaction velocity; Multiple users sharing the same device; Device connected to many users; High merchant concentration
U0065,550,5.0,24.22611036339165,1.0,0.8,1.0,6.0,6.0,1.0,0.2422611036339165,1.0,0.8,0.0,1.0,64.27,MEDIUM,Multiple users sharing the same device; Device connected to many users; High merchant concentration
U0066,128,5.0,61.64383561643836,1.0,0.8,1.0,6.0,6.0,1.0,0.6164383561643836,1.0,0.8,0.0,1.0,75.49,HIGH,Very high transaction velocity; Multiple users sharing the same device; Device connected to many users; High merchant concentration
U0067,997,5.0,34.22053231939164,1.0,0.8,1.0,6.0,6.0,1.0,0.3422053231939164,1.0,0.8,0.0,1.0,67.27,MEDIUM,High transaction velocity; Multiple users sharing the same device; Device connected to many users; High merchant concentration
U0068,945,6.0,0.1221070245457731,2.0,0.6666666666666667,2.0,6.0,6.0,1.0,0.0012210702454577,1.0,0.6666666666666667,0.0,1.0,55.04,MEDIUM,Multiple users sharing the same device; Device connected to many users
U0069,388,7.0,0.2208801900270841,3.0,0.5714285714285714,3.0,6.0,6.0,1.0,0.0022088019002708,1.0,0.5714285714285714,0.0,1.0,53.64,MEDIUM,Multiple users sharing the same device; Device connected to many users
U0070,81,5.0,26.90582959641256,1.0,0.8,1.0,6.0,6.0,1.0,0.2690582959641256,1.0,0.8,0.0,1.0,65.07,MEDIUM,Multiple users sharing the same device; Device connected to many users; High merchant concentration
U0071,566,5.0,45.45454545454545,1.0,0.8,1.0,6.0,6.0,1.0,0.4545454545454545,1.0,0.8,0.0,1.0,70.64,HIGH,High transaction velocity; Multiple users sharing the same device; Device connected to many users; High merchant concentration
U0072,301,5.0,34.02646502835539,1.0,0.8,1.0,6.0,6.0,1.0,0.3402646502835539,1.0,0.8,0.0,1.0,67.21,MEDIUM,High transaction velocity; Multiple users sharing the same device; Device connected to many users; High merchant concentration
U0073,850,5.0,25.53191489361702,1.0,0.8,1.0,6.0,6.0,1.0,0.2553191489361702,1.0,0.8,0.0,1.0,64.66,MEDIUM,Multiple users sharing the same device; Device connected to many users; High merchant concentration
U0074,644,6.0,0.2013666831364725,2.0,0.6666666666666667,2.0,6.0,6.0,1.0,0.0020136668313647,1.0,0.6666666666666667,0.0,1.0,55.06,MEDIUM,Multiple users sharing the same device; Device connected to many users
U0075,634,5.0,25.35211267605634,1.0,0.8,1.0,6.0,6.0,1.0,0.2535211267605634,1.0,0.8,0.0,1.0,64.61,MEDIUM,Multiple users sharing the same device; Device connected to many users; High merchant concentration
U0076,907,5.0,62.28373702422145,1.0,0.8,1.0,6.0,6.0,1.0,0.6228373702422145,1.0,0.8,0.0,1.0,75.69,HIGH,Very high transaction velocity; Multiple users sharing the same device; Device connected to many users; High merchant concentration
U0077,883,5.0,21.686746987951807,1.0,0.8,1.0,6.0,6.0,1.0,0.216867469879518,1.0,0.8,0.0,1.0,63.51,MEDIUM,Multiple users sharing the same device; Device connected to many users; High merchant concentration
U0078,371,5.0,24.86187845303868,1.0,0.8,1.0,6.0,6.0,1.0,0.2486187845303867,1.0,0.8,0.0,1.0,64.46,MEDIUM,Multiple users sharing the same device; Device connected to many users; High merchant concentration
U0079,592,5.0,27.649769585253456,1.0,0.8,1.0,6.0,6.0,1.0,0.2764976958525345,1.0,0.8,0.0,1.0,65.29,MEDIUM,Multiple users sharing the same device; Device connected to many users; High merchant concentration
U0080,197,5.0,42.25352112676056,1.0,0.8,1.0,6.0,6.0,1.0,0.4225352112676056,1.0,0.8,0.0,1.0,69.68,MEDIUM,High transaction velocity; Multiple users sharing the same device; Device connected to many users; High merchant concentration
U0081,722,7.0,0.1399525716285036,3.0,0.5714285714285714,3.0,6.0,6.0,1.0,0.001399525716285,1.0,0.5714285714285714,0.0,1.0,53.61,MEDIUM,Multiple users sharing the same device; Device connected to many users
U0082,72,5.0,96.2566844919786,1.0,0.8,1.0,6.0,6.0,1.0,0.962566844919786,1.0,0.8,0.0,1.0,85.88,HIGH,Very high transaction velocity; Multiple users sharing the same device; Device connected to many users; High merchant concentration
U0083,47,5.0,44.33497536945813,1.0,0.8,1.0,6.0,6.0,1.0,0.4433497536945813,1.0,0.8,0.0,1.0,70.3,HIGH,High transaction velocity; Multiple users sharing the same device; Device connected to many users; High merchant concentration
U0084,678,6.0,0.1425893163634443,2.0,0.6666666666666667,2.0,6.0,6.0,1.0,0.0014258931636344,1.0,0.6666666666666667,0.0,1.0,55.04,MEDIUM,Multiple users sharing the same device; Device connected to many users
U0085,234,6.0,0.1390041894318203,2.0,0.6666666666666667,2.0,6.0,6.0,1.0,0.0013900418943182,1.0,0.6666666666666667,0.0,1.0,55.04,MEDIUM,Multiple users sharing the same device; Device connected to many users
U0086,792,5.0,34.61538461538462,1.0,0.8,1.0,6.0,6.0,1.0,0.3461538461538462,1.0,0.8,0.0,1.0,67.38,MEDIUM,High transaction velocity; Multiple users sharing the same device; Device connected to many users; High merchant concentration
U0087,297,6.0,0.1821140404866491,2.0,0.6666666666666667,2.0,6.0,6.0,1.0,0.0018211404048664,1.0,0.6666666666666667,0.0,1.0,55.05,MEDIUM,Multiple users sharing the same device; Device connected to many users
U0088,82,5.0,29.459901800327334,1.0,0.8,1.0,6.0,6.0,1.0,0.2945990180032733,1.0,0.8,0.0,1.0,65.84,MEDIUM,Multiple users sharing the same device; Device connected to many users; High merchant concentration
U0089,876,7.0,0.1488411652136934,3.0,0.5714285714285714,3.0,6.0,6.0,1.0,0.0014884116521369,1.0,0.5714285714285714,0.0,1.0,53.62,MEDIUM,Multiple users sharing the same device; Device connected to many users
U0090,239,5.0,30.82191780821918,1.0,0.8,1.0,6.0,6.0,1.0,0.3082191780821918,1.0,0.8,0.0,1.0,66.25,MEDIUM,High transaction velocity; Multiple users sharing the same device; Device connected to many users; High merchant concentration
U0091,888,0.0,0.0,0.0,0.0,0.0,0.0,0.0,0.0,0.0,0.0,0.0,0.0,0.0,0.0,LOW,No major risk indicators detected
U0092,104,0.0,0.0,0.0,0.0,0.0,0.0,0.0,0.0,0.0,0.0,0.0,0.0,0.0,0.0,LOW,No major risk indicators detected
U0093,390,0.0,0.0,0.0,0.0,0.0,0.0,0.0,0.0,0.0,0.0,0.0,0.0,0.0,0.0,LOW,No major risk indicators detected
U0094,285,0.0,0.0,0.0,0.0,0.0,0.0,0.0,0.0,0.0,0.0,0.0,0.0,0.0,0.0,LOW,No major risk indicators detected
U0095,465,0.0,0.0,0.0,0.0,0.0,0.0,0.0,0.0,0.0,0.0,0.0,0.0,0.0,0.0,LOW,No major risk indicators detected
U0096,651,1.0,0.0,1.0,0.0,1.0,5.0,5.0,1.0,0.0,0.8,0.0,0.0,0.8,36.0,LOW,No major risk indicators detected
U0097,855,0.0,0.0,0.0,0.0,0.0,0.0,0.0,0.0,0.0,0.0,0.0,0.0,0.0,0.0,LOW,No major risk indicators detected
U0098,374,0.0,0.0,0.0,0.0,0.0,0.0,0.0,0.0,0.0,0.0,0.0,0.0,0.0,0.0,LOW,No major risk indicators detected
U0099,167,1.0,0.0,1.0,0.0,1.0,5.0,4.0,1.0,0.0,0.6,0.0,0.0,0.8,30.0,LOW,No major risk indicators detected
U0100,380,2.0,0.273972602739726,2.0,0.0,2.0,5.0,5.0,1.0,0.0027397260273972,0.8,0.0,0.0,0.8,36.08,LOW,No major risk indicators detected
U0101,364,0.0,0.0,0.0,0.0,0.0,0.0,0.0,0.0,0.0,0.0,0.0,0.0,0.0,0.0,LOW,No major risk indicators detected
U0102,215,1.0,0.0,1.0,0.0,1.0,5.0,4.0,1.0,0.0,0.6,0.0,0.0,0.8,30.0,LOW,No major risk indicators detected
U0103,687,0.0,0.0,0.0,0.0,0.0,0.0,0.0,0.0,0.0,0.0,0.0,0.0,0.0,0.0,LOW,No major risk indicators detected
U0104,274,0.0,0.0,0.0,0.0,0.0,0.0,0.0,0.0,0.0,0.0,0.0,0.0,0.0,0.0,LOW,No major risk indicators detected
U0105,719,0.0,0.0,0.0,0.0,0.0,0.0,0.0,0.0,0.0,0.0,0.0,0.0,0.0,0.0,LOW,No major risk indicators detected
U0106,960,0.0,0.0,0.0,0.0,0.0,0.0,0.0,0.0,0.0,0.0,0.0,0.0,0.0,0.0,LOW,No major risk indicators detected
U0107,700,2.0,0.1225740551583248,2.0,0.0,2.0,5.0,4.0,1.0,0.0012257405515832,0.6,0.0,0.0,0.8,30.04,LOW,No major risk indicators detected
U0108,664,0.0,0.0,0.0,0.0,0.0,0.0,0.0,0.0,0.0,0.0,0.0,0.0,0.0,0.0,LOW,No major risk indicators detected
U0109,74,0.0,0.0,0.0,0.0,0.0,0.0,0.0,0.0,0.0,0.0,0.0,0.0,0.0,0.0,LOW,No major risk indicators detected
U0110,624,0.0,0.0,0.0,0.0,0.0,0.0,0.0,0.0,0.0,0.0,0.0,0.0,0.0,0.0,LOW,No major risk indicators detected
U0111,651,0.0,0.0,0.0,0.0,0.0,0.0,0.0,0.0,0.0,0.0,0.0,0.0,0.0,0.0,LOW,No major risk indicators detected
U0112,176,1.0,0.0,1.0,0.0,1.0,5.0,3.0,1.0,0.0,0.4,0.0,0.0,0.8,24.0,LOW,No major risk indicators detected
U0113,547,1.0,0.0,1.0,0.0,1.0,5.0,5.0,1.0,0.0,0.8,0.0,0.0,0.8,36.0,LOW,No major risk indicators detected
U0114,747,1.0,0.0,1.0,0.0,1.0,5.0,4.0,1.0,0.0,0.6,0.0,0.0,0.8,30.0,LOW,No major risk indicators detected
U0115,251,0.0,0.0,0.0,0.0,0.0,0.0,0.0,0.0,0.0,0.0,0.0,0.0,0.0,0.0,LOW,No major risk indicators detected
U0116,168,0.0,0.0,0.0,0.0,0.0,0.0,0.0,0.0,0.0,0.0,0.0,0.0,0.0,0.0,LOW,No major risk indicators detected
U0117,474,0.0,0.0,0.0,0.0,0.0,0.0,0.0,0.0,0.0,0.0,0.0,0.0,0.0,0.0,LOW,No major risk indicators detected
U0118,389,1.0,0.0,1.0,0.0,1.0,5.0,5.0,1.0,0.0,0.8,0.0,0.0,0.8,36.0,LOW,No major risk indicators detected
U0119,277,0.0,0.0,0.0,0.0,0.0,0.0,0.0,0.0,0.0,0.0,0.0,0.0,0.0,0.0,LOW,No major risk indicators detected
U0120,948,1.0,0.0,1.0,0.0,1.0,5.0,4.0,1.0,0.0,0.6,0.0,0.0,0.8,30.0,LOW,No major risk indicators detected
U0121,656,1.0,0.0,1.0,0.0,1.0,5.0,5.0,1.0,0.0,0.8,0.0,0.0,0.8,36.0,LOW,No major risk indicators detected
U0122,705,0.0,0.0,0.0,0.0,0.0,0.0,0.0,0.0,0.0,0.0,0.0,0.0,0.0,0.0,LOW,No major risk indicators detected
U0123,571,0.0,0.0,0.0,0.0,0.0,0.0,0.0,0.0,0.0,0.0,0.0,0.0,0.0,0.0,LOW,No major risk indicators detected
U0124,225,0.0,0.0,0.0,0.0,0.0,0.0,0.0,0.0,0.0,0.0,0.0,0.0,0.0,0.0,LOW,No major risk indicators detected
U0125,702,0.0,0.0,0.0,0.0,0.0,0.0,0.0,0.0,0.0,0.0,0.0,0.0,0.0,0.0,LOW,No major risk indicators detected
U0126,333,1.0,0.0,1.0,0.0,1.0,5.0,4.0,1.0,0.0,0.6,0.0,0.0,0.8,30.0,LOW,No major risk indicators detected
U0127,864,0.0,0.0,0.0,0.0,0.0,0.0,0.0,0.0,0.0,0.0,0.0,0.0,0.0,0.0,LOW,No major risk indicators detected
U0128,787,1.0,0.0,1.0,0.0,1.0,5.0,4.0,1.0,0.0,0.6,0.0,0.0,0.8,30.0,LOW,No major risk indicators detected
U0129,795,0.0,0.0,0.0,0.0,0.0,0.0,0.0,0.0,0.0,0.0,0.0,0.0,0.0,0.0,LOW,No major risk indicators detected
U0130,58,0.0,0.0,0.0,0.0,0.0,0.0,0.0,0.0,0.0,0.0,0.0,0.0,0.0,0.0,LOW,No major risk indicators detected
U0131,235,0.0,0.0,0.0,0.0,0.0,0.0,0.0,0.0,0.0,0.0,0.0,0.0,0.0,0.0,LOW,No major risk indicators detected
U0132,842,0.0,0.0,0.0,0.0,0.0,0.0,0.0,0.0,0.0,0.0,0.0,0.0,0.0,0.0,LOW,No major risk indicators detected
U0133,33,0.0,0.0,0.0,0.0,0.0,0.0,0.0,0.0,0.0,0.0,0.0,0.0,0.0,0.0,LOW,No major risk indicators detected
U0134,825,0.0,0.0,0.0,0.0,0.0,0.0,0.0,0.0,0.0,0.0,0.0,0.0,0.0,0.0,LOW,No major risk indicators detected
U0135,324,0.0,0.0,0.0,0.0,0.0,0.0,0.0,0.0,0.0,0.0,0.0,0.0,0.0,0.0,LOW,No major risk indicators detected
U0136,411,0.0,0.0,0.0,0.0,0.0,0.0,0.0,0.0,0.0,0.0,0.0,0.0,0.0,0.0,LOW,No major risk indicators detected
U0137,275,1.0,0.0,1.0,0.0,1.0,5.0,4.0,1.0,0.0,0.6,0.0,0.0,0.8,30.0,LOW,No major risk indicators detected
U0138,68,0.0,0.0,0.0,0.0,0.0,0.0,0.0,0.0,0.0,0.0,0.0,0.0,0.0,0.0,LOW,No major risk indicators detected
U0139,217,1.0,0.0,1.0,0.0,1.0,5.0,4.0,1.0,0.0,0.6,0.0,0.0,0.8,30.0,LOW,No major risk indicators detected
U0140,936,1.0,0.0,1.0,0.0,1.0,5.0,4.0,1.0,0.0,0.6,0.0,0.0,0.8,30.0,LOW,No major risk indicators detected
U0141,966,0.0,0.0,0.0,0.0,0.0,0.0,0.0,0.0,0.0,0.0,0.0,0.0,0.0,0.0,LOW,No major risk indicators detected
U0142,581,1.0,0.0,1.0,0.0,1.0,5.0,5.0,1.0,0.0,0.8,0.0,0.0,0.8,36.0,LOW,No major risk indicators detected
U0143,898,0.0,0.0,0.0,0.0,0.0,0.0,0.0,0.0,0.0,0.0,0.0,0.0,0.0,0.0,LOW,No major risk indicators detected
U0144,736,1.0,0.0,1.0,0.0,1.0,5.0,3.0,1.0,0.0,0.4,0.0,0.0,0.8,24.0,LOW,No major risk indicators detected
U0145,323,0.0,0.0,0.0,0.0,0.0,0.0,0.0,0.0,0.0,0.0,0.0,0.0,0.0,0.0,LOW,No major risk indicators detected
U0146,218,0.0,0.0,0.0,0.0,0.0,0.0,0.0,0.0,0.0,0.0,0.0,0.0,0.0,0.0,LOW,No major risk indicators detected
U0147,672,0.0,0.0,0.0,0.0,0.0,0.0,0.0,0.0,0.0,0.0,0.0,0.0,0.0,0.0,LOW,No major risk indicators detected
U0148,512,0.0,0.0,0.0,0.0,0.0,0.0,0.0,0.0,0.0,0.0,0.0,0.0,0.0,0.0,LOW,No major risk indicators detected
U0149,406,0.0,0.0,0.0,0.0,0.0,0.0,0.0,0.0,0.0,0.0,0.0,0.0,0.0,0.0,LOW,No major risk indicators detected
U0150,906,1.0,0.0,1.0,0.0,1.0,5.0,4.0,1.0,0.0,0.6,0.0,0.0,0.8,30.0,LOW,No major risk indicators detected
U0151,937,15.0,0.0256373735935051,14.0,0.0666666666666666,15.0,34.0,2.0,0.0,0.000256373735935,0.2,0.0666666666666666,0.0,1.0,22.01,LOW,Device connected to many users
U0152,659,6.0,0.0109525692902126,6.0,0.0,6.0,36.0,2.0,0.0,0.0001095256929021,0.2,0.0,0.0,1.0,21.0,LOW,Device connected to many users
U0153,470,18.0,0.0254897333018645,17.0,0.0555555555555555,18.0,32.0,2.0,0.0,0.0002548973330186,0.2,0.0555555555555555,0.0,1.0,21.84,LOW,Device connected to many users
U0154,147,13.0,0.0231152204836415,12.0,0.0769230769230768,13.0,34.0,2.0,0.0,0.0002311522048364,0.2,0.0769230769230768,0.0,1.0,22.16,LOW,Device connected to many users
U0155,272,13.0,0.0219292080182181,13.0,0.0,12.0,28.0,2.0,0.0,0.0002192920801821,0.2,0.0,0.0,1.0,21.01,LOW,Device connected to many users
U0156,143,8.0,0.0129596630487607,8.0,0.0,8.0,31.0,2.0,0.0,0.0001295966304876,0.2,0.0,0.0,1.0,21.0,LOW,Device connected to many users
U0157,253,10.0,0.0181028240405503,9.0,0.0999999999999999,10.0,31.0,2.0,0.0,0.0001810282404055,0.2,0.0999999999999999,0.0,1.0,22.51,LOW,Device connected to many users
U0158,763,7.0,0.0115286431884933,7.0,0.0,7.0,31.0,2.0,0.0,0.0001152864318849,0.2,0.0,0.0,1.0,21.0,LOW,Device connected to many users
U0159,575,12.0,0.0208925773315535,12.0,0.0,12.0,30.0,2.0,0.0,0.0002089257733155,0.2,0.0,0.0,1.0,21.01,LOW,Device connected to many users
U0160,552,17.0,0.0260343551392327,17.0,0.0,17.0,28.0,2.0,0.0,0.0002603435513923,0.2,0.0,0.0,1.0,21.01,LOW,Device connected to many users
U0161,270,10.0,0.0161394448030987,10.0,0.0,10.0,31.0,2.0,0.0,0.0001613944480309,0.2,0.0,0.0,1.0,21.0,LOW,Device connected to many users
U0162,765,13.0,0.023122758130021,13.0,0.0,13.0,27.0,2.0,0.0,0.0002312275813002,0.2,0.0,0.0,1.0,21.01,LOW,Device connected to many users
U0163,599,15.0,0.0237467018469657,13.0,0.1333333333333333,15.0,38.0,2.0,0.0,0.0002374670184696,0.2,0.1333333333333333,0.0,1.0,23.01,LOW,Device connected to many users
U0164,439,10.0,0.0189435797051116,9.0,0.0999999999999999,9.0,29.0,2.0,0.0,0.0001894357970511,0.2,0.0999999999999999,0.0,1.0,22.51,LOW,Device connected to many users
U0165,920,11.0,0.0206088992974238,10.0,0.0909090909090909,11.0,31.0,2.0,0.0,0.0002060889929742,0.2,0.0909090909090909,0.0,1.0,22.37,LOW,Device connected to many users
U0166,598,8.0,0.0175779104258981,7.0,0.125,8.0,34.0,2.0,0.0,0.0001757791042589,0.2,0.125,0.0,1.0,22.88,LOW,Device connected to many users
U0167,409,14.0,0.0224989955805544,13.0,0.0714285714285714,13.0,33.0,2.0,0.0,0.0002249899558055,0.2,0.0714285714285714,0.0,1.0,22.08,LOW,Device connected to many users
U0168,371,8.0,0.0124905670196986,8.0,0.0,8.0,32.0,3.0,0.0,0.0001249056701969,0.4,0.0,0.0,1.0,27.0,LOW,Device connected to many users
U0169,225,8.0,0.0130271942680345,8.0,0.0,8.0,37.0,2.0,0.0,0.0001302719426803,0.2,0.0,0.0,1.0,21.0,LOW,Device connected to many users
U0170,142,10.0,0.0165130039906426,9.0,0.0999999999999999,10.0,37.0,2.0,0.0,0.0001651300399064,0.2,0.0999999999999999,0.0,1.0,22.5,LOW,Device connected to many users
U0171,522,14.0,0.0207049543998028,14.0,0.0,14.0,31.0,2.0,0.0,0.000207049543998,0.2,0.0,0.0,1.0,21.01,LOW,Device connected to many users
U0172,506,11.0,0.0210030549898167,11.0,0.0,11.0,28.0,2.0,0.0,0.0002100305498981,0.2,0.0,0.0,1.0,21.01,LOW,Device connected to many users
U0173,94,11.0,0.0194094812375014,10.0,0.0909090909090909,11.0,38.0,2.0,0.0,0.000194094812375,0.2,0.0909090909090909,0.0,1.0,22.37,LOW,Device connected to many users
U0174,774,12.0,0.0205280264583452,12.0,0.0,12.0,38.0,2.0,0.0,0.0002052802645834,0.2,0.0,0.0,1.0,21.01,LOW,Device connected to many users
U0175,49,11.0,0.0216194968553459,11.0,0.0,11.0,29.0,2.0,0.0,0.0002161949685534,0.2,0.0,0.0,1.0,21.01,LOW,Device connected to many users
U0176,882,16.0,0.0294270913159427,14.0,0.125,15.0,38.0,3.0,0.0,0.0002942709131594,0.4,0.125,0.0,1.0,28.88,LOW,Device connected to many users
U0177,113,7.0,0.0106883827458964,7.0,0.0,7.0,31.0,2.0,0.0,0.0001068838274589,0.2,0.0,0.0,1.0,21.0,LOW,Device connected to many users
U0178,157,13.0,0.0209205020920502,12.0,0.0769230769230768,13.0,32.0,3.0,0.0,0.0002092050209205,0.4,0.0769230769230768,0.0,1.0,28.16,LOW,Device connected to many users
U0179,643,11.0,0.0179552750421676,10.0,0.0909090909090909,11.0,34.0,2.0,0.0,0.0001795527504216,0.2,0.0909090909090909,0.0,1.0,22.37,LOW,Device connected to many users
U0180,164,13.0,0.0185953368616793,13.0,0.0,13.0,32.0,2.0,0.0,0.0001859533686167,0.2,0.0,0.0,1.0,21.01,LOW,Device connected to many users
U0181,812,9.0,0.0192499643519178,9.0,0.0,8.0,30.0,2.0,0.0,0.0001924996435191,0.2,0.0,0.0,1.0,21.01,LOW,Device connected to many users
U0182,697,12.0,0.0189763322966633,10.0,0.1666666666666666,12.0,32.0,2.0,0.0,0.0001897633229666,0.2,0.1666666666666666,0.0,1.0,23.51,LOW,Device connected to many users
U0183,433,8.0,0.0131007942356505,6.0,0.25,8.0,31.0,2.0,0.0,0.0001310079423565,0.2,0.25,0.0,1.0,24.75,LOW,Device connected to many users
U0184,611,17.0,0.0304069160828737,16.0,0.0588235294117647,17.0,34.0,2.0,0.0,0.0003040691608287,0.2,0.0588235294117647,0.0,1.0,21.89,LOW,Device connected to many users
U0185,66,7.0,0.0178997613365155,7.0,0.0,7.0,31.0,2.0,0.0,0.0001789976133651,0.2,0.0,0.0,1.0,21.01,LOW,Device connected to many users
U0186,395,7.0,0.010648547233913,6.0,0.1428571428571429,7.0,29.0,2.0,0.0,0.0001064854723391,0.2,0.1428571428571429,0.0,1.0,23.15,LOW,Device connected to many users
U0187,391,8.0,0.0217096336499321,8.0,0.0,8.0,26.0,2.0,0.0,0.0002170963364993,0.2,0.0,0.0,1.0,21.01,LOW,Device connected to many users
U0188,611,10.0,0.0158541418945699,9.0,0.0999999999999999,10.0,37.0,2.0,0.0,0.0001585414189456,0.2,0.0999999999999999,0.0,1.0,22.5,LOW,Device connected to many users
U0189,480,21.0,0.0304494925084581,18.0,0.1428571428571429,21.0,29.0,3.0,0.0,0.0003044949250845,0.4,0.1428571428571429,0.0,1.0,29.15,LOW,Device connected to many users
U0190,542,10.0,0.0175423208490483,10.0,0.0,9.0,29.0,2.0,0.0,0.0001754232084904,0.2,0.0,0.0,1.0,21.01,LOW,Device connected to many users
U0191,258,11.0,0.0175308117297067,11.0,0.0,11.0,31.0,2.0,0.0,0.000175308117297,0.2,0.0,0.0,1.0,21.01,LOW,Device connected to many users
U0192,995,6.0,0.0129851392295484,6.0,0.0,6.0,25.0,2.0,0.0,0.0001298513922954,0.2,0.0,0.0,1.0,21.0,LOW,Device connected to many users
U0193,567,11.0,0.022425333831674,10.0,0.0909090909090909,11.0,33.0,2.0,0.0,0.0002242533383167,0.2,0.0909090909090909,0.0,1.0,22.37,LOW,Device connected to many users
U0194,882,16.0,0.0243828101188661,16.0,0.0,15.0,31.0,2.0,0.0,0.0002438281011886,0.2,0.0,0.0,1.0,21.01,LOW,Device connected to many users
U0195,966,12.0,0.0227244034844085,10.0,0.1666666666666666,12.0,31.0,2.0,0.0,0.000227244034844,0.2,0.1666666666666666,0.0,1.0,23.51,LOW,Device connected to many users
U0196,12,11.0,0.0179949287019112,11.0,0.0,11.0,29.0,2.0,0.0,0.0001799492870191,0.2,0.0,0.6,1.0,27.01,LOW,Device connected to many users; Recently created account
U0197,697,12.0,0.0195063802118609,12.0,0.0,12.0,33.0,2.0,0.0,0.0001950638021186,0.2,0.0,0.0,1.0,21.01,LOW,Device connected to many users
U0198,739,12.0,0.0170007792023801,11.0,0.0833333333333333,11.0,36.0,2.0,0.0,0.0001700077920238,0.2,0.0833333333333333,0.0,1.0,22.26,LOW,Device connected to many users
U0199,118,10.0,0.0160004266780447,10.0,0.0,10.0,36.0,2.0,0.0,0.0001600042667804,0.2,0.0,0.0,1.0,21.0,LOW,Device connected to many users
U0200,699,10.0,0.0171865601099939,10.0,0.0,10.0,29.0,2.0,0.0,0.0001718656010999,0.2,0.0,0.0,1.0,21.01,LOW,Device connected to many users
U0201,907,10.0,0.0159383716296985,9.0,0.0999999999999999,10.0,30.0,2.0,0.0,0.0001593837162969,0.2,0.0999999999999999,0.0,1.0,22.5,LOW,Device connected to many users
U0202,550,9.0,0.0157118333381826,9.0,0.0,9.0,29.0,2.0,0.0,0.0001571183333818,0.2,0.0,0.0,1.0,21.0,LOW,Device connected to many users
U0203,769,15.0,0.032421917216038,13.0,0.1333333333333333,15.0,31.0,2.0,0.0,0.0003242191721603,0.2,0.1333333333333333,0.0,1.0,23.01,LOW,Device connected to many users
U0204,274,13.0,0.0235549918463489,12.0,0.0769230769230768,13.0,29.0,2.0,0.0,0.0002355499184634,0.2,0.0769230769230768,0.0,1.0,22.16,LOW,Device connected to many users
U0205,788,15.0,0.0242816673411574,15.0,0.0,15.0,32.0,2.0,0.0,0.0002428166734115,0.2,0.0,0.0,1.0,21.01,LOW,Device connected to many users
U0206,657,13.0,0.0200746364689229,13.0,0.0,12.0,32.0,2.0,0.0,0.0002007463646892,0.2,0.0,0.0,1.0,21.01,LOW,Device connected to many users
U0207,349,15.0,0.022547349433811,14.0,0.0666666666666666,14.0,37.0,2.0,0.0,0.0002254734943381,0.2,0.0666666666666666,0.0,1.0,22.01,LOW,Device connected to many users
U0208,115,7.0,0.0148184736972091,6.0,0.1428571428571429,7.0,36.0,2.0,0.0,0.000148184736972,0.2,0.1428571428571429,0.0,1.0,23.15,LOW,Device connected to many users
U0209,301,6.0,0.0107501194457716,6.0,0.0,6.0,36.0,2.0,0.0,0.0001075011944577,0.2,0.0,0.0,1.0,21.0,LOW,Device connected to many users
U0210,446,14.0,0.0272214660703869,14.0,0.0,14.0,31.0,2.0,0.0,0.0002722146607038,0.2,0.0,0.0,1.0,21.01,LOW,Device connected to many users
U0211,162,12.0,0.0178147268408551,10.0,0.1666666666666666,12.0,37.0,2.0,0.0,0.0001781472684085,0.2,0.1666666666666666,0.0,1.0,23.51,LOW,Device connected to many users
U0212,465,13.0,0.0218536366692816,11.0,0.1538461538461538,13.0,31.0,2.0,0.0,0.0002185363666928,0.2,0.1538461538461538,0.0,1.0,23.31,LOW,Device connected to many users
U0213,4,14.0,0.0207202762703502,14.0,0.0,13.0,38.0,2.0,0.0,0.0002072027627035,0.2,0.0,0.8666666666666667,1.0,29.67,LOW,Device connected to many users; Very new account; Recently created account
U0214,977,8.0,0.0134850400337126,8.0,0.0,8.0,29.0,2.0,0.0,0.0001348504003371,0.2,0.0,0.0,1.0,21.0,LOW,Device connected to many users
U0215,740,17.0,0.0285562305775637,14.0,0.1764705882352941,16.0,37.0,2.0,0.0,0.0002855623057756,0.2,0.1764705882352941,0.0,1.0,23.66,LOW,Device connected to many users
U0216,897,11.0,0.0188119940713715,11.0,0.0,11.0,38.0,3.0,0.0,0.0001881199407137,0.4,0.0,0.0,1.0,27.01,LOW,Device connected to many users
U0217,737,11.0,0.0208774871097333,10.0,0.0909090909090909,11.0,29.0,2.0,0.0,0.0002087748710973,0.2,0.0909090909090909,0.0,1.0,22.37,LOW,Device connected to many users
U0218,270,14.0,0.0208716394175818,12.0,0.1428571428571429,14.0,31.0,2.0,0.0,0.0002087163941758,0.2,0.1428571428571429,0.0,1.0,23.15,LOW,Device connected to many users
U0219,996,22.0,0.0324667338957621,20.0,0.0909090909090909,22.0,29.0,2.0,0.0,0.0003246673389576,0.2,0.0909090909090909,0.0,1.0,22.37,LOW,Device connected to many users
U0220,513,13.0,0.0231481481481481,13.0,0.0,12.0,33.0,2.0,0.0,0.0002314814814814,0.2,0.0,0.0,1.0,21.01,LOW,Device connected to many users
U0221,781,9.0,0.0167027528611197,8.0,0.1111111111111111,9.0,30.0,2.0,0.0,0.0001670275286111,0.2,0.1111111111111111,0.0,1.0,22.67,LOW,Device connected to many users
U0222,183,11.0,0.0175714171614174,9.0,0.1818181818181817,11.0,29.0,2.0,0.0,0.0001757141716141,0.2,0.1818181818181817,0.0,1.0,23.73,LOW,Device connected to many users
U0223,520,10.0,0.0147250104302157,8.0,0.1999999999999999,10.0,29.0,3.0,0.0,0.0001472501043021,0.4,0.1999999999999999,0.0,1.0,30.0,LOW,Device connected to many users
U0224,935,8.0,0.0135566413421074,8.0,0.0,8.0,31.0,2.0,0.0,0.000135566413421,0.2,0.0,0.0,1.0,21.0,LOW,Device connected to many users
U0225,109,17.0,0.0287575065550198,15.0,0.1176470588235294,17.0,29.0,2.0,0.0,0.0002875750655501,0.2,0.1176470588235294,0.0,1.0,22.77,LOW,Device connected to many users
U0226,892,6.0,0.0174604714327286,6.0,0.0,6.0,29.0,2.0,0.0,0.0001746047143272,0.2,0.0,0.0,1.0,21.01,LOW,Device connected to many users
U0227,641,20.0,0.029440628066732,17.0,0.15,20.0,33.0,2.0,0.0,0.0002944062806673,0.2,0.15,0.0,1.0,23.26,LOW,Device connected to many users
U0228,306,15.0,0.0247415878601275,13.0,0.1333333333333333,15.0,31.0,2.0,0.0,0.0002474158786012,0.2,0.1333333333333333,0.0,1.0,23.01,LOW,Device connected to many users
U0229,862,13.0,0.0205810179688118,13.0,0.0,13.0,29.0,2.0,0.0,0.0002058101796881,0.2,0.0,0.0,1.0,21.01,LOW,Device connected to many users
U0230,655,12.0,0.0229343186596164,12.0,0.0,12.0,29.0,2.0,0.0,0.0002293431865961,0.2,0.0,0.0,1.0,21.01,LOW,Device connected to many users
U0231,520,10.0,0.0170779608914695,9.0,0.0999999999999999,10.0,31.0,2.0,0.0,0.0001707796089146,0.2,0.0999999999999999,0.0,1.0,22.51,LOW,Device connected to many users
U0232,624,12.0,0.0188872275123947,11.0,0.0833333333333333,12.0,36.0,2.0,0.0,0.0001888722751239,0.2,0.0833333333333333,0.0,1.0,22.26,LOW,Device connected to many users
U0233,204,7.0,0.0145042649445729,7.0,0.0,7.0,33.0,2.0,0.0,0.0001450426494457,0.2,0.0,0.0,1.0,21.0,LOW,Device connected to many users
U0234,157,7.0,0.0127438783869891,7.0,0.0,7.0,26.0,2.0,0.0,0.0001274387838698,0.2,0.0,0.0,1.0,21.0,LOW,Device connected to many users
U0235,383,20.0,0.0296567234263401,17.0,0.15,20.0,36.0,2.0,0.0,0.0002965672342634,0.2,0.15,0.0,1.0,23.26,LOW,Device connected to many users
U0236,781,8.0,0.0151711495306425,8.0,0.0,8.0,29.0,2.0,0.0,0.0001517114953064,0.2,0.0,0.0,1.0,21.0,LOW,Device connected to many users
U0237,166,4.0,0.0086321619969068,4.0,0.0,4.0,26.0,2.0,0.0,8.632161996906799e-05,0.2,0.0,0.0,1.0,21.0,LOW,Device connected to many users
U0238,553,8.0,0.0143001847107191,8.0,0.0,8.0,37.0,2.0,0.0,0.0001430018471071,0.2,0.0,0.0,1.0,21.0,LOW,Device connected to many users
U0239,977,4.0,0.013701758392327,4.0,0.0,4.0,32.0,2.0,0.0,0.0001370175839232,0.2,0.0,0.0,1.0,21.0,LOW,Device connected to many users
U0240,798,9.0,0.0216493605420358,9.0,0.0,9.0,37.0,2.0,0.0,0.0002164936054203,0.2,0.0,0.0,1.0,21.01,LOW,Device connected to many users
U0241,945,16.0,0.0274136897112995,14.0,0.125,16.0,32.0,2.0,0.0,0.0002741368971129,0.2,0.125,0.0,1.0,22.88,LOW,Device connected to many users
U0242,544,8.0,0.0169821333805059,8.0,0.0,8.0,28.0,2.0,0.0,0.000169821333805,0.2,0.0,0.0,1.0,21.01,LOW,Device connected to many users
U0243,941,13.0,0.0255085355484335,11.0,0.1538461538461538,13.0,32.0,2.0,0.0,0.0002550853554843,0.2,0.1538461538461538,0.0,1.0,23.32,LOW,Device connected to many users
U0244,1,13.0,0.0183840859809559,12.0,0.0769230769230768,13.0,37.0,2.0,0.0,0.0001838408598095,0.2,0.0769230769230768,0.9666666666666668,1.0,31.83,LOW,Device connected to many users; Very new account; Recently created account
U0245,614,10.0,0.0206547557575131,8.0,0.1999999999999999,9.0,30.0,2.0,0.0,0.0002065475575751,0.2,0.1999999999999999,0.0,1.0,24.01,LOW,Device connected to many users
U0246,332,20.0,0.029923694578824,18.0,0.0999999999999999,20.0,31.0,2.0,0.0,0.0002992369457882,0.2,0.0999999999999999,0.0,1.0,22.51,LOW,Device connected to many users
U0247,501,7.0,0.0102232066791616,7.0,0.0,7.0,33.0,2.0,0.0,0.0001022320667916,0.2,0.0,0.0,1.0,21.0,LOW,Device connected to many users
U0248,20,14.0,0.0251068535732432,12.0,0.1428571428571429,13.0,37.0,2.0,0.0,0.0002510685357324,0.2,0.1428571428571429,0.3333333333333333,1.0,26.48,LOW,Device connected to many users; Recently created account
U0249,115,10.0,0.0173495648150825,10.0,0.0,10.0,31.0,2.0,0.0,0.0001734956481508,0.2,0.0,0.0,1.0,21.01,LOW,Device connected to many users
U0250,952,8.0,0.0123622128360976,7.0,0.125,7.0,34.0,2.0,0.0,0.0001236221283609,0.2,0.125,0.0,1.0,22.88,LOW,Device connected to many users
U0251,372,9.0,0.0176962149762411,9.0,0.0,9.0,31.0,2.0,0.0,0.0001769621497624,0.2,0.0,0.0,1.0,21.01,LOW,Device connected to many users
U0252,900,7.0,0.0147100028019052,7.0,0.0,7.0,28.0,2.0,0.0,0.000147100028019,0.2,0.0,0.0,1.0,21.0,LOW,Device connected to many users
U0253,852,12.0,0.024058542453303,12.0,0.0,11.0,37.0,2.0,0.0,0.000240585424533,0.2,0.0,0.0,1.0,21.01,LOW,Device connected to many users
U0254,827,12.0,0.0215536596317916,12.0,0.0,12.0,31.0,2.0,0.0,0.0002155365963179,0.2,0.0,0.0,1.0,21.01,LOW,Device connected to many users
U0255,315,7.0,0.01678455820645,7.0,0.0,7.0,31.0,2.0,0.0,0.0001678455820645,0.2,0.0,0.0,1.0,21.01,LOW,Device connected to many users
U0256,246,11.0,0.0229357798165137,11.0,0.0,11.0,27.0,2.0,0.0,0.0002293577981651,0.2,0.0,0.0,1.0,21.01,LOW,Device connected to many users
U0257,60,14.0,0.026082096503757,13.0,0.0714285714285714,14.0,37.0,2.0,0.0,0.0002608209650375,0.2,0.0714285714285714,0.0,1.0,22.08,LOW,Device connected to many users
U0258,247,14.0,0.0217436322219921,13.0,0.0714285714285714,14.0,27.0,2.0,0.0,0.0002174363222199,0.2,0.0714285714285714,0.0,1.0,22.08,LOW,Device connected to many users
U0259,900,12.0,0.0172765446910617,12.0,0.0,12.0,30.0,2.0,0.0,0.0001727654469106,0.2,0.0,0.0,1.0,21.01,LOW,Device connected to many users
U0260,581,15.0,0.0218946139249744,14.0,0.0666666666666666,15.0,37.0,2.0,0.0,0.0002189461392497,0.2,0.0666666666666666,0.0,1.0,22.01,LOW,Device connected to many users
U0261,970,8.0,0.0120903755572907,8.0,0.0,7.0,34.0,2.0,0.0,0.0001209037555729,0.2,0.0,0.0,1.0,21.0,LOW,Device connected to many users
U0262,81,13.0,0.0205755889102851,13.0,0.0,13.0,37.0,2.0,0.0,0.0002057558891028,0.2,0.0,0.0,1.0,21.01,LOW,Device connected to many users
U0263,88,16.0,0.0225898298703437,12.0,0.25,16.0,31.0,2.0,0.0,0.0002258982987034,0.2,0.25,0.0,1.0,24.76,LOW,Device connected to many users
U0264,750,7.0,0.0208934434384638,7.0,0.0,7.0,31.0,2.0,0.0,0.0002089344343846,0.2,0.0,0.0,1.0,21.01,LOW,Device connected to many users
U0265,498,11.0,0.0157086754730453,10.0,0.0909090909090909,10.0,31.0,2.0,0.0,0.0001570867547304,0.2,0.0909090909090909,0.0,1.0,22.37,LOW,Device connected to many users
U0266,836,8.0,0.0130654907724971,6.0,0.25,8.0,31.0,2.0,0.0,0.0001306549077249,0.2,0.25,0.0,1.0,24.75,LOW,Device connected to many users
U0267,71,11.0,0.0178876331409057,10.0,0.0909090909090909,11.0,29.0,2.0,0.0,0.000178876331409,0.2,0.0909090909090909,0.0,1.0,22.37,LOW,Device connected to many users
U0268,779,10.0,0.0148827979660176,10.0,0.0,10.0,31.0,1.0,0.0,0.0001488279796601,0.0,0.0,0.0,1.0,15.0,LOW,Device connected to many users
U0269,546,15.0,0.023618947644666,14.0,0.0666666666666666,15.0,37.0,2.0,0.0,0.0002361894764466,0.2,0.0666666666666666,0.0,1.0,22.01,LOW,Device connected to many users
U0270,785,9.0,0.013094718463553,8.0,0.1111111111111111,9.0,26.0,2.0,0.0,0.0001309471846355,0.2,0.1111111111111111,0.0,1.0,22.67,LOW,Device connected to many users
U0271,129,12.0,0.0237240106758048,11.0,0.0833333333333333,12.0,33.0,2.0,0.0,0.000237240106758,0.2,0.0833333333333333,0.0,1.0,22.26,LOW,Device connected to many users
U0272,132,13.0,0.0202297896620587,13.0,0.0,13.0,27.0,2.0,0.0,0.0002022978966205,0.2,0.0,0.0,1.0,21.01,LOW,Device connected to many users
U0273,676,11.0,0.0154762463068048,10.0,0.0909090909090909,11.0,32.0,2.0,0.0,0.000154762463068,0.2,0.0909090909090909,0.0,1.0,22.37,LOW,Device connected to many users
U0274,487,12.0,0.0192230676812174,10.0,0.1666666666666666,12.0,38.0,2.0,0.0,0.0001922306768121,0.2,0.1666666666666666,0.0,1.0,23.51,LOW,Device connected to many users
U0275,970,7.0,0.0113231963765771,7.0,0.0,7.0,37.0,2.0,0.0,0.0001132319637657,0.2,0.0,0.0,1.0,21.0,LOW,Device connected to many users
U0276,563,8.0,0.01207668696221,8.0,0.0,8.0,28.0,1.0,0.0,0.0001207668696221,0.0,0.0,0.0,1.0,15.0,LOW,Device connected to many users
U0277,170,10.0,0.0176423887794407,10.0,0.0,10.0,33.0,3.0,0.0,0.0001764238877944,0.4,0.0,0.0,1.0,27.01,LOW,Device connected to many users
U0278,272,11.0,0.0157811678064176,9.0,0.1818181818181817,10.0,34.0,2.0,0.0,0.0001578116780641,0.2,0.1818181818181817,0.0,1.0,23.73,LOW,Device connected to many users
U0279,541,7.0,0.0123033658493716,7.0,0.0,7.0,29.0,2.0,0.0,0.0001230336584937,0.2,0.0,0.0,1.0,21.0,LOW,Device connected to many users
U0280,894,17.0,0.0249461944824887,15.0,0.1176470588235294,17.0,38.0,2.0,0.0,0.0002494619448248,0.2,0.1176470588235294,0.0,1.0,22.77,LOW,Device connected to many users
U0281,622,5.0,0.0096612134484091,5.0,0.0,5.0,27.0,2.0,0.0,9.6612134484091e-05,0.2,0.0,0.0,1.0,21.0,LOW,Device connected to many users
U0282,434,9.0,0.0144686779915331,8.0,0.1111111111111111,9.0,29.0,2.0,0.0,0.0001446867799153,0.2,0.1111111111111111,0.0,1.0,22.67,LOW,Device connected to many users
U0283,988,12.0,0.0208122561063737,11.0,0.0833333333333333,12.0,38.0,2.0,0.0,0.0002081225610637,0.2,0.0833333333333333,0.0,1.0,22.26,LOW,Device connected to many users
U0284,217,15.0,0.0230970589744905,14.0,0.0666666666666666,14.0,27.0,2.0,0.0,0.0002309705897449,0.2,0.0666666666666666,0.0,1.0,22.01,LOW,Device connected to many users
U0285,952,19.0,0.0301850822146318,17.0,0.1052631578947368,19.0,29.0,2.0,0.0,0.0003018508221463,0.2,0.1052631578947368,0.0,1.0,22.59,LOW,Device connected to many users
U0286,553,8.0,0.0151577351817349,7.0,0.125,8.0,33.0,2.0,0.0,0.0001515773518173,0.2,0.125,0.0,1.0,22.88,LOW,Device connected to many users
U0287,774,12.0,0.0185734554366051,9.0,0.25,11.0,38.0,2.0,0.0,0.000185734554366,0.2,0.25,0.0,1.0,24.76,LOW,Device connected to many users
U0288,748,7.0,0.0141786510026331,7.0,0.0,7.0,37.0,2.0,0.0,0.0001417865100263,0.2,0.0,0.0,1.0,21.0,LOW,Device connected to many users
U0289,707,13.0,0.0210890607256799,12.0,0.0769230769230768,13.0,32.0,2.0,0.0,0.0002108906072567,0.2,0.0769230769230768,0.0,1.0,22.16,LOW,Device connected to many users
U0290,206,12.0,0.0190672916501151,11.0,0.0833333333333333,12.0,29.0,2.0,0.0,0.0001906729165011,0.2,0.0833333333333333,0.0,1.0,22.26,LOW,Device connected to many users
U0291,731,15.0,0.0234338384627401,13.0,0.1333333333333333,15.0,37.0,2.0,0.0,0.0002343383846274,0.2,0.1333333333333333,0.0,1.0,23.01,LOW,Device connected to many users
U0292,320,13.0,0.0209553489871581,13.0,0.0,13.0,32.0,2.0,0.0,0.0002095534898715,0.2,0.0,0.0,1.0,21.01,LOW,Device connected to many users
U0293,409,13.0,0.0196845425867507,12.0,0.0769230769230768,13.0,37.0,2.0,0.0,0.0001968454258675,0.2,0.0769230769230768,0.0,1.0,22.16,LOW,Device connected to many users
U0294,688,13.0,0.018821939625009,10.0,0.2307692307692307,13.0,36.0,2.0,0.0,0.00018821939625,0.2,0.2307692307692307,0.0,1.0,24.47,LOW,Device connected to many users
U0295,666,14.0,0.0213225028556923,13.0,0.0714285714285714,14.0,32.0,2.0,0.0,0.0002132250285569,0.2,0.0714285714285714,0.0,1.0,22.08,LOW,Device connected to many users
U0296,383,12.0,0.0226664567920667,11.0,0.0833333333333333,11.0,37.0,2.0,0.0,0.0002266645679206,0.2,0.0833333333333333,0.0,1.0,22.26,LOW,Device connected to many users
U0297,449,14.0,0.0230383149118235,12.0,0.1428571428571429,14.0,27.0,2.0,0.0,0.0002303831491182,0.2,0.1428571428571429,0.0,1.0,23.15,LOW,Device connected to many users
U0298,922,14.0,0.0227383465973688,12.0,0.1428571428571429,14.0,37.0,2.0,0.0,0.0002273834659736,0.2,0.1428571428571429,0.0,1.0,23.15,LOW,Device connected to many users
U0299,530,8.0,0.0118098612341305,8.0,0.0,8.0,27.0,2.0,0.0,0.0001180986123413,0.2,0.0,0.0,1.0,21.0,LOW,Device connected to many users
U0300,463,14.0,0.0219872264684326,13.0,0.0714285714285714,13.0,29.0,2.0,0.0,0.0002198722646843,0.2,0.0714285714285714,0.0,1.0,22.08,LOW,Device connected to many users
U0301,124,8.0,0.0116439851539189,8.0,0.0,7.0,33.0,2.0,0.0,0.0001164398515391,0.2,0.0,0.0,1.0,21.0,LOW,Device connected to many users
U0302,254,13.0,0.0194848992031175,12.0,0.0769230769230768,13.0,28.0,2.0,0.0,0.0001948489920311,0.2,0.0769230769230768,0.0,1.0,22.16,LOW,Device connected to many users
U0303,231,16.0,0.0231643462104577,14.0,0.125,16.0,34.0,2.0,0.0,0.0002316434621045,0.2,0.125,0.0,1.0,22.88,LOW,Device connected to many users
U0304,66,10.0,0.0148111577388299,10.0,0.0,10.0,37.0,2.0,0.0,0.0001481115773882,0.2,0.0,0.0,1.0,21.0,LOW,Device connected to many users
U0305,347,14.0,0.0208991615455427,14.0,0.0,14.0,37.0,2.0,0.0,0.0002089916154554,0.2,0.0,0.0,1.0,21.01,LOW,Device connected to many users
U0306,22,9.0,0.0134472196628234,8.0,0.1111111111111111,9.0,27.0,2.0,0.0,0.0001344721966282,0.2,0.1111111111111111,0.2666666666666666,1.0,25.34,LOW,Device connected to many users; Recently created account
U0307,603,12.0,0.0191392647332464,11.0,0.0833333333333333,12.0,32.0,2.0,0.0,0.0001913926473324,0.2,0.0833333333333333,0.0,1.0,22.26,LOW,Device connected to many users
U0308,568,21.0,0.0314003040346898,17.0,0.1904761904761904,21.0,28.0,3.0,0.0,0.0003140030403468,0.4,0.1904761904761904,0.0,1.0,29.87,LOW,Device connected to many users
U0309,236,15.0,0.0252503997979968,13.0,0.1333333333333333,15.0,32.0,2.0,0.0,0.0002525039979799,0.2,0.1333333333333333,0.0,1.0,23.01,LOW,Device connected to many users
U0310,603,12.0,0.0180586907449209,12.0,0.0,12.0,28.0,2.0,0.0,0.0001805869074492,0.2,0.0,0.0,1.0,21.01,LOW,Device connected to many users
U0311,226,11.0,0.0328652524648939,10.0,0.0909090909090909,10.0,27.0,2.0,0.0,0.0003286525246489,0.2,0.0909090909090909,0.0,1.0,22.37,LOW,Device connected to many users
U0312,8,10.0,0.0150765133050229,10.0,0.0,10.0,38.0,2.0,0.0,0.0001507651330502,0.2,0.0,0.7333333333333333,1.0,28.34,LOW,Device connected to many users; Recently created account
U0313,73,7.0,0.0132974513218299,7.0,0.0,7.0,29.0,2.0,0.0,0.0001329745132182,0.2,0.0,0.0,1.0,21.0,LOW,Device connected to many users
U0314,725,9.0,0.0185153437339276,9.0,0.0,9.0,32.0,2.0,0.0,0.0001851534373392,0.2,0.0,0.0,1.0,21.01,LOW,Device connected to many users
U0315,647,9.0,0.016462410828608,9.0,0.0,9.0,38.0,2.0,0.0,0.000164624108286,0.2,0.0,0.0,1.0,21.0,LOW,Device connected to many users
U0316,61,9.0,0.0140962723190978,8.0,0.1111111111111111,9.0,34.0,2.0,0.0,0.0001409627231909,0.2,0.1111111111111111,0.0,1.0,22.67,LOW,Device connected to many users
U0317,235,13.0,0.0198266439592282,12.0,0.0769230769230768,13.0,32.0,2.0,0.0,0.0001982664395922,0.2,0.0769230769230768,0.0,1.0,22.16,LOW,Device connected to many users
U0318,70,7.0,0.0184842883548983,7.0,0.0,7.0,34.0,2.0,0.0,0.0001848428835489,0.2,0.0,0.0,1.0,21.01,LOW,Device connected to many users
U0319,928,12.0,0.0175075987841945,12.0,0.0,12.0,31.0,2.0,0.0,0.0001750759878419,0.2,0.0,0.0,1.0,21.01,LOW,Device connected to many users
U0320,33,19.0,0.0323147570723963,16.0,0.1578947368421053,19.0,32.0,2.0,0.0,0.0003231475707239,0.2,0.1578947368421053,0.0,1.0,23.38,LOW,Device connected to many users
U0321,881,14.0,0.0247386246502724,13.0,0.0714285714285714,13.0,33.0,2.0,0.0,0.0002473862465027,0.2,0.0714285714285714,0.0,1.0,22.08,LOW,Device connected to many users
U0322,339,12.0,0.0192112706120924,11.0,0.0833333333333333,12.0,37.0,2.0,0.0,0.0001921127061209,0.2,0.0833333333333333,0.0,1.0,22.26,LOW,Device connected to many users
U0323,73,16.0,0.0270849791219952,12.0,0.25,16.0,37.0,2.0,0.0,0.0002708497912199,0.2,0.25,0.0,1.0,24.76,LOW,Device connected to many users
U0324,527,10.0,0.0151156346047261,10.0,0.0,10.0,28.0,2.0,0.0,0.0001511563460472,0.2,0.0,0.0,1.0,21.0,LOW,Device connected to many users
U0325,244,12.0,0.0329730719912071,12.0,0.0,11.0,32.0,2.0,0.0,0.000329730719912,0.2,0.0,0.0,1.0,21.01,LOW,Device connected to many users
U0326,286,9.0,0.0207063154262049,9.0,0.0,9.0,34.0,2.0,0.0,0.000207063154262,0.2,0.0,0.0,1.0,21.01,LOW,Device connected to many users
U0327,686,19.0,0.0278422273781902,16.0,0.1578947368421053,19.0,30.0,3.0,0.0,0.0002784222737819,0.4,0.1578947368421053,0.0,1.0,29.38,LOW,Device connected to many users
U0328,498,17.0,0.0269734232447441,16.0,0.0588235294117647,17.0,29.0,2.0,0.0,0.0002697342324474,0.2,0.0588235294117647,0.0,1.0,21.89,LOW,Device connected to many users
U0329,220,5.0,0.0097592713077423,5.0,0.0,5.0,30.0,2.0,0.0,9.7592713077423e-05,0.2,0.0,0.0,1.0,21.0,LOW,Device connected to many users
U0330,553,16.0,0.0265640997260577,15.0,0.0625,16.0,37.0,2.0,0.0,0.0002656409972605,0.2,0.0625,0.0,1.0,21.95,LOW,Device connected to many users
U0331,136,11.0,0.0167521193969237,10.0,0.0909090909090909,11.0,27.0,2.0,0.0,0.0001675211939692,0.2,0.0909090909090909,0.0,1.0,22.37,LOW,Device connected to many users
U0332,741,6.0,0.018796011068762,6.0,0.0,6.0,29.0,2.0,0.0,0.0001879601106876,0.2,0.0,0.0,1.0,21.01,LOW,Device connected to many users
U0333,958,7.0,0.012658609361343,7.0,0.0,7.0,37.0,1.0,0.0,0.0001265860936134,0.0,0.0,0.0,1.0,15.0,LOW,Device connected to many users
U0334,904,14.0,0.0245851259987707,13.0,0.0714285714285714,14.0,36.0,2.0,0.0,0.0002458512599877,0.2,0.0714285714285714,0.0,1.0,22.08,LOW,Device connected to many users
U0335,585,20.0,0.029399514908004,15.0,0.25,18.0,37.0,2.0,0.0,0.00029399514908,0.2,0.25,0.0,1.0,24.76,LOW,Device connected to many users
U0336,591,9.0,0.0140925935591627,8.0,0.1111111111111111,9.0,32.0,2.0,0.0,0.0001409259355916,0.2,0.1111111111111111,0.0,1.0,22.67,LOW,Device connected to many users
U0337,485,10.0,0.0168067226890756,9.0,0.0999999999999999,10.0,27.0,1.0,0.0,0.0001680672268907,0.0,0.0999999999999999,0.0,1.0,16.51,LOW,Device connected to many users
U0338,249,9.0,0.0188817790831847,9.0,0.0,9.0,30.0,2.0,0.0,0.0001888177908318,0.2,0.0,0.0,1.0,21.01,LOW,Device connected to many users
U0339,804,18.0,0.0273618606065212,16.0,0.1111111111111111,17.0,36.0,2.0,0.0,0.0002736186060652,0.2,0.1111111111111111,0.0,1.0,22.67,LOW,Device connected to many users
U0340,485,13.0,0.0238058904318632,12.0,0.0769230769230768,13.0,32.0,2.0,0.0,0.0002380589043186,0.2,0.0769230769230768,0.0,1.0,22.16,LOW,Device connected to many users
U0341,827,5.0,0.0158094435075885,5.0,0.0,5.0,36.0,2.0,0.0,0.0001580944350758,0.2,0.0,0.0,1.0,21.0,LOW,Device connected to many users
U0342,417,16.0,0.0318080911831947,14.0,0.125,16.0,37.0,2.0,0.0,0.0003180809118319,0.2,0.125,0.0,1.0,22.88,LOW,Device connected to many users
U0343,195,9.0,0.0150943396226415,8.0,0.1111111111111111,9.0,31.0,2.0,0.0,0.0001509433962264,0.2,0.1111111111111111,0.0,1.0,22.67,LOW,Device connected to many users
U0344,97,10.0,0.0191411982390097,7.0,0.3,10.0,28.0,3.0,0.0,0.00019141198239,0.4,0.3,0.0,1.0,31.51,LOW,Device connected to many users
U0345,100,11.0,0.0209404150009518,9.0,0.1818181818181817,11.0,32.0,2.0,0.0,0.0002094041500095,0.2,0.1818181818181817,0.0,1.0,23.73,LOW,Device connected to many users
U0346,675,15.0,0.0237229163371817,14.0,0.0666666666666666,14.0,26.0,2.0,0.0,0.0002372291633718,0.2,0.0666666666666666,0.0,1.0,22.01,LOW,Device connected to many users
U0347,442,11.0,0.0180352507173111,10.0,0.0909090909090909,11.0,33.0,2.0,0.0,0.0001803525071731,0.2,0.0909090909090909,0.0,1.0,22.37,LOW,Device connected to many users
U0348,363,8.0,0.0125398401170385,7.0,0.125,8.0,31.0,2.0,0.0,0.0001253984011703,0.2,0.125,0.0,1.0,22.88,LOW,Device connected to many users
U0349,434,13.0,0.0204998817314515,13.0,0.0,13.0,32.0,2.0,0.0,0.0002049988173145,0.2,0.0,0.0,1.0,21.01,LOW,Device connected to many users
U0350,421,13.0,0.0224067105225359,12.0,0.0769230769230768,13.0,31.0,2.0,0.0,0.0002240671052253,0.2,0.0769230769230768,0.0,1.0,22.16,LOW,Device connected to many users
U0351,479,12.0,0.0171895143962183,12.0,0.0,12.0,28.0,2.0,0.0,0.0001718951439621,0.2,0.0,0.0,1.0,21.01,LOW,Device connected to many users
U0352,885,12.0,0.0183215430810728,11.0,0.0833333333333333,12.0,31.0,2.0,0.0,0.0001832154308107,0.2,0.0833333333333333,0.0,1.0,22.26,LOW,Device connected to many users
U0353,747,8.0,0.0118413262285375,8.0,0.0,8.0,30.0,2.0,0.0,0.0001184132622853,0.2,0.0,0.0,1.0,21.0,LOW,Device connected to many users
U0354,56,15.0,0.0225909284871608,15.0,0.0,15.0,31.0,2.0,0.0,0.0002259092848716,0.2,0.0,0.0,1.0,21.01,LOW,Device connected to many users
U0355,690,11.0,0.019385537214357,11.0,0.0,11.0,33.0,2.0,0.0,0.0001938553721435,0.2,0.0,0.0,1.0,21.01,LOW,Device connected to many users
U0356,670,12.0,0.0235340262796626,11.0,0.0833333333333333,11.0,38.0,2.0,0.0,0.0002353402627966,0.2,0.0833333333333333,0.0,1.0,22.26,LOW,Device connected to many users
U0357,662,12.0,0.0201889913916383,10.0,0.1666666666666666,12.0,34.0,2.0,0.0,0.0002018899139163,0.2,0.1666666666666666,0.0,1.0,23.51,LOW,Device connected to many users
U0358,101,9.0,0.0133349796271144,7.0,0.2222222222222222,9.0,36.0,2.0,0.0,0.0001333497962711,0.2,0.2222222222222222,0.0,1.0,24.34,LOW,Device connected to many users
U0359,63,9.0,0.02071664236937,8.0,0.1111111111111111,9.0,29.0,2.0,0.0,0.0002071664236937,0.2,0.1111111111111111,0.0,1.0,22.67,LOW,Device connected to many users
U0360,413,9.0,0.0141568791946308,9.0,0.0,9.0,33.0,2.0,0.0,0.0001415687919463,0.2,0.0,0.0,1.0,21.0,LOW,Device connected to many users
U0361,746,18.0,0.028388928317956,16.0,0.1111111111111111,18.0,36.0,2.0,0.0,0.0002838892831795,0.2,0.1111111111111111,0.0,1.0,22.68,LOW,Device connected to many users
U0362,348,11.0,0.0199763915372741,11.0,0.0,11.0,32.0,2.0,0.0,0.0001997639153727,0.2,0.0,0.0,1.0,21.01,LOW,Device connected to many users
U0363,820,8.0,0.0142467054493648,8.0,0.0,8.0,31.0,2.0,0.0,0.0001424670544936,0.2,0.0,0.0,1.0,21.0,LOW,Device connected to many users
U0364,883,8.0,0.016140421668516,8.0,0.0,8.0,28.0,2.0,0.0,0.0001614042166851,0.2,0.0,0.0,1.0,21.0,LOW,Device connected to many users
U0365,112,14.0,0.0217368802401407,14.0,0.0,14.0,32.0,2.0,0.0,0.0002173688024014,0.2,0.0,0.0,1.0,21.01,LOW,Device connected to many users
U0366,255,10.0,0.0186092674151727,10.0,0.0,10.0,31.0,2.0,0.0,0.0001860926741517,0.2,0.0,0.0,1.0,21.01,LOW,Device connected to many users
U0367,197,11.0,0.0198819134835522,10.0,0.0909090909090909,11.0,33.0,2.0,0.0,0.0001988191348355,0.2,0.0909090909090909,0.0,1.0,22.37,LOW,Device connected to many users
U0368,195,11.0,0.0262091970455086,11.0,0.0,10.0,37.0,2.0,0.0,0.000262091970455,0.2,0.0,0.0,1.0,21.01,LOW,Device connected to many users
U0369,550,13.0,0.020282393322412,11.0,0.1538461538461538,13.0,36.0,2.0,0.0,0.0002028239332241,0.2,0.1538461538461538,0.0,1.0,23.31,LOW,Device connected to many users
U0370,460,9.0,0.0187604224569205,8.0,0.1111111111111111,9.0,31.0,2.0,0.0,0.0001876042245692,0.2,0.1111111111111111,0.0,1.0,22.67,LOW,Device connected to many users
U0371,144,10.0,0.0200628636394034,10.0,0.0,10.0,27.0,2.0,0.0,0.000200628636394,0.2,0.0,0.0,1.0,21.01,LOW,Device connected to many users
U0372,433,12.0,0.0198106977767994,12.0,0.0,12.0,29.0,2.0,0.0,0.0001981069777679,0.2,0.0,0.0,1.0,21.01,LOW,Device connected to many users
U0373,188,12.0,0.0212602610287604,9.0,0.25,12.0,33.0,2.0,0.0,0.0002126026102876,0.2,0.25,0.0,1.0,24.76,LOW,Device connected to many users
U0374,286,13.0,0.0191392255974873,12.0,0.0769230769230768,13.0,37.0,2.0,0.0,0.0001913922559748,0.2,0.0769230769230768,0.0,1.0,22.16,LOW,Device connected to many users
U0375,474,12.0,0.0186654223051796,10.0,0.1666666666666666,12.0,31.0,2.0,0.0,0.0001866542230517,0.2,0.1666666666666666,0.0,1.0,23.51,LOW,Device connected to many users
U0376,256,9.0,0.0127397551135961,7.0,0.2222222222222222,9.0,34.0,2.0,0.0,0.0001273975511359,0.2,0.2222222222222222,0.0,1.0,24.34,LOW,Device connected to many users
U0377,896,11.0,0.0181144503911074,10.0,0.0909090909090909,11.0,34.0,3.0,0.0,0.000181144503911,0.4,0.0909090909090909,0.0,1.0,28.37,LOW,Device connected to many users
U0378,946,9.0,0.0181494303095486,9.0,0.0,9.0,36.0,3.0,0.0,0.0001814943030954,0.4,0.0,0.0,1.0,27.01,LOW,Device connected to many users
U0379,78,12.0,0.0176978098960253,11.0,0.0833333333333333,12.0,36.0,2.0,0.0,0.0001769780989602,0.2,0.0833333333333333,0.0,1.0,22.26,LOW,Device connected to many users
U0380,454,13.0,0.0206792332776584,11.0,0.1538461538461538,13.0,34.0,2.0,0.0,0.0002067923327765,0.2,0.1538461538461538,0.0,1.0,23.31,LOW,Device connected to many users
U0381,828,14.0,0.0264717004916172,12.0,0.1428571428571429,14.0,37.0,2.0,0.0,0.0002647170049161,0.2,0.1428571428571429,0.0,1.0,23.15,LOW,Device connected to many users
U0382,883,10.0,0.0174799708667152,9.0,0.0999999999999999,10.0,33.0,2.0,0.0,0.0001747997086671,0.2,0.0999999999999999,0.0,1.0,22.51,LOW,Device connected to many users
U0383,877,11.0,0.0181693048864418,11.0,0.0,11.0,33.0,2.0,0.0,0.0001816930488644,0.2,0.0,0.0,1.0,21.01,LOW,Device connected to many users
U0384,564,13.0,0.0207485436118426,12.0,0.0769230769230768,12.0,32.0,2.0,0.0,0.0002074854361184,0.2,0.0769230769230768,0.0,1.0,22.16,LOW,Device connected to many users
U0385,101,8.0,0.0121001285638659,8.0,0.0,8.0,33.0,2.0,0.0,0.0001210012856386,0.2,0.0,0.0,1.0,21.0,LOW,Device connected to many users
U0386,52,15.0,0.0238847164353387,14.0,0.0666666666666666,15.0,31.0,3.0,0.0,0.0002388471643533,0.4,0.0666666666666666,0.0,1.0,28.01,LOW,Device connected to many users
U0387,668,11.0,0.0157326404614907,10.0,0.0909090909090909,11.0,37.0,2.0,0.0,0.0001573264046149,0.2,0.0909090909090909,0.0,1.0,22.37,LOW,Device connected to many users
U0388,554,11.0,0.0154853241359893,11.0,0.0,11.0,32.0,2.0,0.0,0.0001548532413598,0.2,0.0,0.0,1.0,21.0,LOW,Device connected to many users
U0389,857,12.0,0.027002700270027,12.0,0.0,12.0,34.0,2.0,0.0,0.0002700270027002,0.2,0.0,0.0,1.0,21.01,LOW,Device connected to many users
U0390,16,10.0,0.014653803883258,10.0,0.0,10.0,31.0,2.0,0.0,0.0001465380388325,0.2,0.0,0.4666666666666667,1.0,25.67,LOW,Device connected to many users; Recently created account
U0391,993,12.0,0.0186022477716057,12.0,0.0,12.0,37.0,2.0,0.0,0.000186022477716,0.2,0.0,0.0,1.0,21.01,LOW,Device connected to many users
U0392,96,9.0,0.0188442211055276,8.0,0.1111111111111111,9.0,37.0,2.0,0.0,0.0001884422110552,0.2,0.1111111111111111,0.0,1.0,22.67,LOW,Device connected to many users
U0393,949,6.0,0.0119232934786208,5.0,0.1666666666666666,6.0,30.0,2.0,0.0,0.0001192329347862,0.2,0.1666666666666666,0.0,1.0,23.5,LOW,Device connected to many users
U0394,772,11.0,0.0224070616194194,10.0,0.0909090909090909,11.0,37.0,2.0,0.0,0.0002240706161941,0.2,0.0909090909090909,0.0,1.0,22.37,LOW,Device connected to many users
U0395,870,10.0,0.0172121977107777,9.0,0.0999999999999999,10.0,29.0,2.0,0.0,0.0001721219771077,0.2,0.0999999999999999,0.0,1.0,22.51,LOW,Device connected to many users
U0396,243,7.0,0.0155308212846207,7.0,0.0,7.0,36.0,2.0,0.0,0.0001553082128462,0.2,0.0,0.0,1.0,21.0,LOW,Device connected to many users
U0397,171,12.0,0.020730162386272,11.0,0.0833333333333333,11.0,31.0,2.0,0.0,0.0002073016238627,0.2,0.0833333333333333,0.0,1.0,22.26,LOW,Device connected to many users
U0398,417,14.0,0.0205801646413171,14.0,0.0,14.0,31.0,2.0,0.0,0.0002058016464131,0.2,0.0,0.0,1.0,21.01,LOW,Device connected to many users
U0399,498,11.0,0.0159162707695275,10.0,0.0909090909090909,11.0,32.0,2.0,0.0,0.0001591627076952,0.2,0.0909090909090909,0.0,1.0,22.37,LOW,Device connected to many users
U0400,493,8.0,0.0227132920077603,8.0,0.0,7.0,25.0,2.0,0.0,0.0002271329200776,0.2,0.0,0.0,1.0,21.01,LOW,Device connected to many users
U0401,219,9.0,0.0179163901791639,7.0,0.2222222222222222,9.0,37.0,2.0,0.0,0.0001791639017916,0.2,0.2222222222222222,0.0,1.0,24.34,LOW,Device connected to many users
U0402,886,15.0,0.0220707244102211,13.0,0.1333333333333333,15.0,31.0,2.0,0.0,0.0002207072441022,0.2,0.1333333333333333,0.0,1.0,23.01,LOW,Device connected to many users
U0403,411,9.0,0.0134492291599212,9.0,0.0,9.0,37.0,2.0,0.0,0.0001344922915992,0.2,0.0,0.0,1.0,21.0,LOW,Device connected to many users
U0404,925,11.0,0.0203659703150553,11.0,0.0,11.0,28.0,2.0,0.0,0.0002036597031505,0.2,0.0,0.0,1.0,21.01,LOW,Device connected to many users
U0405,61,16.0,0.0250404298607126,14.0,0.125,16.0,38.0,3.0,0.0,0.0002504042986071,0.4,0.125,0.0,1.0,28.88,LOW,Device connected to many users
U0406,169,12.0,0.0198840099420049,11.0,0.0833333333333333,12.0,32.0,2.0,0.0,0.00019884009942,0.2,0.0833333333333333,0.0,1.0,22.26,LOW,Device connected to many users
U0407,389,12.0,0.0190647672509664,10.0,0.1666666666666666,12.0,31.0,2.0,0.0,0.0001906476725096,0.2,0.1666666666666666,0.0,1.0,23.51,LOW,Device connected to many users
U0408,3,9.0,0.0182321561212776,9.0,0.0,9.0,28.0,3.0,0.0,0.0001823215612127,0.4,0.0,0.9,1.0,36.01,LOW,Device connected to many users; Very new account; Recently created account
U0409,400,5.0,0.0097181729834791,5.0,0.0,5.0,26.0,2.0,0.0,9.7181729834791e-05,0.2,0.0,0.0,1.0,21.0,LOW,Device connected to many users
U0410,272,10.0,0.014537348872144,10.0,0.0,10.0,32.0,2.0,0.0,0.0001453734887214,0.2,0.0,0.0,1.0,21.0,LOW,Device connected to many users
U0411,949,11.0,0.0170555857043181,11.0,0.0,11.0,30.0,2.0,0.0,0.0001705558570431,0.2,0.0,0.0,1.0,21.01,LOW,Device connected to many users
U0412,803,17.0,0.0276918064831405,15.0,0.1176470588235294,16.0,38.0,2.0,0.0,0.0002769180648314,0.2,0.1176470588235294,0.0,1.0,22.77,LOW,Device connected to many users
U0413,804,11.0,0.0182129256581489,11.0,0.0,11.0,28.0,2.0,0.0,0.0001821292565814,0.2,0.0,0.0,1.0,21.01,LOW,Device connected to many users
U0414,466,17.0,0.0246133056634733,16.0,0.0588235294117647,17.0,33.0,2.0,0.0,0.0002461330566347,0.2,0.0588235294117647,0.0,1.0,21.89,LOW,Device connected to many users
U0415,293,16.0,0.0273060841368717,14.0,0.125,16.0,32.0,2.0,0.0,0.0002730608413687,0.2,0.125,0.0,1.0,22.88,LOW,Device connected to many users
U0416,434,11.0,0.018704832081621,11.0,0.0,11.0,37.0,2.0,0.0,0.0001870483208162,0.2,0.0,0.0,1.0,21.01,LOW,Device connected to many users
U0417,714,15.0,0.0212054097356392,12.0,0.1999999999999999,15.0,38.0,2.0,0.0,0.0002120540973563,0.2,0.1999999999999999,0.0,1.0,24.01,LOW,Device connected to many users
U0418,981,13.0,0.0224563827949559,9.0,0.3076923076923077,13.0,36.0,2.0,0.0,0.0002245638279495,0.2,0.3076923076923077,0.0,1.0,25.62,LOW,Device connected to many users
U0419,749,14.0,0.0210938677113153,12.0,0.1428571428571429,14.0,38.0,2.0,0.0,0.0002109386771131,0.2,0.1428571428571429,0.0,1.0,23.15,LOW,Device connected to many users
U0420,803,11.0,0.0187697295452606,9.0,0.1818181818181817,10.0,25.0,2.0,0.0,0.0001876972954526,0.2,0.1818181818181817,0.0,1.0,23.73,LOW,Device connected to many users
U0421,570,6.0,0.0096753386368522,6.0,0.0,6.0,27.0,2.0,0.0,9.6753386368522e-05,0.2,0.0,0.0,1.0,21.0,LOW,Device connected to many users
U0422,678,10.0,0.0199554328665979,10.0,0.0,10.0,31.0,2.0,0.0,0.0001995543286659,0.2,0.0,0.0,1.0,21.01,LOW,Device connected to many users
U0423,736,6.0,0.0124464112847462,6.0,0.0,6.0,26.0,2.0,0.0,0.0001244641128474,0.2,0.0,0.0,1.0,21.0,LOW,Device connected to many users
U0424,499,11.0,0.0181793141440572,11.0,0.0,10.0,23.0,2.0,0.0,0.0001817931414405,0.2,0.0,0.0,1.0,21.01,LOW,Device connected to many users
U0425,159,15.0,0.0233154581487526,13.0,0.1333333333333333,14.0,33.0,2.0,0.0,0.0002331545814875,0.2,0.1333333333333333,0.0,1.0,23.01,LOW,Device connected to many users
U0426,195,8.0,0.0148390886326398,8.0,0.0,8.0,32.0,1.0,0.0,0.0001483908863263,0.0,0.0,0.0,1.0,15.0,LOW,Device connected to many users
U0427,304,16.0,0.0297526808405132,15.0,0.0625,16.0,37.0,2.0,0.0,0.0002975268084051,0.2,0.0625,0.0,1.0,21.95,LOW,Device connected to many users
U0428,223,16.0,0.0224829621302606,14.0,0.125,16.0,31.0,2.0,0.0,0.0002248296213026,0.2,0.125,0.0,1.0,22.88,LOW,Device connected to many users
U0429,992,16.0,0.0313479623824451,14.0,0.125,15.0,38.0,2.0,0.0,0.0003134796238244,0.2,0.125,0.0,1.0,22.88,LOW,Device connected to many users
U0430,60,14.0,0.0211055276381909,10.0,0.2857142857142857,14.0,29.0,2.0,0.0,0.0002110552763819,0.2,0.2857142857142857,0.0,1.0,25.29,LOW,Device connected to many users
U0431,594,4.0,0.0071605453948742,4.0,0.0,4.0,29.0,2.0,0.0,7.1605453948742e-05,0.2,0.0,0.0,1.0,21.0,LOW,Device connected to many users
U0432,754,10.0,0.0156079288278445,9.0,0.0999999999999999,10.0,24.0,2.0,0.0,0.0001560792882784,0.2,0.0999999999999999,0.0,1.0,22.5,LOW,Device connected to many users
U0433,556,12.0,0.0177348637863934,11.0,0.0833333333333333,12.0,32.0,2.0,0.0,0.0001773486378639,0.2,0.0833333333333333,0.0,1.0,22.26,LOW,Device connected to many users
U0434,63,6.0,0.0100362419849456,5.0,0.1666666666666666,6.0,37.0,2.0,0.0,0.0001003624198494,0.2,0.1666666666666666,0.0,1.0,23.5,LOW,Device connected to many users
U0435,766,8.0,0.0133366675002083,7.0,0.125,8.0,29.0,2.0,0.0,0.000133366675002,0.2,0.125,0.0,1.0,22.88,LOW,Device connected to many users
U0436,322,16.0,0.023291360361016,14.0,0.125,15.0,37.0,2.0,0.0,0.0002329136036101,0.2,0.125,0.0,1.0,22.88,LOW,Device connected to many users
U0437,59,8.0,0.0162789120260462,8.0,0.0,8.0,31.0,2.0,0.0,0.0001627891202604,0.2,0.0,0.0,1.0,21.0,LOW,Device connected to many users
U0438,52,14.0,0.0226531107575308,11.0,0.2142857142857143,14.0,33.0,2.0,0.0,0.0002265311075753,0.2,0.2142857142857143,0.0,1.0,24.22,LOW,Device connected to many users
U0439,599,14.0,0.0207751094403086,13.0,0.0714285714285714,14.0,37.0,2.0,0.0,0.000207751094403,0.2,0.0714285714285714,0.0,1.0,22.08,LOW,Device connected to many users
U0440,489,9.0,0.0257216347527865,9.0,0.0,9.0,36.0,2.0,0.0,0.0002572163475278,0.2,0.0,0.0,1.0,21.01,LOW,Device connected to many users
U0441,515,10.0,0.0157986202538311,9.0,0.0999999999999999,10.0,25.0,3.0,0.0,0.0001579862025383,0.4,0.0999999999999999,0.0,1.0,28.5,LOW,Device connected to many users
U0442,942,13.0,0.020072053525476,12.0,0.0769230769230768,13.0,37.0,2.0,0.0,0.0002007205352547,0.2,0.0769230769230768,0.0,1.0,22.16,LOW,Device connected to many users
U0443,874,6.0,0.0327302482043822,5.0,0.1666666666666666,6.0,31.0,2.0,0.0,0.0003273024820438,0.2,0.1666666666666666,0.0,1.0,23.51,LOW,Device connected to many users
U0444,544,10.0,0.019588638589618,10.0,0.0,10.0,32.0,2.0,0.0,0.0001958863858961,0.2,0.0,0.0,1.0,21.01,LOW,Device connected to many users
U0445,162,12.0,0.0183010523105078,12.0,0.0,12.0,26.0,2.0,0.0,0.000183010523105,0.2,0.0,0.0,1.0,21.01,LOW,Device connected to many users
U0446,59,7.0,0.0157079811504226,7.0,0.0,7.0,36.0,2.0,0.0,0.0001570798115042,0.2,0.0,0.0,1.0,21.0,LOW,Device connected to many users
U0447,984,17.0,0.0264433671220802,16.0,0.0588235294117647,16.0,34.0,2.0,0.0,0.0002644336712208,0.2,0.0588235294117647,0.0,1.0,21.89,LOW,Device connected to many users
U0448,521,17.0,0.0268463441596041,14.0,0.1764705882352941,17.0,34.0,2.0,0.0,0.000268463441596,0.2,0.1764705882352941,0.0,1.0,23.66,LOW,Device connected to many users
U0449,83,10.0,0.0222205762536108,10.0,0.0,10.0,29.0,2.0,0.0,0.0002222057625361,0.2,0.0,0.0,1.0,21.01,LOW,Device connected to many users
U0450,872,10.0,0.0169592130925125,9.0,0.0999999999999999,10.0,36.0,2.0,0.0,0.0001695921309251,0.2,0.0999999999999999,0.0,1.0,22.51,LOW,Device connected to many users
U0451,191,11.0,0.0172892544663907,9.0,0.1818181818181817,11.0,30.0,2.0,0.0,0.0001728925446639,0.2,0.1818181818181817,0.0,1.0,23.73,LOW,Device connected to many users
U0452,71,10.0,0.0169721656483367,9.0,0.0999999999999999,10.0,31.0,2.0,0.0,0.0001697216564833,0.2,0.0999999999999999,0.0,1.0,22.51,LOW,Device connected to many users
U0453,610,16.0,0.0262553331145388,13.0,0.1875,16.0,29.0,2.0,0.0,0.0002625533311453,0.2,0.1875,0.0,1.0,23.82,LOW,Device connected to many users
U0454,70,12.0,0.020066889632107,12.0,0.0,12.0,31.0,2.0,0.0,0.000200668896321,0.2,0.0,0.0,1.0,21.01,LOW,Device connected to many users
U0455,692,13.0,0.0258757961783439,13.0,0.0,13.0,37.0,2.0,0.0,0.0002587579617834,0.2,0.0,0.0,1.0,21.01,LOW,Device connected to many users
U0456,883,22.0,0.0348652931854199,18.0,0.1818181818181817,21.0,37.0,3.0,0.0,0.0003486529318541,0.4,0.1818181818181817,0.0,1.0,29.74,LOW,Device connected to many users
U0457,241,11.0,0.0164109704851182,11.0,0.0,11.0,29.0,2.0,0.0,0.0001641097048511,0.2,0.0,0.0,1.0,21.0,LOW,Device connected to many users
U0458,414,14.0,0.0238996215893248,12.0,0.1428571428571429,14.0,31.0,2.0,0.0,0.0002389962158932,0.2,0.1428571428571429,0.0,1.0,23.15,LOW,Device connected to many users
U0459,123,11.0,0.019477070176474,9.0,0.1818181818181817,11.0,30.0,2.0,0.0,0.0001947707017647,0.2,0.1818181818181817,0.0,1.0,23.73,LOW,Device connected to many users
U0460,965,9.0,0.0186702624209106,9.0,0.0,9.0,37.0,2.0,0.0,0.0001867026242091,0.2,0.0,0.0,1.0,21.01,LOW,Device connected to many users
U0461,912,13.0,0.0201936519442862,11.0,0.1538461538461538,13.0,36.0,2.0,0.0,0.0002019365194428,0.2,0.1538461538461538,0.0,1.0,23.31,LOW,Device connected to many users
U0462,584,11.0,0.0206424170393769,10.0,0.0909090909090909,10.0,38.0,2.0,0.0,0.0002064241703937,0.2,0.0909090909090909,0.0,1.0,22.37,LOW,Device connected to many users
U0463,253,8.0,0.0152279432759112,8.0,0.0,8.0,28.0,2.0,0.0,0.0001522794327591,0.2,0.0,0.0,1.0,21.0,LOW,Device connected to many users
U0464,593,10.0,0.0163283078430305,9.0,0.0999999999999999,10.0,29.0,2.0,0.0,0.0001632830784303,0.2,0.0999999999999999,0.0,1.0,22.5,LOW,Device connected to many users
U0465,609,15.0,0.03451184906818,14.0,0.0666666666666666,15.0,29.0,2.0,0.0,0.0003451184906818,0.2,0.0666666666666666,0.0,1.0,22.01,LOW,Device connected to many users
U0466,41,7.0,0.013625304136253,7.0,0.0,7.0,31.0,1.0,0.0,0.0001362530413625,0.0,0.0,0.0,1.0,15.0,LOW,Device connected to many users
U0467,635,13.0,0.018456296436515,13.0,0.0,13.0,32.0,2.0,0.0,0.0001845629643651,0.2,0.0,0.0,1.0,21.01,LOW,Device connected to many users
U0468,84,12.0,0.0211808313476303,11.0,0.0833333333333333,12.0,31.0,2.0,0.0,0.0002118083134763,0.2,0.0833333333333333,0.0,1.0,22.26,LOW,Device connected to many users
U0469,430,14.0,0.0222622707516166,13.0,0.0714285714285714,13.0,34.0,2.0,0.0,0.0002226227075161,0.2,0.0714285714285714,0.0,1.0,22.08,LOW,Device connected to many users
U0470,674,8.0,0.0189708323452691,7.0,0.125,8.0,28.0,2.0,0.0,0.0001897083234526,0.2,0.125,0.0,1.0,22.88,LOW,Device connected to many users
U0471,598,8.0,0.0134612148746424,7.0,0.125,8.0,31.0,2.0,0.0,0.0001346121487464,0.2,0.125,0.0,1.0,22.88,LOW,Device connected to many users
U0472,579,5.0,0.0094571590694155,5.0,0.0,5.0,37.0,2.0,0.0,9.4571590694155e-05,0.2,0.0,0.0,1.0,21.0,LOW,Device connected to many users
U0473,536,9.0,0.0163606616978731,8.0,0.1111111111111111,9.0,38.0,2.0,0.0,0.0001636066169787,0.2,0.1111111111111111,0.0,1.0,22.67,LOW,Device connected to many users
U0474,324,13.0,0.0188990114363248,13.0,0.0,13.0,31.0,2.0,0.0,0.0001889901143632,0.2,0.0,0.0,1.0,21.01,LOW,Device connected to many users
U0475,958,9.0,0.0173694876001157,9.0,0.0,9.0,27.0,2.0,0.0,0.0001736948760011,0.2,0.0,0.0,1.0,21.01,LOW,Device connected to many users
U0476,268,10.0,0.0194666147556939,9.0,0.0999999999999999,10.0,33.0,2.0,0.0,0.0001946661475569,0.2,0.0999999999999999,0.0,1.0,22.51,LOW,Device connected to many users
U0477,210,8.0,0.0150725365823023,8.0,0.0,8.0,31.0,2.0,0.0,0.000150725365823,0.2,0.0,0.0,1.0,21.0,LOW,Device connected to many users
U0478,686,13.0,0.0211067514544716,12.0,0.0769230769230768,12.0,27.0,2.0,0.0,0.0002110675145447,0.2,0.0769230769230768,0.0,1.0,22.16,LOW,Device connected to many users
U0479,734,10.0,0.0169702455028849,10.0,0.0,10.0,31.0,2.0,0.0,0.0001697024550288,0.2,0.0,0.0,1.0,21.01,LOW,Device connected to many users
U0480,322,15.0,0.0218181818181818,14.0,0.0666666666666666,15.0,32.0,2.0,0.0,0.0002181818181818,0.2,0.0666666666666666,0.0,1.0,22.01,LOW,Device connected to many users
U0481,245,10.0,0.0158654608916389,9.0,0.0999999999999999,10.0,38.0,2.0,0.0,0.0001586546089163,0.2,0.0999999999999999,0.0,1.0,22.5,LOW,Device connected to many users
U0482,272,20.0,0.0308888259672063,17.0,0.15,20.0,32.0,2.0,0.0,0.000308888259672,0.2,0.15,0.0,1.0,23.26,LOW,Device connected to many users
U0483,406,8.0,0.0161921468087977,8.0,0.0,8.0,30.0,2.0,0.0,0.0001619214680879,0.2,0.0,0.0,1.0,21.0,LOW,Device connected to many users
U0484,135,12.0,0.0189948555599525,11.0,0.0833333333333333,11.0,32.0,2.0,0.0,0.0001899485555995,0.2,0.0833333333333333,0.0,1.0,22.26,LOW,Device connected to many users
U0485,688,6.0,0.0098700444151998,6.0,0.0,6.0,28.0,2.0,0.0,9.8700444151998e-05,0.2,0.0,0.0,1.0,21.0,LOW,Device connected to many users
U0486,661,13.0,0.0199682555936716,12.0,0.0769230769230768,12.0,31.0,2.0,0.0,0.0001996825559367,0.2,0.0769230769230768,0.0,1.0,22.16,LOW,Device connected to many users
U0487,308,7.0,0.0108878807517822,7.0,0.0,7.0,31.0,2.0,0.0,0.0001088788075178,0.2,0.0,0.0,1.0,21.0,LOW,Device connected to many users
U0488,469,13.0,0.0307570977917981,12.0,0.0769230769230768,13.0,36.0,2.0,0.0,0.0003075709779179,0.2,0.0769230769230768,0.0,1.0,22.16,LOW,Device connected to many users
U0489,324,13.0,0.0194223107569721,13.0,0.0,13.0,34.0,2.0,0.0,0.0001942231075697,0.2,0.0,0.0,1.0,21.01,LOW,Device connected to many users
U0490,952,14.0,0.0205751236956841,13.0,0.0714285714285714,13.0,32.0,2.0,0.0,0.0002057512369568,0.2,0.0714285714285714,0.0,1.0,22.08,LOW,Device connected to many users
U0491,770,13.0,0.0236020334059549,11.0,0.1538461538461538,12.0,32.0,2.0,0.0,0.0002360203340595,0.2,0.1538461538461538,0.0,1.0,23.31,LOW,Device connected to many users
U0492,959,12.0,0.0208375539027002,10.0,0.1666666666666666,10.0,27.0,2.0,0.0,0.000208375539027,0.2,0.1666666666666666,0.0,1.0,23.51,LOW,Device connected to many users
U0493,75,15.0,0.0246879714716774,15.0,0.0,14.0,31.0,2.0,0.0,0.0002468797147167,0.2,0.0,0.0,1.0,21.01,LOW,Device connected to many users
U0494,10,15.0,0.0227129337539432,13.0,0.1333333333333333,15.0,31.0,2.0,0.0,0.0002271293375394,0.2,0.1333333333333333,0.6666666666666666,1.0,29.67,LOW,Device connected to many users; Recently created account
U0495,470,11.0,0.0180253994264645,10.0,0.0909090909090909,11.0,28.0,2.0,0.0,0.0001802539942646,0.2,0.0909090909090909,0.0,1.0,22.37,LOW,Device connected to many users
U0496,637,18.0,0.0255669712608304,16.0,0.1111111111111111,17.0,36.0,2.0,0.0,0.0002556697126083,0.2,0.1111111111111111,0.0,1.0,22.67,LOW,Device connected to many users
U0497,577,5.0,0.0103630522643269,5.0,0.0,5.0,28.0,2.0,0.0,0.0001036305226432,0.2,0.0,0.0,1.0,21.0,LOW,Device connected to many users
U0498,103,12.0,0.0169332079021636,11.0,0.0833333333333333,12.0,32.0,2.0,0.0,0.0001693320790216,0.2,0.0833333333333333,0.0,1.0,22.26,LOW,Device connected to many users
U0499,76,12.0,0.023577182526688,11.0,0.0833333333333333,12.0,37.0,2.0,0.0,0.0002357718252668,0.2,0.0833333333333333,0.0,1.0,22.26,LOW,Device connected to many users
U0500,551,17.0,0.0245652906892731,12.0,0.2941176470588235,17.0,37.0,2.0,0.0,0.0002456529068927,0.2,0.2941176470588235,0.0,1.0,25.42,LOW,Device connected to many users
U0501,219,8.0,0.0216616273297531,8.0,0.0,8.0,31.0,2.0,0.0,0.0002166162732975,0.2,0.0,0.0,1.0,21.01,LOW,Device connected to many users
U0502,519,14.0,0.0301399354144241,13.0,0.0714285714285714,13.0,32.0,2.0,0.0,0.0003013993541442,0.2,0.0714285714285714,0.0,1.0,22.08,LOW,Device connected to many users
U0503,272,11.0,0.0201262464550361,10.0,0.0909090909090909,11.0,29.0,2.0,0.0,0.0002012624645503,0.2,0.0909090909090909,0.0,1.0,22.37,LOW,Device connected to many users
U0504,136,12.0,0.022656471254602,12.0,0.0,12.0,31.0,2.0,0.0,0.000226564712546,0.2,0.0,0.0,1.0,21.01,LOW,Device connected to many users
U0505,956,7.0,0.0132063012923309,7.0,0.0,7.0,32.0,3.0,0.0,0.0001320630129233,0.4,0.0,0.0,1.0,27.0,LOW,Device connected to many users
U0506,358,8.0,0.011731925502273,8.0,0.0,8.0,28.0,2.0,0.0,0.0001173192550227,0.2,0.0,0.0,1.0,21.0,LOW,Device connected to many users
U0507,903,11.0,0.018508132361189,10.0,0.0909090909090909,11.0,30.0,3.0,0.0,0.0001850813236118,0.4,0.0909090909090909,0.0,1.0,28.37,LOW,Device connected to many users
U0508,71,11.0,0.0183226451236778,9.0,0.1818181818181817,11.0,36.0,2.0,0.0,0.0001832264512367,0.2,0.1818181818181817,0.0,1.0,23.73,LOW,Device connected to many users
U0509,901,10.0,0.0184774575018477,10.0,0.0,10.0,38.0,2.0,0.0,0.0001847745750184,0.2,0.0,0.0,1.0,21.01,LOW,Device connected to many users
U0510,251,12.0,0.0205174968653824,12.0,0.0,12.0,29.0,2.0,0.0,0.0002051749686538,0.2,0.0,0.0,1.0,21.01,LOW,Device connected to many users
U0511,379,14.0,0.0231035810550635,13.0,0.0714285714285714,14.0,24.0,2.0,0.0,0.0002310358105506,0.2,0.0714285714285714,0.0,1.0,22.08,LOW,Device connected to many users
U0512,292,10.0,0.0163889647637257,10.0,0.0,10.0,38.0,2.0,0.0,0.0001638896476372,0.2,0.0,0.0,1.0,21.0,LOW,Device connected to many users
U0513,162,18.0,0.0281748930397579,15.0,0.1666666666666666,18.0,33.0,2.0,0.0,0.0002817489303975,0.2,0.1666666666666666,0.0,1.0,23.51,LOW,Device connected to many users
U0514,449,7.0,0.0122110771914522,7.0,0.0,7.0,28.0,2.0,0.0,0.0001221107719145,0.2,0.0,0.0,1.0,21.0,LOW,Device connected to many users
U0515,854,7.0,0.0104973756560859,7.0,0.0,7.0,36.0,2.0,0.0,0.0001049737565608,0.2,0.0,0.0,1.0,21.0,LOW,Device connected to many users
U0516,557,14.0,0.025643373935342,13.0,0.0714285714285714,14.0,37.0,2.0,0.0,0.0002564337393534,0.2,0.0714285714285714,0.0,1.0,22.08,LOW,Device connected to many users
U0517,721,11.0,0.016442861057824,9.0,0.1818181818181817,11.0,36.0,2.0,0.0,0.0001644286105782,0.2,0.1818181818181817,0.0,1.0,23.73,LOW,Device connected to many users
U0518,310,10.0,0.0145299559258003,10.0,0.0,10.0,36.0,2.0,0.0,0.000145299559258,0.2,0.0,0.0,1.0,21.0,LOW,Device connected to many users
U0519,627,11.0,0.0274725274725274,11.0,0.0,11.0,31.0,2.0,0.0,0.0002747252747252,0.2,0.0,0.0,1.0,21.01,LOW,Device connected to many users
U0520,827,16.0,0.0242785968994208,14.0,0.125,16.0,33.0,2.0,0.0,0.0002427859689942,0.2,0.125,0.0,1.0,22.88,LOW,Device connected to many users
U0521,670,15.0,0.0288535521928699,14.0,0.0666666666666666,15.0,32.0,2.0,0.0,0.0002885355219286,0.2,0.0666666666666666,0.0,1.0,22.01,LOW,Device connected to many users
U0522,542,16.0,0.0273808505176692,15.0,0.0625,16.0,31.0,2.0,0.0,0.0002738085051766,0.2,0.0625,0.0,1.0,21.95,LOW,Device connected to many users
U0523,9,13.0,0.0221377078957824,12.0,0.0769230769230768,13.0,31.0,2.0,0.0,0.0002213770789578,0.2,0.0769230769230768,0.7,1.0,29.16,LOW,Device connected to many users; Recently created account
U0524,684,7.0,0.0156058410433619,6.0,0.1428571428571429,6.0,29.0,2.0,0.0,0.0001560584104336,0.2,0.1428571428571429,0.0,1.0,23.15,LOW,Device connected to many users
U0525,837,6.0,0.0104602510460251,5.0,0.1666666666666666,6.0,29.0,2.0,0.0,0.0001046025104602,0.2,0.1666666666666666,0.0,1.0,23.5,LOW,Device connected to many users
U0526,568,8.0,0.0167931987545044,7.0,0.125,8.0,31.0,2.0,0.0,0.000167931987545,0.2,0.125,0.0,1.0,22.88,LOW,Device connected to many users
U0527,307,13.0,0.0235820534526544,12.0,0.0769230769230768,13.0,28.0,2.0,0.0,0.0002358205345265,0.2,0.0769230769230768,0.0,1.0,22.16,LOW,Device connected to many users
U0528,955,9.0,0.0265695729187167,8.0,0.1111111111111111,9.0,37.0,2.0,0.0,0.0002656957291871,0.2,0.1111111111111111,0.0,1.0,22.67,LOW,Device connected to many users
U0529,680,9.0,0.0183336728457934,8.0,0.1111111111111111,9.0,31.0,3.0,0.0,0.0001833367284579,0.4,0.1111111111111111,0.0,1.0,28.67,LOW,Device connected to many users
U0530,107,10.0,0.0183368478958467,10.0,0.0,10.0,27.0,2.0,0.0,0.0001833684789584,0.2,0.0,0.0,1.0,21.01,LOW,Device connected to many users
U0531,962,11.0,0.0217305412880284,11.0,0.0,11.0,36.0,2.0,0.0,0.0002173054128802,0.2,0.0,0.0,1.0,21.01,LOW,Device connected to many users
U0532,900,7.0,0.0139618376437736,6.0,0.1428571428571429,7.0,32.0,2.0,0.0,0.0001396183764377,0.2,0.1428571428571429,0.0,1.0,23.15,LOW,Device connected to many users
U0533,138,14.0,0.0195973216993677,14.0,0.0,14.0,30.0,2.0,0.0,0.0001959732169936,0.2,0.0,0.0,1.0,21.01,LOW,Device connected to many users
U0534,271,9.0,0.0151988516423203,9.0,0.0,9.0,30.0,2.0,0.0,0.0001519885164232,0.2,0.0,0.0,1.0,21.0,LOW,Device connected to many users
U0535,119,8.0,0.0141936246969069,7.0,0.125,7.0,32.0,2.0,0.0,0.000141936246969,0.2,0.125,0.0,1.0,22.88,LOW,Device connected to many users
U0536,912,6.0,0.0096025606828487,4.0,0.3333333333333333,6.0,32.0,2.0,0.0,9.6025606828487e-05,0.2,0.3333333333333333,0.0,1.0,26.0,LOW,Device connected to many users
U0537,110,18.0,0.0295736465949231,15.0,0.1666666666666666,18.0,37.0,2.0,0.0,0.0002957364659492,0.2,0.1666666666666666,0.0,1.0,23.51,LOW,Device connected to many users
U0538,761,6.0,0.0229797012638835,6.0,0.0,6.0,31.0,2.0,0.0,0.0002297970126388,0.2,0.0,0.0,1.0,21.01,LOW,Device connected to many users
U0539,567,14.0,0.0221717784933748,12.0,0.1428571428571429,14.0,37.0,2.0,0.0,0.0002217177849337,0.2,0.1428571428571429,0.0,1.0,23.15,LOW,Device connected to many users
U0540,160,12.0,0.0204319078293935,12.0,0.0,12.0,31.0,2.0,0.0,0.0002043190782939,0.2,0.0,0.0,1.0,21.01,LOW,Device connected to many users
U0541,279,11.0,0.0174603174603174,11.0,0.0,11.0,29.0,2.0,0.0,0.0001746031746031,0.2,0.0,0.0,1.0,21.01,LOW,Device connected to many users
U0542,289,12.0,0.0252844500632111,11.0,0.0833333333333333,12.0,28.0,2.0,0.0,0.0002528445006321,0.2,0.0833333333333333,0.0,1.0,22.26,LOW,Device connected to many users
U0543,620,10.0,0.0161925837966211,10.0,0.0,10.0,38.0,2.0,0.0,0.0001619258379662,0.2,0.0,0.0,1.0,21.0,LOW,Device connected to many users
U0544,216,12.0,0.0172010129485403,9.0,0.25,12.0,36.0,2.0,0.0,0.0001720101294854,0.2,0.25,0.0,1.0,24.76,LOW,Device connected to many users
U0545,735,14.0,0.0241462573301138,13.0,0.0714285714285714,14.0,30.0,2.0,0.0,0.0002414625733011,0.2,0.0714285714285714,0.0,1.0,22.08,LOW,Device connected to many users
U0546,352,9.0,0.0197903686872388,9.0,0.0,9.0,26.0,2.0,0.0,0.0001979036868723,0.2,0.0,0.0,1.0,21.01,LOW,Device connected to many users
U0547,209,8.0,0.0132813148501701,7.0,0.125,8.0,36.0,2.0,0.0,0.0001328131485017,0.2,0.125,0.0,1.0,22.88,LOW,Device connected to many users
U0548,704,17.0,0.0277347255077901,16.0,0.0588235294117647,17.0,33.0,2.0,0.0,0.0002773472550779,0.2,0.0588235294117647,0.0,1.0,21.89,LOW,Device connected to many users
U0549,650,10.0,0.0177299725185425,10.0,0.0,10.0,26.0,2.0,0.0,0.0001772997251854,0.2,0.0,0.0,1.0,21.01,LOW,Device connected to many users
U0550,874,10.0,0.0205409106470386,8.0,0.1999999999999999,10.0,33.0,2.0,0.0,0.0002054091064703,0.2,0.1999999999999999,0.0,1.0,24.01,LOW,Device connected to many users
U0551,271,12.0,0.0190703218116805,11.0,0.0833333333333333,12.0,34.0,2.0,0.0,0.0001907032181168,0.2,0.0833333333333333,0.0,1.0,22.26,LOW,Device connected to many users
U0552,518,11.0,0.0204182650662046,9.0,0.1818181818181817,11.0,28.0,2.0,0.0,0.000204182650662,0.2,0.1818181818181817,0.0,1.0,23.73,LOW,Device connected to many users
U0553,501,18.0,0.0255391600454029,16.0,0.1111111111111111,18.0,34.0,2.0,0.0,0.000255391600454,0.2,0.1111111111111111,0.0,1.0,22.67,LOW,Device connected to many users
U0554,258,11.0,0.0225772243697191,11.0,0.0,10.0,38.0,2.0,0.0,0.0002257722436971,0.2,0.0,0.0,1.0,21.01,LOW,Device connected to many users
U0555,928,7.0,0.0109846998823067,7.0,0.0,7.0,32.0,2.0,0.0,0.000109846998823,0.2,0.0,0.0,1.0,21.0,LOW,Device connected to many users
U0556,930,12.0,0.0239568776202834,12.0,0.0,12.0,26.0,3.0,0.0,0.0002395687762028,0.4,0.0,0.0,1.0,27.01,LOW,Device connected to many users
U0557,867,12.0,0.0187622149837133,11.0,0.0833333333333333,12.0,29.0,2.0,0.0,0.0001876221498371,0.2,0.0833333333333333,0.0,1.0,22.26,LOW,Device connected to many users
U0558,53,11.0,0.0183048591080541,9.0,0.1818181818181817,11.0,33.0,2.0,0.0,0.0001830485910805,0.2,0.1818181818181817,0.0,1.0,23.73,LOW,Device connected to many users
U0559,95,15.0,0.025630072618539,14.0,0.0666666666666666,15.0,29.0,2.0,0.0,0.0002563007261853,0.2,0.0666666666666666,0.0,1.0,22.01,LOW,Device connected to many users
U0560,650,15.0,0.0243565803361208,13.0,0.1333333333333333,15.0,31.0,2.0,0.0,0.0002435658033612,0.2,0.1333333333333333,0.0,1.0,23.01,LOW,Device connected to many users
U0561,434,10.0,0.0153174542391054,10.0,0.0,10.0,22.0,2.0,0.0,0.000153174542391,0.2,0.0,0.0,1.0,21.0,LOW,Device connected to many users
U0562,850,20.0,0.0283641005034627,19.0,0.05,19.0,34.0,2.0,0.0,0.0002836410050346,0.2,0.05,0.0,1.0,21.76,LOW,Device connected to many users
U0563,284,13.0,0.0187811514290529,12.0,0.0769230769230768,13.0,36.0,2.0,0.0,0.0001878115142905,0.2,0.0769230769230768,0.0,1.0,22.16,LOW,Device connected to many users
U0564,46,7.0,0.0138705416116248,7.0,0.0,7.0,29.0,2.0,0.0,0.0001387054161162,0.2,0.0,0.0,1.0,21.0,LOW,Device connected to many users
U0565,4,10.0,0.0151672185848985,10.0,0.0,10.0,36.0,2.0,0.0,0.0001516721858489,0.2,0.0,0.8666666666666667,1.0,29.67,LOW,Device connected to many users; Very new account; Recently created account
U0566,342,11.0,0.0157251435514998,9.0,0.1818181818181817,11.0,31.0,2.0,0.0,0.0001572514355149,0.2,0.1818181818181817,0.0,1.0,23.73,LOW,Device connected to many users
U0567,790,16.0,0.0230138562592894,15.0,0.0625,16.0,36.0,3.0,0.0,0.0002301385625928,0.4,0.0625,0.0,1.0,27.94,LOW,Device connected to many users
U0568,134,10.0,0.0238123586141207,9.0,0.0999999999999999,10.0,30.0,2.0,0.0,0.0002381235861412,0.2,0.0999999999999999,0.0,1.0,22.51,LOW,Device connected to many users
U0569,653,17.0,0.0252356564981815,17.0,0.0,17.0,38.0,2.0,0.0,0.0002523565649818,0.2,0.0,0.0,1.0,21.01,LOW,Device connected to many users
U0570,269,6.0,0.0208901526141704,6.0,0.0,6.0,31.0,2.0,0.0,0.0002089015261417,0.2,0.0,0.0,1.0,21.01,LOW,Device connected to many users
U0571,166,10.0,0.015048531514133,9.0,0.0999999999999999,10.0,34.0,2.0,0.0,0.0001504853151413,0.2,0.0999999999999999,0.0,1.0,22.5,LOW,Device connected to many users
U0572,760,8.0,0.0121147876126296,6.0,0.25,8.0,27.0,2.0,0.0,0.0001211478761262,0.2,0.25,0.0,1.0,24.75,LOW,Device connected to many users
U0573,453,11.0,0.0213398861872736,11.0,0.0,11.0,37.0,2.0,0.0,0.0002133988618727,0.2,0.0,0.0,1.0,21.01,LOW,Device connected to many users
U0574,565,9.0,0.0137028014616321,8.0,0.1111111111111111,9.0,26.0,2.0,0.0,0.0001370280146163,0.2,0.1111111111111111,0.0,1.0,22.67,LOW,Device connected to many users
U0575,723,6.0,0.0117428319796457,6.0,0.0,6.0,31.0,3.0,0.0,0.0001174283197964,0.4,0.0,0.0,1.0,27.0,LOW,Device connected to many users
U0576,438,13.0,0.0193069306930693,12.0,0.0769230769230768,13.0,27.0,1.0,0.0,0.0001930693069306,0.0,0.0769230769230768,0.0,1.0,16.16,LOW,Device connected to many users
U0577,575,12.0,0.0191943696515688,11.0,0.0833333333333333,12.0,28.0,2.0,0.0,0.0001919436965156,0.2,0.0833333333333333,0.0,1.0,22.26,LOW,Device connected to many users
U0578,10,11.0,0.0223403175033002,9.0,0.1818181818181817,11.0,32.0,2.0,0.0,0.000223403175033,0.2,0.1818181818181817,0.6666666666666666,1.0,30.4,LOW,Device connected to many users; Recently created account
U0579,115,11.0,0.0173123836004511,9.0,0.1818181818181817,10.0,33.0,2.0,0.0,0.0001731238360045,0.2,0.1818181818181817,0.0,1.0,23.73,LOW,Device connected to many users
U0580,78,18.0,0.0335820895522388,17.0,0.0555555555555555,17.0,36.0,2.0,0.0,0.0003358208955223,0.2,0.0555555555555555,0.0,1.0,21.84,LOW,Device connected to many users
U0581,968,7.0,0.012718793531585,5.0,0.2857142857142857,7.0,30.0,2.0,0.0,0.0001271879353158,0.2,0.2857142857142857,0.0,1.0,25.29,LOW,Device connected to many users
U0582,905,8.0,0.0165986582751227,8.0,0.0,8.0,29.0,2.0,0.0,0.0001659865827512,0.2,0.0,0.0,1.0,21.0,LOW,Device connected to many users
U0583,708,12.0,0.0208701701498594,10.0,0.1666666666666666,12.0,29.0,2.0,0.0,0.0002087017014985,0.2,0.1666666666666666,0.0,1.0,23.51,LOW,Device connected to many users
U0584,926,14.0,0.0212008783221019,12.0,0.1428571428571429,14.0,31.0,2.0,0.0,0.000212008783221,0.2,0.1428571428571429,0.0,1.0,23.15,LOW,Device connected to many users
U0585,153,9.0,0.0148854646194558,8.0,0.1111111111111111,9.0,36.0,2.0,0.0,0.0001488546461945,0.2,0.1111111111111111,0.0,1.0,22.67,LOW,Device connected to many users
U0586,559,15.0,0.0294878935814684,13.0,0.1333333333333333,14.0,38.0,2.0,0.0,0.0002948789358146,0.2,0.1333333333333333,0.0,1.0,23.01,LOW,Device connected to many users
U0587,37,24.0,0.0407182242329987,18.0,0.25,23.0,33.0,2.0,0.0,0.0004071822423299,0.2,0.25,0.0,1.0,24.76,LOW,Device connected to many users
U0588,855,12.0,0.0180207238324072,11.0,0.0833333333333333,12.0,32.0,2.0,0.0,0.000180207238324,0.2,0.0833333333333333,0.0,1.0,22.26,LOW,Device connected to many users
U0589,379,13.0,0.0237053245805981,12.0,0.0769230769230768,13.0,36.0,2.0,0.0,0.0002370532458059,0.2,0.0769230769230768,0.0,1.0,22.16,LOW,Device connected to many users
U0590,597,10.0,0.016923337282112,9.0,0.0999999999999999,10.0,29.0,2.0,0.0,0.0001692333728211,0.2,0.0999999999999999,0.0,1.0,22.51,LOW,Device connected to many users
U0591,566,13.0,0.01992133626194,11.0,0.1538461538461538,13.0,37.0,2.0,0.0,0.0001992133626193,0.2,0.1538461538461538,0.0,1.0,23.31,LOW,Device connected to many users
U0592,152,17.0,0.0314941180103127,16.0,0.0588235294117647,17.0,31.0,2.0,0.0,0.0003149411801031,0.2,0.0588235294117647,0.0,1.0,21.89,LOW,Device connected to many users
U0593,441,14.0,0.0204958032402888,14.0,0.0,14.0,29.0,2.0,0.0,0.0002049580324028,0.2,0.0,0.0,1.0,21.01,LOW,Device connected to many users
U0594,131,11.0,0.0172965040096441,9.0,0.1818181818181817,11.0,31.0,2.0,0.0,0.0001729650400964,0.2,0.1818181818181817,0.0,1.0,23.73,LOW,Device connected to many users
U0595,43,14.0,0.0326289620882535,13.0,0.0714285714285714,14.0,31.0,2.0,0.0,0.0003262896208825,0.2,0.0714285714285714,0.0,1.0,22.08,LOW,Device connected to many users
U0596,316,11.0,0.0448735382104976,11.0,0.0,10.0,31.0,2.0,0.0,0.0004487353821049,0.2,0.0,0.0,1.0,21.01,LOW,Device connected to many users
U0597,374,10.0,0.0209424083769633,9.0,0.0999999999999999,10.0,28.0,2.0,0.0,0.0002094240837696,0.2,0.0999999999999999,0.0,1.0,22.51,LOW,Device connected to many users
U0598,921,7.0,0.010409179905326,7.0,0.0,7.0,27.0,2.0,0.0,0.0001040917990532,0.2,0.0,0.0,1.0,21.0,LOW,Device connected to many users
U0599,956,9.0,0.0159076179815,8.0,0.1111111111111111,9.0,31.0,2.0,0.0,0.000159076179815,0.2,0.1111111111111111,0.0,1.0,22.67,LOW,Device connected to many users
U0600,816,7.0,0.0123493090267568,7.0,0.0,7.0,31.0,2.0,0.0,0.0001234930902675,0.2,0.0,0.0,1.0,21.0,LOW,Device connected to many users
U0601,996,13.0,0.0219904144347335,12.0,0.0769230769230768,13.0,37.0,2.0,0.0,0.0002199041443473,0.2,0.0769230769230768,0.0,1.0,22.16,LOW,Device connected to many users
U0602,882,12.0,0.0190986498315605,11.0,0.0833333333333333,12.0,34.0,2.0,0.0,0.0001909864983156,0.2,0.0833333333333333,0.0,1.0,22.26,LOW,Device connected to many users
U0603,41,10.0,0.0170188625726847,8.0,0.1999999999999999,10.0,27.0,2.0,0.0,0.0001701886257268,0.2,0.1999999999999999,0.0,1.0,24.01,LOW,Device connected to many users
U0604,921,12.0,0.0172794470576941,11.0,0.0833333333333333,12.0,29.0,2.0,0.0,0.0001727944705769,0.2,0.0833333333333333,0.0,1.0,22.26,LOW,Device connected to many users
U0605,367,16.0,0.0247620521550723,14.0,0.125,16.0,31.0,2.0,0.0,0.0002476205215507,0.2,0.125,0.0,1.0,22.88,LOW,Device connected to many users
U0606,216,13.0,0.0194460372466405,12.0,0.0769230769230768,13.0,27.0,2.0,0.0,0.0001944603724664,0.2,0.0769230769230768,0.0,1.0,22.16,LOW,Device connected to many users
U0607,699,6.0,0.0167224080267558,5.0,0.1666666666666666,6.0,34.0,2.0,0.0,0.0001672240802675,0.2,0.1666666666666666,0.0,1.0,23.51,LOW,Device connected to many users
U0608,256,16.0,0.0267268019711016,14.0,0.125,16.0,37.0,2.0,0.0,0.000267268019711,0.2,0.125,0.0,1.0,22.88,LOW,Device connected to many users
U0609,683,12.0,0.0192776245682615,11.0,0.0833333333333333,12.0,28.0,2.0,0.0,0.0001927762456826,0.2,0.0833333333333333,0.0,1.0,22.26,LOW,Device connected to many users
U0610,106,14.0,0.0255334670800656,14.0,0.0,13.0,27.0,2.0,0.0,0.0002553346708006,0.2,0.0,0.0,1.0,21.01,LOW,Device connected to many users
U0611,363,14.0,0.0247919249158845,14.0,0.0,14.0,37.0,3.0,0.0,0.0002479192491588,0.4,0.0,0.0,1.0,27.01,LOW,Device connected to many users
U0612,799,13.0,0.0252108988655095,12.0,0.0769230769230768,13.0,36.0,2.0,0.0,0.000252108988655,0.2,0.0769230769230768,0.0,1.0,22.16,LOW,Device connected to many users
U0613,574,17.0,0.0321573820107821,17.0,0.0,17.0,29.0,2.0,0.0,0.0003215738201078,0.2,0.0,0.0,1.0,21.01,LOW,Device connected to many users
U0614,906,13.0,0.0247878730098198,13.0,0.0,12.0,30.0,3.0,0.0,0.0002478787300981,0.4,0.0,0.0,1.0,27.01,LOW,Device connected to many users
U0615,896,11.0,0.0204283768726012,8.0,0.2727272727272727,11.0,29.0,2.0,0.0,0.000204283768726,0.2,0.2727272727272727,0.0,1.0,25.1,LOW,Device connected to many users
U0616,417,15.0,0.0246447054957693,14.0,0.0666666666666666,15.0,38.0,2.0,0.0,0.0002464470549576,0.2,0.0666666666666666,0.0,1.0,22.01,LOW,Device connected to many users
U0617,998,7.0,0.0108169362315854,7.0,0.0,7.0,27.0,2.0,0.0,0.0001081693623158,0.2,0.0,0.0,1.0,21.0,LOW,Device connected to many users
U0618,636,17.0,0.0308483290488431,15.0,0.1176470588235294,16.0,32.0,2.0,0.0,0.0003084832904884,0.2,0.1176470588235294,0.0,1.0,22.77,LOW,Device connected to many users
U0619,768,8.0,0.0128184585803557,8.0,0.0,8.0,32.0,2.0,0.0,0.0001281845858035,0.2,0.0,0.0,1.0,21.0,LOW,Device connected to many users
U0620,159,11.0,0.0178436249594463,11.0,0.0,10.0,38.0,2.0,0.0,0.0001784362495944,0.2,0.0,0.0,1.0,21.01,LOW,Device connected to many users
U0621,948,8.0,0.0228582313443497,8.0,0.0,8.0,24.0,3.0,0.0,0.0002285823134434,0.4,0.0,0.0,1.0,27.01,LOW,Device connected to many users
U0622,953,17.0,0.0244980305504851,17.0,0.0,17.0,31.0,2.0,0.0,0.0002449803055048,0.2,0.0,0.0,1.0,21.01,LOW,Device connected to many users
U0623,243,11.0,0.0208563754147574,10.0,0.0909090909090909,11.0,29.0,2.0,0.0,0.0002085637541475,0.2,0.0909090909090909,0.0,1.0,22.37,LOW,Device connected to many users
U0624,886,9.0,0.0145942001567525,9.0,0.0,9.0,31.0,2.0,0.0,0.0001459420015675,0.2,0.0,0.0,1.0,21.0,LOW,Device connected to many users
U0625,167,10.0,0.0191540303272146,9.0,0.0999999999999999,10.0,29.0,2.0,0.0,0.0001915403032721,0.2,0.0999999999999999,0.0,1.0,22.51,LOW,Device connected to many users
U0626,1000,6.0,0.0137158532403703,6.0,0.0,6.0,36.0,3.0,0.0,0.0001371585324037,0.4,0.0,0.0,1.0,27.0,LOW,Device connected to many users
U0627,820,14.0,0.0254807983983498,14.0,0.0,14.0,27.0,2.0,0.0,0.0002548079839834,0.2,0.0,0.0,1.0,21.01,LOW,Device connected to many users
U0628,831,12.0,0.0255936300298592,11.0,0.0833333333333333,11.0,30.0,2.0,0.0,0.0002559363002985,0.2,0.0833333333333333,0.0,1.0,22.26,LOW,Device connected to many users
U0629,182,12.0,0.0187475589116,11.0,0.0833333333333333,12.0,25.0,2.0,0.0,0.000187475589116,0.2,0.0833333333333333,0.0,1.0,22.26,LOW,Device connected to many users
U0630,903,8.0,0.0145697374411898,7.0,0.125,8.0,29.0,2.0,0.0,0.0001456973744118,0.2,0.125,0.0,1.0,22.88,LOW,Device connected to many users
U0631,423,10.0,0.0160081107761265,9.0,0.0999999999999999,9.0,38.0,2.0,0.0,0.0001600811077612,0.2,0.0999999999999999,0.0,1.0,22.5,LOW,Device connected to many users
U0632,26,15.0,0.0234852043212775,15.0,0.0,15.0,31.0,2.0,0.0,0.0002348520432127,0.2,0.0,0.1333333333333333,1.0,22.34,LOW,Device connected to many users; Recently created account
U0633,184,12.0,0.0220095986305138,11.0,0.0833333333333333,12.0,37.0,2.0,0.0,0.0002200959863051,0.2,0.0833333333333333,0.0,1.0,22.26,LOW,Device connected to many users
U0634,755,11.0,0.0216791486007095,10.0,0.0909090909090909,11.0,34.0,2.0,0.0,0.000216791486007,0.2,0.0909090909090909,0.0,1.0,22.37,LOW,Device connected to many users
U0635,947,14.0,0.0233846496478383,12.0,0.1428571428571429,14.0,37.0,2.0,0.0,0.0002338464964783,0.2,0.1428571428571429,0.0,1.0,23.15,LOW,Device connected to many users
U0636,341,14.0,0.0209351011863224,14.0,0.0,14.0,36.0,2.0,0.0,0.0002093510118632,0.2,0.0,0.0,1.0,21.01,LOW,Device connected to many users
U0637,802,8.0,0.0190657769304099,8.0,0.0,8.0,37.0,2.0,0.0,0.000190657769304,0.2,0.0,0.0,1.0,21.01,LOW,Device connected to many users
U0638,954,11.0,0.0183849132287807,11.0,0.0,11.0,34.0,2.0,0.0,0.0001838491322878,0.2,0.0,0.0,1.0,21.01,LOW,Device connected to many users
U0639,422,16.0,0.0262898455471574,14.0,0.125,16.0,31.0,2.0,0.0,0.0002628984554715,0.2,0.125,0.0,1.0,22.88,LOW,Device connected to many users
U0640,822,11.0,0.0178190555900537,10.0,0.0909090909090909,11.0,32.0,2.0,0.0,0.0001781905559005,0.2,0.0909090909090909,0.0,1.0,22.37,LOW,Device connected to many users
U0641,686,11.0,0.0188970967187768,8.0,0.2727272727272727,11.0,33.0,2.0,0.0,0.0001889709671877,0.2,0.2727272727272727,0.0,1.0,25.1,LOW,Device connected to many users
U0642,885,14.0,0.0240164684354986,13.0,0.0714285714285714,14.0,31.0,2.0,0.0,0.0002401646843549,0.2,0.0714285714285714,0.0,1.0,22.08,LOW,Device connected to many users
U0643,753,12.0,0.0204203182166255,12.0,0.0,11.0,34.0,2.0,0.0,0.0002042031821662,0.2,0.0,0.0,1.0,21.01,LOW,Device connected to many users
U0644,831,12.0,0.0180500889969665,12.0,0.0,12.0,25.0,1.0,0.0,0.0001805008899696,0.0,0.0,0.0,1.0,15.01,LOW,Device connected to many users
U0645,255,11.0,0.0230680507497116,11.0,0.0,10.0,31.0,2.0,0.0,0.0002306805074971,0.2,0.0,0.0,1.0,21.01,LOW,Device connected to many users
U0646,274,5.0,0.0076188541243396,4.0,0.1999999999999999,5.0,37.0,2.0,0.0,7.6188541243396e-05,0.2,0.1999999999999999,0.0,1.0,24.0,LOW,Device connected to many users
U0647,164,7.0,0.0174774249927177,7.0,0.0,7.0,24.0,2.0,0.0,0.0001747742499271,0.2,0.0,0.0,1.0,21.01,LOW,Device connected to many users
U0648,807,9.0,0.0160042678047479,8.0,0.1111111111111111,9.0,27.0,1.0,0.0,0.0001600426780474,0.0,0.1111111111111111,0.0,1.0,16.67,LOW,Device connected to many users
U0649,719,9.0,0.0134639838432193,9.0,0.0,9.0,25.0,2.0,0.0,0.0001346398384321,0.2,0.0,0.0,1.0,21.0,LOW,Device connected to many users
U0650,111,15.0,0.0217886021401249,13.0,0.1333333333333333,15.0,29.0,3.0,0.0,0.0002178860214012,0.4,0.1333333333333333,0.0,1.0,29.01,LOW,Device connected to many users
U0651,392,13.0,0.040006154793045,11.0,0.1538461538461538,13.0,32.0,2.0,0.0,0.0004000615479304,0.2,0.1538461538461538,0.0,1.0,23.32,LOW,Device connected to many users
U0652,894,12.0,0.0177817292731718,11.0,0.0833333333333333,12.0,36.0,2.0,0.0,0.0001778172927317,0.2,0.0833333333333333,0.0,1.0,22.26,LOW,Device connected to many users
U0653,40,14.0,0.0221378874130297,14.0,0.0,14.0,31.0,2.0,0.0,0.0002213788741302,0.2,0.0,0.0,1.0,21.01,LOW,Device connected to many users
U0654,880,10.0,0.0182193611077371,9.0,0.0999999999999999,10.0,32.0,2.0,0.0,0.0001821936110773,0.2,0.0999999999999999,0.0,1.0,22.51,LOW,Device connected to many users
U0655,482,14.0,0.0226690055323168,11.0,0.2142857142857143,14.0,31.0,2.0,0.0,0.0002266900553231,0.2,0.2142857142857143,0.0,1.0,24.22,LOW,Device connected to many users
U0656,228,10.0,0.0199242877067144,8.0,0.1999999999999999,10.0,31.0,2.0,0.0,0.0001992428770671,0.2,0.1999999999999999,0.0,1.0,24.01,LOW,Device connected to many users
U0657,205,11.0,0.018450184501845,9.0,0.1818181818181817,11.0,33.0,3.0,0.0,0.0001845018450184,0.4,0.1818181818181817,0.0,1.0,29.73,LOW,Device connected to many users
U0658,837,13.0,0.0185088510274785,13.0,0.0,13.0,29.0,2.0,0.0,0.0001850885102747,0.2,0.0,0.0,1.0,21.01,LOW,Device connected to many users
U0659,941,10.0,0.0146767446980259,9.0,0.0999999999999999,8.0,33.0,2.0,0.0,0.0001467674469802,0.2,0.0999999999999999,0.0,1.0,22.5,LOW,Device connected to many users
U0660,472,10.0,0.0151902579812147,9.0,0.0999999999999999,10.0,34.0,2.0,0.0,0.0001519025798121,0.2,0.0999999999999999,0.0,1.0,22.5,LOW,Device connected to many users
U0661,359,8.0,0.0155078831739467,8.0,0.0,8.0,33.0,2.0,0.0,0.0001550788317394,0.2,0.0,0.0,1.0,21.0,LOW,Device connected to many users
U0662,313,9.0,0.0254789091252241,8.0,0.1111111111111111,9.0,37.0,3.0,0.0,0.0002547890912522,0.4,0.1111111111111111,0.0,1.0,28.67,LOW,Device connected to many users
U0663,841,18.0,0.0313061626760971,16.0,0.1111111111111111,17.0,31.0,2.0,0.0,0.0003130616267609,0.2,0.1111111111111111,0.0,1.0,22.68,LOW,Device connected to many users
U0664,815,8.0,0.0142984807864164,7.0,0.125,8.0,38.0,2.0,0.0,0.0001429848078641,0.2,0.125,0.0,1.0,22.88,LOW,Device connected to many users
U0665,893,10.0,0.0143698807299899,10.0,0.0,10.0,31.0,2.0,0.0,0.0001436988072998,0.2,0.0,0.0,1.0,21.0,LOW,Device connected to many users
U0666,234,19.0,0.0347550379561598,16.0,0.1578947368421053,19.0,33.0,2.0,0.0,0.0003475503795615,0.2,0.1578947368421053,0.0,1.0,23.38,LOW,Device connected to many users
U0667,229,14.0,0.0197563384919328,12.0,0.1428571428571429,14.0,31.0,2.0,0.0,0.0001975633849193,0.2,0.1428571428571429,0.0,1.0,23.15,LOW,Device connected to many users
U0668,25,11.0,0.0220817022985044,11.0,0.0,11.0,36.0,2.0,0.0,0.000220817022985,0.2,0.0,0.1666666666666666,1.0,22.67,LOW,Device connected to many users; Recently created account
U0669,676,14.0,0.0270976483112358,13.0,0.0714285714285714,14.0,36.0,2.0,0.0,0.0002709764831123,0.2,0.0714285714285714,0.0,1.0,22.08,LOW,Device connected to many users
U0670,198,9.0,0.0146520146520146,9.0,0.0,8.0,36.0,2.0,0.0,0.0001465201465201,0.2,0.0,0.0,1.0,21.0,LOW,Device connected to many users
U0671,409,11.0,0.0308959835221421,11.0,0.0,11.0,29.0,2.0,0.0,0.0003089598352214,0.2,0.0,0.0,1.0,21.01,LOW,Device connected to many users
U0672,337,9.0,0.0137289299061856,9.0,0.0,9.0,32.0,2.0,0.0,0.0001372892990618,0.2,0.0,0.0,1.0,21.0,LOW,Device connected to many users
U0673,286,11.0,0.0190316906485192,10.0,0.0909090909090909,11.0,31.0,2.0,0.0,0.0001903169064851,0.2,0.0909090909090909,0.0,1.0,22.37,LOW,Device connected to many users
U0674,886,11.0,0.0226221079691516,11.0,0.0,11.0,31.0,2.0,0.0,0.0002262210796915,0.2,0.0,0.0,1.0,21.01,LOW,Device connected to many users
U0675,72,9.0,0.0130419031517932,9.0,0.0,9.0,36.0,2.0,0.0,0.0001304190315179,0.2,0.0,0.0,1.0,21.0,LOW,Device connected to many users
U0676,991,9.0,0.0210986950066421,9.0,0.0,8.0,31.0,2.0,0.0,0.0002109869500664,0.2,0.0,0.0,1.0,21.01,LOW,Device connected to many users
U0677,792,13.0,0.018978102189781,12.0,0.0769230769230768,13.0,37.0,2.0,0.0,0.0001897810218978,0.2,0.0769230769230768,0.0,1.0,22.16,LOW,Device connected to many users
U0678,286,12.0,0.0188595227492993,11.0,0.0833333333333333,12.0,37.0,2.0,0.0,0.0001885952274929,0.2,0.0833333333333333,0.0,1.0,22.26,LOW,Device connected to many users
U0679,360,7.0,0.014194464158978,7.0,0.0,7.0,25.0,2.0,0.0,0.0001419446415897,0.2,0.0,0.0,1.0,21.0,LOW,Device connected to many users
U0680,657,12.0,0.0175639743370819,10.0,0.1666666666666666,12.0,33.0,2.0,0.0,0.0001756397433708,0.2,0.1666666666666666,0.0,1.0,23.51,LOW,Device connected to many users
U0681,522,13.0,0.0273876404494382,12.0,0.0769230769230768,13.0,31.0,3.0,0.0,0.0002738764044943,0.4,0.0769230769230768,0.0,1.0,28.16,LOW,Device connected to many users
U0682,410,10.0,0.0215974946906158,9.0,0.0999999999999999,10.0,31.0,2.0,0.0,0.0002159749469061,0.2,0.0999999999999999,0.0,1.0,22.51,LOW,Device connected to many users
U0683,696,8.0,0.0186545412148769,8.0,0.0,8.0,31.0,2.0,0.0,0.0001865454121487,0.2,0.0,0.0,1.0,21.01,LOW,Device connected to many users
U0684,864,11.0,0.0172310262903689,10.0,0.0909090909090909,11.0,29.0,2.0,0.0,0.0001723102629036,0.2,0.0909090909090909,0.0,1.0,22.37,LOW,Device connected to many users
U0685,550,12.0,0.0181607223931796,12.0,0.0,12.0,27.0,1.0,0.0,0.0001816072239317,0.0,0.0,0.0,1.0,15.01,LOW,Device connected to many users
U0686,340,17.0,0.036234458259325,15.0,0.1176470588235294,17.0,29.0,2.0,0.0,0.0003623445825932,0.2,0.1176470588235294,0.0,1.0,22.78,LOW,Device connected to many users
U0687,962,8.0,0.0128068303094983,8.0,0.0,8.0,27.0,2.0,0.0,0.0001280683030949,0.2,0.0,0.0,1.0,21.0,LOW,Device connected to many users
U0688,29,12.0,0.02258752666583,9.0,0.25,11.0,28.0,2.0,0.0,0.0002258752666583,0.2,0.25,0.0333333333333333,1.0,25.09,LOW,Device connected to many users; Recently created account
U0689,119,17.0,0.0242153743886805,14.0,0.1764705882352941,17.0,33.0,2.0,0.0,0.0002421537438868,0.2,0.1764705882352941,0.0,1.0,23.65,LOW,Device connected to many users
U0690,899,11.0,0.0165243734508399,11.0,0.0,10.0,28.0,2.0,0.0,0.0001652437345083,0.2,0.0,0.0,1.0,21.0,LOW,Device connected to many users
U0691,994,11.0,0.0221900951484382,11.0,0.0,11.0,32.0,2.0,0.0,0.0002219009514843,0.2,0.0,0.0,1.0,21.01,LOW,Device connected to many users
U0692,268,9.0,0.0198851082633672,8.0,0.1111111111111111,8.0,29.0,2.0,0.0,0.0001988510826336,0.2,0.1111111111111111,0.0,1.0,22.67,LOW,Device connected to many users
U0693,183,6.0,0.0095019399794124,6.0,0.0,6.0,29.0,2.0,0.0,9.5019399794124e-05,0.2,0.0,0.0,1.0,21.0,LOW,Device connected to many users
U0694,595,15.0,0.0214025825782977,15.0,0.0,15.0,32.0,2.0,0.0,0.0002140258257829,0.2,0.0,0.0,1.0,21.01,LOW,Device connected to many users
U0695,986,7.0,0.0112930547713156,5.0,0.2857142857142857,7.0,31.0,2.0,0.0,0.0001129305477131,0.2,0.2857142857142857,0.0,1.0,25.29,LOW,Device connected to many users
U0696,272,6.0,0.0114039533705017,6.0,0.0,6.0,31.0,2.0,0.0,0.000114039533705,0.2,0.0,0.0,1.0,21.0,LOW,Device connected to many users
U0697,40,14.0,0.0220971221129057,14.0,0.0,14.0,37.0,2.0,0.0,0.000220971221129,0.2,0.0,0.0,1.0,21.01,LOW,Device connected to many users
U0698,112,9.0,0.0130154980838294,8.0,0.1111111111111111,8.0,31.0,2.0,0.0,0.0001301549808382,0.2,0.1111111111111111,0.0,1.0,22.67,LOW,Device connected to many users
U0699,611,11.0,0.0171184022824536,10.0,0.0909090909090909,10.0,32.0,2.0,0.0,0.0001711840228245,0.2,0.0909090909090909,0.0,1.0,22.37,LOW,Device connected to many users
U0700,445,10.0,0.0206689861862275,8.0,0.1999999999999999,10.0,37.0,2.0,0.0,0.0002066898618622,0.2,0.1999999999999999,0.0,1.0,24.01,LOW,Device connected to many users
U0701,354,16.0,0.0237218611776915,16.0,0.0,16.0,30.0,2.0,0.0,0.0002372186117769,0.2,0.0,0.0,1.0,21.01,LOW,Device connected to many users
U0702,747,14.0,0.0235201881615052,9.0,0.3571428571428571,14.0,29.0,2.0,0.0,0.000235201881615,0.2,0.3571428571428571,0.0,1.0,26.36,LOW,Device connected to many users
U0703,806,14.0,0.0211730900108386,13.0,0.0714285714285714,14.0,38.0,2.0,0.0,0.0002117309001083,0.2,0.0714285714285714,0.0,1.0,22.08,LOW,Device connected to many users
U0704,322,13.0,0.0207055825436011,11.0,0.1538461538461538,12.0,29.0,2.0,0.0,0.000207055825436,0.2,0.1538461538461538,0.0,1.0,23.31,LOW,Device connected to many users
U0705,447,16.0,0.023619722468261,14.0,0.125,16.0,31.0,2.0,0.0,0.0002361972246826,0.2,0.125,0.0,1.0,22.88,LOW,Device connected to many users
U0706,621,6.0,0.0121183559430437,6.0,0.0,6.0,31.0,2.0,0.0,0.0001211835594304,0.2,0.0,0.0,1.0,21.0,LOW,Device connected to many users
U0707,524,8.0,0.0121565151323287,8.0,0.0,8.0,31.0,2.0,0.0,0.0001215651513232,0.2,0.0,0.0,1.0,21.0,LOW,Device connected to many users
U0708,119,12.0,0.018916007671492,12.0,0.0,12.0,33.0,2.0,0.0,0.0001891600767149,0.2,0.0,0.0,1.0,21.01,LOW,Device connected to many users
U0709,395,13.0,0.0205712477252947,11.0,0.1538461538461538,13.0,29.0,2.0,0.0,0.0002057124772529,0.2,0.1538461538461538,0.0,1.0,23.31,LOW,Device connected to many users
U0710,922,12.0,0.022022389429253,11.0,0.0833333333333333,12.0,32.0,2.0,0.0,0.0002202238942925,0.2,0.0833333333333333,0.0,1.0,22.26,LOW,Device connected to many users
U0711,591,6.0,0.0114166111692512,6.0,0.0,6.0,25.0,2.0,0.0,0.0001141661116925,0.2,0.0,0.0,1.0,21.0,LOW,Device connected to many users
U0712,195,10.0,0.0144519112652648,9.0,0.0999999999999999,10.0,33.0,2.0,0.0,0.0001445191126526,0.2,0.0999999999999999,0.0,1.0,22.5,LOW,Device connected to many users
U0713,261,9.0,0.0136743479361863,8.0,0.1111111111111111,9.0,27.0,3.0,0.0,0.0001367434793618,0.4,0.1111111111111111,0.0,1.0,28.67,LOW,Device connected to many users
U0714,46,11.0,0.0280171498917519,8.0,0.2727272727272727,11.0,34.0,1.0,0.0,0.0002801714989175,0.0,0.2727272727272727,0.0,1.0,19.1,LOW,Device connected to many users
U0715,726,12.0,0.0199894500124934,11.0,0.0833333333333333,12.0,37.0,2.0,0.0,0.0001998945001249,0.2,0.0833333333333333,0.0,1.0,22.26,LOW,Device connected to many users
U0716,447,12.0,0.0217148716711403,11.0,0.0833333333333333,12.0,36.0,2.0,0.0,0.0002171487167114,0.2,0.0833333333333333,0.0,1.0,22.26,LOW,Device connected to many users
U0717,2,13.0,0.018706381754083,12.0,0.0769230769230768,13.0,36.0,2.0,0.0,0.0001870638175408,0.2,0.0769230769230768,0.9333333333333332,1.0,31.49,LOW,Device connected to many users; Very new account; Recently created account
U0718,533,12.0,0.0180836368202938,10.0,0.1666666666666666,12.0,26.0,2.0,0.0,0.0001808363682029,0.2,0.1666666666666666,0.0,1.0,23.51,LOW,Device connected to many users
U0719,948,16.0,0.0269141271131795,14.0,0.125,16.0,30.0,2.0,0.0,0.0002691412711317,0.2,0.125,0.0,1.0,22.88,LOW,Device connected to many users
U0720,826,16.0,0.0287004095787616,15.0,0.0625,14.0,37.0,2.0,0.0,0.0002870040957876,0.2,0.0625,0.0,1.0,21.95,LOW,Device connected to many users
U0721,552,18.0,0.0325654323965746,16.0,0.1111111111111111,18.0,36.0,2.0,0.0,0.0003256543239657,0.2,0.1111111111111111,0.0,1.0,22.68,LOW,Device connected to many users
U0722,704,12.0,0.0202822614721541,12.0,0.0,12.0,29.0,2.0,0.0,0.0002028226147215,0.2,0.0,0.0,1.0,21.01,LOW,Device connected to many users
U0723,737,11.0,0.0213013168086754,10.0,0.0909090909090909,11.0,32.0,2.0,0.0,0.0002130131680867,0.2,0.0909090909090909,0.0,1.0,22.37,LOW,Device connected to many users
U0724,963,10.0,0.0159527797718752,10.0,0.0,10.0,34.0,2.0,0.0,0.0001595277977187,0.2,0.0,0.0,1.0,21.0,LOW,Device connected to many users
U0725,760,8.0,0.0301167022211067,7.0,0.125,8.0,32.0,2.0,0.0,0.000301167022211,0.2,0.125,0.0,1.0,22.88,LOW,Device connected to many users
U0726,755,6.0,0.0150476508944992,6.0,0.0,6.0,29.0,2.0,0.0,0.0001504765089449,0.2,0.0,0.0,1.0,21.0,LOW,Device connected to many users
U0727,687,9.0,0.0135542168674698,9.0,0.0,9.0,30.0,1.0,0.0,0.0001355421686746,0.0,0.0,0.0,1.0,15.0,LOW,Device connected to many users
U0728,202,9.0,0.0161174785100286,6.0,0.3333333333333333,9.0,32.0,2.0,0.0,0.0001611747851002,0.2,0.3333333333333333,0.0,1.0,26.0,LOW,Device connected to many users
U0729,373,13.0,0.0241008527994067,12.0,0.0769230769230768,13.0,34.0,2.0,0.0,0.000241008527994,0.2,0.0769230769230768,0.0,1.0,22.16,LOW,Device connected to many users
U0730,442,9.0,0.0159155884346724,9.0,0.0,9.0,26.0,2.0,0.0,0.0001591558843467,0.2,0.0,0.0,1.0,21.0,LOW,Device connected to many users
U0731,72,11.0,0.0171566716057084,10.0,0.0909090909090909,11.0,29.0,2.0,0.0,0.000171566716057,0.2,0.0909090909090909,0.0,1.0,22.37,LOW,Device connected to many users
U0732,972,16.0,0.0306503623766801,16.0,0.0,15.0,34.0,2.0,0.0,0.0003065036237668,0.2,0.0,0.0,1.0,21.01,LOW,Device connected to many users
U0733,681,11.0,0.0223759153783563,9.0,0.1818181818181817,11.0,29.0,2.0,0.0,0.0002237591537835,0.2,0.1818181818181817,0.0,1.0,23.73,LOW,Device connected to many users
U0734,943,15.0,0.0235115859870947,13.0,0.1333333333333333,13.0,31.0,2.0,0.0,0.0002351158598709,0.2,0.1333333333333333,0.0,1.0,23.01,LOW,Device connected to many users
U0735,339,16.0,0.0254311372486688,13.0,0.1875,16.0,33.0,2.0,0.0,0.0002543113724866,0.2,0.1875,0.0,1.0,23.82,LOW,Device connected to many users
U0736,639,14.0,0.0206449075894612,12.0,0.1428571428571429,14.0,31.0,2.0,0.0,0.0002064490758946,0.2,0.1428571428571429,0.0,1.0,23.15,LOW,Device connected to many users
U0737,322,14.0,0.0201424357959859,13.0,0.0714285714285714,14.0,32.0,2.0,0.0,0.0002014243579598,0.2,0.0714285714285714,0.0,1.0,22.08,LOW,Device connected to many users
U0738,680,16.0,0.0253117831623909,14.0,0.125,16.0,36.0,2.0,0.0,0.0002531178316239,0.2,0.125,0.0,1.0,22.88,LOW,Device connected to many users
U0739,869,5.0,0.0084392933498368,5.0,0.0,5.0,32.0,1.0,0.0,8.4392933498368e-05,0.0,0.0,0.0,1.0,15.0,LOW,Device connected to many users
U0740,128,13.0,0.0201685887159331,11.0,0.1538461538461538,13.0,34.0,3.0,0.0,0.0002016858871593,0.4,0.1538461538461538,0.0,1.0,29.31,LOW,Device connected to many users
U0741,738,14.0,0.0210036756432375,11.0,0.2142857142857143,14.0,30.0,3.0,0.0,0.0002100367564323,0.4,0.2142857142857143,0.0,1.0,30.22,LOW,Device connected to many users
U0742,922,12.0,0.0182796790900781,11.0,0.0833333333333333,12.0,33.0,2.0,0.0,0.0001827967909007,0.2,0.0833333333333333,0.0,1.0,22.26,LOW,Device connected to many users
U0743,308,8.0,0.0176230862429783,6.0,0.25,8.0,30.0,2.0,0.0,0.0001762308624297,0.2,0.25,0.0,1.0,24.76,LOW,Device connected to many users
U0744,520,11.0,0.0182370820668693,10.0,0.0909090909090909,11.0,30.0,2.0,0.0,0.0001823708206686,0.2,0.0909090909090909,0.0,1.0,22.37,LOW,Device connected to many users
U0745,317,18.0,0.0253848865906687,16.0,0.1111111111111111,17.0,31.0,2.0,0.0,0.0002538488659066,0.2,0.1111111111111111,0.0,1.0,22.67,LOW,Device connected to many users
U0746,683,11.0,0.0192078228223858,11.0,0.0,11.0,26.0,2.0,0.0,0.0001920782282238,0.2,0.0,0.0,1.0,21.01,LOW,Device connected to many users
U0747,419,11.0,0.0186762500353716,10.0,0.0909090909090909,11.0,32.0,3.0,0.0,0.0001867625003537,0.4,0.0909090909090909,0.0,1.0,28.37,LOW,Device connected to many users
U0748,335,16.0,0.0263071358105886,16.0,0.0,16.0,38.0,2.0,0.0,0.0002630713581058,0.2,0.0,0.0,1.0,21.01,LOW,Device connected to many users
U0749,413,10.0,0.0170551449687322,9.0,0.0999999999999999,9.0,31.0,2.0,0.0,0.0001705514496873,0.2,0.0999999999999999,0.0,1.0,22.51,LOW,Device connected to many users
U0750,714,9.0,0.0143969286552202,9.0,0.0,9.0,28.0,2.0,0.0,0.0001439692865522,0.2,0.0,0.0,1.0,21.0,LOW,Device connected to many users
U0751,303,14.0,0.0241921548297909,12.0,0.1428571428571429,14.0,37.0,2.0,0.0,0.0002419215482979,0.2,0.1428571428571429,0.0,1.0,23.15,LOW,Device connected to many users
U0752,568,8.0,0.0353174895151203,8.0,0.0,8.0,36.0,2.0,0.0,0.0003531748951512,0.2,0.0,0.0,1.0,21.01,LOW,Device connected to many users
U0753,131,16.0,0.0250567692428157,15.0,0.0625,16.0,33.0,2.0,0.0,0.0002505676924281,0.2,0.0625,0.0,1.0,21.95,LOW,Device connected to many users
U0754,197,12.0,0.0214311227527086,11.0,0.0833333333333333,12.0,28.0,2.0,0.0,0.000214311227527,0.2,0.0833333333333333,0.0,1.0,22.26,LOW,Device connected to many users
U0755,431,11.0,0.0178556935313692,9.0,0.1818181818181817,11.0,31.0,2.0,0.0,0.0001785569353136,0.2,0.1818181818181817,0.0,1.0,23.73,LOW,Device connected to many users
U0756,681,15.0,0.0232426011053148,12.0,0.1999999999999999,15.0,30.0,2.0,0.0,0.0002324260110531,0.2,0.1999999999999999,0.0,1.0,24.01,LOW,Device connected to many users
U0757,963,9.0,0.0168591945051514,9.0,0.0,9.0,30.0,2.0,0.0,0.0001685919450515,0.2,0.0,0.0,1.0,21.01,LOW,Device connected to many users
U0758,389,11.0,0.0179177412786751,10.0,0.0909090909090909,11.0,29.0,2.0,0.0,0.0001791774127867,0.2,0.0909090909090909,0.0,1.0,22.37,LOW,Device connected to many users
U0759,694,8.0,0.0228364812788429,7.0,0.125,8.0,26.0,2.0,0.0,0.0002283648127884,0.2,0.125,0.0,1.0,22.88,LOW,Device connected to many users
U0760,767,12.0,0.0223269660133961,12.0,0.0,12.0,27.0,2.0,0.0,0.0002232696601339,0.2,0.0,0.0,1.0,21.01,LOW,Device connected to many users
U0761,925,7.0,0.0135553834237025,6.0,0.1428571428571429,7.0,38.0,2.0,0.0,0.000135553834237,0.2,0.1428571428571429,0.0,1.0,23.15,LOW,Device connected to many users
U0762,179,18.0,0.0292049756625202,16.0,0.1111111111111111,18.0,36.0,2.0,0.0,0.0002920497566252,0.2,0.1111111111111111,0.0,1.0,22.68,LOW,Device connected to many users
U0763,631,12.0,0.0201308505284348,12.0,0.0,12.0,31.0,2.0,0.0,0.0002013085052843,0.2,0.0,0.0,1.0,21.01,LOW,Device connected to many users
U0764,583,15.0,0.0246561832228371,13.0,0.1333333333333333,15.0,31.0,2.0,0.0,0.0002465618322283,0.2,0.1333333333333333,0.0,1.0,23.01,LOW,Device connected to many users
U0765,309,13.0,0.022629028982564,12.0,0.0769230769230768,13.0,38.0,2.0,0.0,0.0002262902898256,0.2,0.0769230769230768,0.0,1.0,22.16,LOW,Device connected to many users
U0766,416,11.0,0.0175238297533388,11.0,0.0,11.0,33.0,2.0,0.0,0.0001752382975333,0.2,0.0,0.0,1.0,21.01,LOW,Device connected to many users
U0767,562,8.0,0.0156642626374702,8.0,0.0,8.0,32.0,2.0,0.0,0.0001566426263747,0.2,0.0,0.0,1.0,21.0,LOW,Device connected to many users
U0768,854,12.0,0.0222999969027782,9.0,0.25,12.0,32.0,2.0,0.0,0.0002229999690277,0.2,0.25,0.0,1.0,24.76,LOW,Device connected to many users
U0769,1,13.0,0.022028920018075,11.0,0.1538461538461538,12.0,36.0,2.0,0.0,0.0002202892001807,0.2,0.1538461538461538,0.9666666666666668,1.0,32.98,LOW,Device connected to many users; Very new account; Recently created account
U0770,312,21.0,0.031381534706483,17.0,0.1904761904761904,21.0,37.0,2.0,0.0,0.0003138153470648,0.2,0.1904761904761904,0.0,1.0,23.87,LOW,Device connected to many users
U0771,294,12.0,0.0245098039215686,11.0,0.0833333333333333,12.0,31.0,2.0,0.0,0.0002450980392156,0.2,0.0833333333333333,0.0,1.0,22.26,LOW,Device connected to many users
U0772,216,14.0,0.0231858455933092,14.0,0.0,14.0,36.0,2.0,0.0,0.000231858455933,0.2,0.0,0.0,1.0,21.01,LOW,Device connected to many users
U0773,441,10.0,0.016049646907768,9.0,0.0999999999999999,10.0,32.0,2.0,0.0,0.0001604964690776,0.2,0.0999999999999999,0.0,1.0,22.5,LOW,Device connected to many users
U0774,805,13.0,0.0183754240482472,9.0,0.3076923076923077,13.0,33.0,2.0,0.0,0.0001837542404824,0.2,0.3076923076923077,0.0,1.0,25.62,LOW,Device connected to many users
U0775,594,9.0,0.0140852417966508,8.0,0.1111111111111111,9.0,31.0,2.0,0.0,0.0001408524179665,0.2,0.1111111111111111,0.0,1.0,22.67,LOW,Device connected to many users
U0776,622,15.0,0.0224606937858747,14.0,0.0666666666666666,15.0,26.0,2.0,0.0,0.0002246069378587,0.2,0.0666666666666666,0.0,1.0,22.01,LOW,Device connected to many users
U0777,671,12.0,0.0215021651485739,11.0,0.0833333333333333,12.0,27.0,2.0,0.0,0.0002150216514857,0.2,0.0833333333333333,0.0,1.0,22.26,LOW,Device connected to many users
U0778,330,10.0,0.0172393977703712,9.0,0.0999999999999999,10.0,28.0,2.0,0.0,0.0001723939777037,0.2,0.0999999999999999,0.0,1.0,22.51,LOW,Device connected to many users
U0779,477,13.0,0.0196910027264465,11.0,0.1538461538461538,12.0,37.0,2.0,0.0,0.0001969100272644,0.2,0.1538461538461538,0.0,1.0,23.31,LOW,Device connected to many users
U0780,453,15.0,0.0214920240710669,13.0,0.1333333333333333,15.0,29.0,2.0,0.0,0.0002149202407106,0.2,0.1333333333333333,0.0,1.0,23.01,LOW,Device connected to many users
U0781,453,6.0,0.0136991514136763,6.0,0.0,6.0,37.0,2.0,0.0,0.0001369915141367,0.2,0.0,0.0,1.0,21.0,LOW,Device connected to many users
U0782,692,9.0,0.0201605376143363,8.0,0.1111111111111111,9.0,30.0,2.0,0.0,0.0002016053761433,0.2,0.1111111111111111,0.0,1.0,22.67,LOW,Device connected to many users
U0783,219,8.0,0.0172587372357255,8.0,0.0,8.0,29.0,2.0,0.0,0.0001725873723572,0.2,0.0,0.0,1.0,21.01,LOW,Device connected to many users
U0784,524,7.0,0.010754615522495,6.0,0.1428571428571429,7.0,30.0,2.0,0.0,0.0001075461552249,0.2,0.1428571428571429,0.0,1.0,23.15,LOW,Device connected to many users
U0785,485,12.0,0.0186287192755498,12.0,0.0,12.0,36.0,2.0,0.0,0.0001862871927554,0.2,0.0,0.0,1.0,21.01,LOW,Device connected to many users
U0786,813,17.0,0.0243704305442729,17.0,0.0,16.0,33.0,2.0,0.0,0.0002437043054427,0.2,0.0,0.0,1.0,21.01,LOW,Device connected to many users
U0787,923,10.0,0.01858678479601,8.0,0.1999999999999999,10.0,29.0,2.0,0.0,0.0001858678479601,0.2,0.1999999999999999,0.0,1.0,24.01,LOW,Device connected to many users
U0788,983,2.0,0.0110162489672266,2.0,0.0,2.0,29.0,2.0,0.0,0.0001101624896722,0.2,0.0,0.0,1.0,21.0,LOW,Device connected to many users
U0789,816,8.0,0.0145644324422732,8.0,0.0,8.0,28.0,2.0,0.0,0.0001456443244227,0.2,0.0,0.0,1.0,21.0,LOW,Device connected to many users
U0790,754,13.0,0.0247257972484625,13.0,0.0,13.0,31.0,2.0,0.0,0.0002472579724846,0.2,0.0,0.0,1.0,21.01,LOW,Device connected to many users
U0791,174,11.0,0.0157856972016264,9.0,0.1818181818181817,11.0,31.0,2.0,0.0,0.0001578569720162,0.2,0.1818181818181817,0.0,1.0,23.73,LOW,Device connected to many users
U0792,675,6.0,0.0104040228888503,6.0,0.0,6.0,27.0,2.0,0.0,0.0001040402288885,0.2,0.0,0.0,1.0,21.0,LOW,Device connected to many users
U0793,87,10.0,0.0182665083569275,10.0,0.0,10.0,29.0,2.0,0.0,0.0001826650835692,0.2,0.0,0.0,1.0,21.01,LOW,Device connected to many users
U0794,291,13.0,0.0224221692011383,12.0,0.0769230769230768,13.0,31.0,2.0,0.0,0.0002242216920113,0.2,0.0769230769230768,0.0,1.0,22.16,LOW,Device connected to many users
U0795,528,8.0,0.0141843971631205,8.0,0.0,8.0,31.0,2.0,0.0,0.0001418439716312,0.2,0.0,0.0,1.0,21.0,LOW,Device connected to many users
U0796,680,9.0,0.0131415638460976,9.0,0.0,9.0,36.0,2.0,0.0,0.0001314156384609,0.2,0.0,0.0,1.0,21.0,LOW,Device connected to many users
U0797,649,12.0,0.0180541624874623,10.0,0.1666666666666666,11.0,32.0,2.0,0.0,0.0001805416248746,0.2,0.1666666666666666,0.0,1.0,23.51,LOW,Device connected to many users
U0798,635,9.0,0.0163378918068498,9.0,0.0,9.0,33.0,2.0,0.0,0.0001633789180684,0.2,0.0,0.0,1.0,21.0,LOW,Device connected to many users
U0799,344,11.0,0.0179455109032573,10.0,0.0909090909090909,11.0,37.0,2.0,0.0,0.0001794551090325,0.2,0.0909090909090909,0.0,1.0,22.37,LOW,Device connected to many users
U0800,96,16.0,0.0266341138608367,15.0,0.0625,16.0,33.0,2.0,0.0,0.0002663411386083,0.2,0.0625,0.0,1.0,21.95,LOW,Device connected to many users
U0801,839,13.0,0.0207264900486275,11.0,0.1538461538461538,13.0,36.0,2.0,0.0,0.0002072649004862,0.2,0.1538461538461538,0.0,1.0,23.31,LOW,Device connected to many users
U0802,975,10.0,0.0151084027900183,9.0,0.0999999999999999,10.0,28.0,2.0,0.0,0.0001510840279001,0.2,0.0999999999999999,0.0,1.0,22.5,LOW,Device connected to many users
U0803,770,11.0,0.0157169051984854,11.0,0.0,11.0,28.0,2.0,0.0,0.0001571690519848,0.2,0.0,0.0,1.0,21.0,LOW,Device connected to many users
U0804,241,18.0,0.0260875866566825,16.0,0.1111111111111111,18.0,33.0,2.0,0.0,0.0002608758665668,0.2,0.1111111111111111,0.0,1.0,22.67,LOW,Device connected to many users
U0805,689,14.0,0.0238399318859088,14.0,0.0,14.0,31.0,2.0,0.0,0.000238399318859,0.2,0.0,0.0,1.0,21.01,LOW,Device connected to many users
U0806,318,16.0,0.0300780148510198,14.0,0.125,16.0,30.0,2.0,0.0,0.0003007801485101,0.2,0.125,0.0,1.0,22.88,LOW,Device connected to many users
U0807,231,11.0,0.0187718649563411,11.0,0.0,11.0,36.0,2.0,0.0,0.0001877186495634,0.2,0.0,0.0,1.0,21.01,LOW,Device connected to many users
U0808,826,11.0,0.0177667707548185,9.0,0.1818181818181817,11.0,36.0,2.0,0.0,0.0001776677075481,0.2,0.1818181818181817,0.0,1.0,23.73,LOW,Device connected to many users
U0809,204,11.0,0.0168975140172559,10.0,0.0909090909090909,11.0,32.0,2.0,0.0,0.0001689751401725,0.2,0.0909090909090909,0.0,1.0,22.37,LOW,Device connected to many users
U0810,151,4.0,0.0058979652020053,4.0,0.0,4.0,27.0,2.0,0.0,5.8979652020053006e-05,0.2,0.0,0.0,1.0,21.0,LOW,Device connected to many users
U0811,26,17.0,0.0279858424561692,16.0,0.0588235294117647,17.0,37.0,2.0,0.0,0.0002798584245616,0.2,0.0588235294117647,0.1333333333333333,1.0,23.22,LOW,Device connected to many users; Recently created account
U0812,48,7.0,0.0128684355659047,7.0,0.0,7.0,25.0,2.0,0.0,0.000128684355659,0.2,0.0,0.0,1.0,21.0,LOW,Device connected to many users
U0813,251,9.0,0.0143988480921526,9.0,0.0,9.0,25.0,2.0,0.0,0.0001439884809215,0.2,0.0,0.0,1.0,21.0,LOW,Device connected to many users
U0814,487,11.0,0.01658666532633,10.0,0.0909090909090909,11.0,29.0,2.0,0.0,0.0001658666532633,0.2,0.0909090909090909,0.0,1.0,22.37,LOW,Device connected to many users
U0815,626,8.0,0.012683648662932,8.0,0.0,8.0,25.0,2.0,0.0,0.0001268364866293,0.2,0.0,0.0,1.0,21.0,LOW,Device connected to many users
U0816,871,10.0,0.01906941266209,9.0,0.0999999999999999,10.0,37.0,2.0,0.0,0.0001906941266208,0.2,0.0999999999999999,0.0,1.0,22.51,LOW,Device connected to many users
U0817,787,10.0,0.0153049511516975,8.0,0.1999999999999999,10.0,31.0,2.0,0.0,0.0001530495115169,0.2,0.1999999999999999,0.0,1.0,24.0,LOW,Device connected to many users
U0818,75,15.0,0.0213113589543226,14.0,0.0666666666666666,15.0,34.0,3.0,0.0,0.0002131135895432,0.4,0.0666666666666666,0.0,1.0,28.01,LOW,Device connected to many users
U0819,467,9.0,0.0167348456675344,8.0,0.1111111111111111,9.0,30.0,2.0,0.0,0.0001673484566753,0.2,0.1111111111111111,0.0,1.0,22.67,LOW,Device connected to many users
U0820,425,10.0,0.0175464249159233,10.0,0.0,9.0,32.0,2.0,0.0,0.0001754642491592,0.2,0.0,0.0,1.0,21.01,LOW,Device connected to many users
U0821,908,16.0,0.0248171031202336,15.0,0.0625,16.0,32.0,2.0,0.0,0.0002481710312023,0.2,0.0625,0.0,1.0,21.94,LOW,Device connected to many users
U0822,645,10.0,0.0179554704333253,10.0,0.0,10.0,30.0,2.0,0.0,0.0001795547043332,0.2,0.0,0.0,1.0,21.01,LOW,Device connected to many users
U0823,590,13.0,0.0209446577696624,12.0,0.0769230769230768,13.0,31.0,2.0,0.0,0.0002094465776966,0.2,0.0769230769230768,0.0,1.0,22.16,LOW,Device connected to many users
U0824,200,16.0,0.0250862339291313,13.0,0.1875,16.0,36.0,2.0,0.0,0.0002508623392913,0.2,0.1875,0.0,1.0,23.82,LOW,Device connected to many users
U0825,736,12.0,0.0205034741997949,11.0,0.0833333333333333,12.0,31.0,3.0,0.0,0.0002050347419979,0.4,0.0833333333333333,0.0,1.0,28.26,LOW,Device connected to many users
U0826,714,10.0,0.0158919348430671,10.0,0.0,10.0,38.0,2.0,0.0,0.0001589193484306,0.2,0.0,0.0,1.0,21.0,LOW,Device connected to many users
U0827,394,12.0,0.0215575316626246,12.0,0.0,11.0,32.0,2.0,0.0,0.0002155753166262,0.2,0.0,0.0,1.0,21.01,LOW,Device connected to many users
U0828,507,10.0,0.0209139391404371,8.0,0.1999999999999999,10.0,32.0,2.0,0.0,0.0002091393914043,0.2,0.1999999999999999,0.0,1.0,24.01,LOW,Device connected to many users
U0829,410,13.0,0.0202671101179649,12.0,0.0769230769230768,13.0,29.0,2.0,0.0,0.0002026711011796,0.2,0.0769230769230768,0.0,1.0,22.16,LOW,Device connected to many users
U0830,250,10.0,0.0149484279236633,8.0,0.1999999999999999,10.0,29.0,2.0,0.0,0.0001494842792366,0.2,0.1999999999999999,0.0,1.0,24.0,LOW,Device connected to many users
U0831,152,11.0,0.0169204737732656,10.0,0.0909090909090909,10.0,33.0,2.0,0.0,0.0001692047377326,0.2,0.0909090909090909,0.0,1.0,22.37,LOW,Device connected to many users
U0832,672,13.0,0.0238809625864919,12.0,0.0769230769230768,13.0,37.0,1.0,0.0,0.0002388096258649,0.0,0.0769230769230768,0.0,1.0,16.16,LOW,Device connected to many users
U0833,705,9.0,0.0172921736902779,9.0,0.0,9.0,33.0,1.0,0.0,0.0001729217369027,0.0,0.0,0.0,1.0,15.01,LOW,Device connected to many users
U0834,6,13.0,0.0192697267651563,13.0,0.0,13.0,36.0,2.0,0.0,0.0001926972676515,0.2,0.0,0.8,1.0,29.01,LOW,Device connected to many users; Very new account; Recently created account
U0835,915,9.0,0.0132841328413284,9.0,0.0,9.0,36.0,2.0,0.0,0.0001328413284132,0.2,0.0,0.0,1.0,21.0,LOW,Device connected to many users
U0836,769,12.0,0.0182260024301336,10.0,0.1666666666666666,12.0,32.0,2.0,0.0,0.0001822600243013,0.2,0.1666666666666666,0.0,1.0,23.51,LOW,Device connected to many users
U0837,882,9.0,0.0130017094840247,8.0,0.1111111111111111,9.0,32.0,2.0,0.0,0.0001300170948402,0.2,0.1111111111111111,0.0,1.0,22.67,LOW,Device connected to many users
U0838,789,12.0,0.0180977277297406,12.0,0.0,12.0,28.0,2.0,0.0,0.0001809772772974,0.2,0.0,0.0,1.0,21.01,LOW,Device connected to many users
U0839,907,6.0,0.0129515038134983,6.0,0.0,6.0,32.0,2.0,0.0,0.0001295150381349,0.2,0.0,0.0,1.0,21.0,LOW,Device connected to many users
U0840,110,10.0,0.0184859968573805,10.0,0.0,10.0,34.0,2.0,0.0,0.0001848599685738,0.2,0.0,0.0,1.0,21.01,LOW,Device connected to many users
U0841,798,17.0,0.028600269179004,17.0,0.0,17.0,36.0,2.0,0.0,0.00028600269179,0.2,0.0,0.0,1.0,21.01,LOW,Device connected to many users
U0842,436,7.0,0.0146801817546312,7.0,0.0,7.0,31.0,2.0,0.0,0.0001468018175463,0.2,0.0,0.0,1.0,21.0,LOW,Device connected to many users
U0843,225,8.0,0.0115044459890228,8.0,0.0,8.0,30.0,2.0,0.0,0.0001150444598902,0.2,0.0,0.0,1.0,21.0,LOW,Device connected to many users
U0844,181,10.0,0.0214278061497803,10.0,0.0,10.0,29.0,2.0,0.0,0.0002142780614978,0.2,0.0,0.0,1.0,21.01,LOW,Device connected to many users
U0845,824,11.0,0.0181273860858578,10.0,0.0909090909090909,11.0,33.0,2.0,0.0,0.0001812738608585,0.2,0.0909090909090909,0.0,1.0,22.37,LOW,Device connected to many users
U0846,981,18.0,0.0329871716554673,16.0,0.1111111111111111,18.0,34.0,2.0,0.0,0.0003298717165546,0.2,0.1111111111111111,0.0,1.0,22.68,LOW,Device connected to many users
U0847,713,9.0,0.016627151522616,9.0,0.0,9.0,28.0,2.0,0.0,0.0001662715152261,0.2,0.0,0.0,1.0,21.0,LOW,Device connected to many users
U0848,531,9.0,0.0274753230894474,9.0,0.0,8.0,33.0,2.0,0.0,0.0002747532308944,0.2,0.0,0.0,1.0,21.01,LOW,Device connected to many users
U0849,476,10.0,0.017247326664367,10.0,0.0,10.0,37.0,2.0,0.0,0.0001724732666436,0.2,0.0,0.0,1.0,21.01,LOW,Device connected to many users
U0850,52,13.0,0.0192711550339715,13.0,0.0,13.0,28.0,2.0,0.0,0.0001927115503397,0.2,0.0,0.0,1.0,21.01,LOW,Device connected to many users
U0851,571,10.0,0.0188994235675811,10.0,0.0,10.0,33.0,3.0,0.0,0.0001889942356758,0.4,0.0,0.0,1.0,27.01,LOW,Device connected to many users
U0852,256,8.0,0.0151157298063297,8.0,0.0,8.0,31.0,2.0,0.0,0.0001511572980632,0.2,0.0,0.0,1.0,21.0,LOW,Device connected to many users
U0853,940,10.0,0.0150791656195023,10.0,0.0,10.0,28.0,2.0,0.0,0.000150791656195,0.2,0.0,0.0,1.0,21.0,LOW,Device connected to many users
U0854,869,14.0,0.0240832592677542,13.0,0.0714285714285714,14.0,36.0,2.0,0.0,0.0002408325926775,0.2,0.0714285714285714,0.0,1.0,22.08,LOW,Device connected to many users
U0855,125,9.0,0.0134717094102384,9.0,0.0,9.0,29.0,2.0,0.0,0.0001347170941023,0.2,0.0,0.0,1.0,21.0,LOW,Device connected to many users
U0856,468,14.0,0.0198361158995914,14.0,0.0,14.0,37.0,2.0,0.0,0.0001983611589959,0.2,0.0,0.0,1.0,21.01,LOW,Device connected to many users
U0857,137,7.0,0.0113250283125707,7.0,0.0,7.0,37.0,2.0,0.0,0.0001132502831257,0.2,0.0,0.0,1.0,21.0,LOW,Device connected to many users
U0858,821,9.0,0.0201801263126424,8.0,0.1111111111111111,9.0,34.0,2.0,0.0,0.0002018012631264,0.2,0.1111111111111111,0.0,1.0,22.67,LOW,Device connected to many users
U0859,476,11.0,0.0162481536189069,11.0,0.0,11.0,26.0,2.0,0.0,0.000162481536189,0.2,0.0,0.0,1.0,21.0,LOW,Device connected to many users
U0860,684,8.0,0.0119245770501577,8.0,0.0,8.0,34.0,2.0,0.0,0.0001192457705015,0.2,0.0,0.0,1.0,21.0,LOW,Device connected to many users
U0861,544,16.0,0.0275814514738838,16.0,0.0,16.0,37.0,2.0,0.0,0.0002758145147388,0.2,0.0,0.0,1.0,21.01,LOW,Device connected to many users
U0862,573,17.0,0.0251696483652066,14.0,0.1764705882352941,16.0,37.0,2.0,0.0,0.000251696483652,0.2,0.1764705882352941,0.0,1.0,23.65,LOW,Device connected to many users
U0863,610,7.0,0.0145077720207253,7.0,0.0,7.0,31.0,2.0,0.0,0.0001450777202072,0.2,0.0,0.0,1.0,21.0,LOW,Device connected to many users
U0864,325,12.0,0.019650655021834,10.0,0.1666666666666666,11.0,27.0,2.0,0.0,0.0001965065502183,0.2,0.1666666666666666,0.0,1.0,23.51,LOW,Device connected to many users
U0865,973,10.0,0.023130300693909,10.0,0.0,10.0,33.0,2.0,0.0,0.000231303006939,0.2,0.0,0.0,1.0,21.01,LOW,Device connected to many users
U0866,774,8.0,0.0176211453744493,8.0,0.0,8.0,37.0,2.0,0.0,0.0001762114537444,0.2,0.0,0.0,1.0,21.01,LOW,Device connected to many users
U0867,913,10.0,0.0210025203024362,8.0,0.1999999999999999,10.0,29.0,3.0,0.0,0.0002100252030243,0.4,0.1999999999999999,0.0,1.0,30.01,LOW,Device connected to many users
U0868,454,16.0,0.0250071635103805,15.0,0.0625,15.0,29.0,2.0,0.0,0.0002500716351038,0.2,0.0625,0.0,1.0,21.95,LOW,Device connected to many users
U0869,628,6.0,0.0109772831224271,6.0,0.0,6.0,31.0,2.0,0.0,0.0001097728312242,0.2,0.0,0.0,1.0,21.0,LOW,Device connected to many users
U0870,835,13.0,0.0207160310209285,10.0,0.2307692307692307,12.0,34.0,2.0,0.0,0.0002071603102092,0.2,0.2307692307692307,0.0,1.0,24.47,LOW,Device connected to many users
U0871,737,16.0,0.0242228502220427,14.0,0.125,15.0,34.0,2.0,0.0,0.0002422285022204,0.2,0.125,0.0,1.0,22.88,LOW,Device connected to many users
U0872,914,13.0,0.0193904439914483,12.0,0.0769230769230768,13.0,36.0,2.0,0.0,0.0001939044399144,0.2,0.0769230769230768,0.0,1.0,22.16,LOW,Device connected to many users
U0873,517,5.0,0.0155440414507772,5.0,0.0,5.0,31.0,2.0,0.0,0.0001554404145077,0.2,0.0,0.0,1.0,21.0,LOW,Device connected to many users
U0874,437,10.0,0.0143926309729418,10.0,0.0,10.0,37.0,1.0,0.0,0.0001439263097294,0.0,0.0,0.0,1.0,15.0,LOW,Device connected to many users
U0875,851,11.0,0.0161420500403551,11.0,0.0,11.0,36.0,2.0,0.0,0.0001614205004035,0.2,0.0,0.0,1.0,21.0,LOW,Device connected to many users
U0876,929,15.0,0.0304095147992972,14.0,0.0666666666666666,15.0,32.0,2.0,0.0,0.0003040951479929,0.2,0.0666666666666666,0.0,1.0,22.01,LOW,Device connected to many users
U0877,562,16.0,0.0281046899701387,13.0,0.1875,16.0,37.0,2.0,0.0,0.0002810468997013,0.2,0.1875,0.0,1.0,23.82,LOW,Device connected to many users
U0878,457,12.0,0.0190708269322455,11.0,0.0833333333333333,12.0,36.0,2.0,0.0,0.0001907082693224,0.2,0.0833333333333333,0.0,1.0,22.26,LOW,Device connected to many users
U0879,919,10.0,0.0172314761631246,10.0,0.0,10.0,31.0,2.0,0.0,0.0001723147616312,0.2,0.0,0.0,1.0,21.01,LOW,Device connected to many users
U0880,163,15.0,0.0247381875154613,13.0,0.1333333333333333,15.0,36.0,2.0,0.0,0.0002473818751546,0.2,0.1333333333333333,0.0,1.0,23.01,LOW,Device connected to many users
U0881,762,13.0,0.0244376214048499,11.0,0.1538461538461538,12.0,34.0,2.0,0.0,0.0002443762140484,0.2,0.1538461538461538,0.0,1.0,23.32,LOW,Device connected to many users
U0882,883,7.0,0.010606596292742,7.0,0.0,7.0,32.0,2.0,0.0,0.0001060659629274,0.2,0.0,0.0,1.0,21.0,LOW,Device connected to many users
U0883,487,8.0,0.0137327268045661,7.0,0.125,8.0,33.0,1.0,0.0,0.0001373272680456,0.0,0.125,0.0,1.0,16.88,LOW,Device connected to many users
U0884,461,12.0,0.0192951896020367,11.0,0.0833333333333333,12.0,27.0,1.0,0.0,0.0001929518960203,0.0,0.0833333333333333,0.0,1.0,16.26,LOW,Device connected to many users
U0885,266,17.0,0.0276617670987687,15.0,0.1176470588235294,17.0,34.0,2.0,0.0,0.0002766176709876,0.2,0.1176470588235294,0.0,1.0,22.77,LOW,Device connected to many users
U0886,770,8.0,0.0117719190680564,7.0,0.125,8.0,28.0,1.0,0.0,0.0001177191906805,0.0,0.125,0.0,1.0,16.88,LOW,Device connected to many users
U0887,254,11.0,0.0253436756009523,11.0,0.0,10.0,31.0,2.0,0.0,0.0002534367560095,0.2,0.0,0.0,1.0,21.01,LOW,Device connected to many users
U0888,861,16.0,0.0242259065788477,15.0,0.0625,15.0,37.0,2.0,0.0,0.0002422590657884,0.2,0.0625,0.0,1.0,21.94,LOW,Device connected to many users
U0889,653,9.0,0.0164004130474397,8.0,0.1111111111111111,9.0,31.0,2.0,0.0,0.0001640041304743,0.2,0.1111111111111111,0.0,1.0,22.67,LOW,Device connected to many users
U0890,284,11.0,0.0171437477271546,11.0,0.0,11.0,33.0,2.0,0.0,0.0001714374772715,0.2,0.0,0.0,1.0,21.01,LOW,Device connected to many users
U0891,785,14.0,0.0227438875802128,13.0,0.0714285714285714,14.0,29.0,2.0,0.0,0.0002274388758021,0.2,0.0714285714285714,0.0,1.0,22.08,LOW,Device connected to many users
U0892,797,9.0,0.0209961507057039,9.0,0.0,9.0,36.0,2.0,0.0,0.000209961507057,0.2,0.0,0.0,1.0,21.01,LOW,Device connected to many users
U0893,534,6.0,0.0100597999217571,6.0,0.0,6.0,31.0,2.0,0.0,0.0001005979992175,0.2,0.0,0.0,1.0,21.0,LOW,Device connected to many users
U0894,497,14.0,0.0219826232597089,13.0,0.0714285714285714,14.0,29.0,2.0,0.0,0.000219826232597,0.2,0.0714285714285714,0.0,1.0,22.08,LOW,Device connected to many users
U0895,642,11.0,0.0216698952621729,10.0,0.0909090909090909,11.0,36.0,2.0,0.0,0.0002166989526217,0.2,0.0909090909090909,0.0,1.0,22.37,LOW,Device connected to many users
U0896,245,13.0,0.0196122803047446,12.0,0.0769230769230768,13.0,31.0,2.0,0.0,0.0001961228030474,0.2,0.0769230769230768,0.0,1.0,22.16,LOW,Device connected to many users
U0897,282,9.0,0.0178713264495631,9.0,0.0,9.0,27.0,3.0,0.0,0.0001787132644956,0.4,0.0,0.0,1.0,27.01,LOW,Device connected to many users
U0898,451,12.0,0.0237835695173917,12.0,0.0,12.0,32.0,2.0,0.0,0.0002378356951739,0.2,0.0,0.0,1.0,21.01,LOW,Device connected to many users
U0899,80,10.0,0.0168095478231635,10.0,0.0,10.0,34.0,2.0,0.0,0.0001680954782316,0.2,0.0,0.0,1.0,21.01,LOW,Device connected to many users
U0900,731,7.0,0.0141053197205803,7.0,0.0,7.0,34.0,3.0,0.0,0.0001410531972058,0.4,0.0,0.0,1.0,27.0,LOW,Device connected to many users
U0901,293,14.0,0.0257226849583537,13.0,0.0714285714285714,14.0,32.0,2.0,0.0,0.0002572268495835,0.2,0.0714285714285714,0.0,1.0,22.08,LOW,Device connected to many users
U0902,241,10.0,0.0196322230220535,9.0,0.0999999999999999,10.0,31.0,2.0,0.0,0.0001963222302205,0.2,0.0999999999999999,0.0,1.0,22.51,LOW,Device connected to many users
U0903,279,10.0,0.0150090054032419,9.0,0.0999999999999999,10.0,28.0,2.0,0.0,0.0001500900540324,0.2,0.0999999999999999,0.0,1.0,22.5,LOW,Device connected to many users
U0904,344,8.0,0.0165181183110224,7.0,0.125,7.0,29.0,2.0,0.0,0.0001651811831102,0.2,0.125,0.0,1.0,22.88,LOW,Device connected to many users
U0905,328,10.0,0.0156817647212566,10.0,0.0,10.0,37.0,2.0,0.0,0.0001568176472125,0.2,0.0,0.0,1.0,21.0,LOW,Device connected to many users
U0906,915,10.0,0.0148166440301271,10.0,0.0,10.0,31.0,2.0,0.0,0.0001481664403012,0.2,0.0,0.0,1.0,21.0,LOW,Device connected to many users
U0907,554,14.0,0.0240432779002203,14.0,0.0,13.0,37.0,2.0,0.0,0.0002404327790022,0.2,0.0,0.0,1.0,21.01,LOW,Device connected to many users
U0908,83,10.0,0.0149629666575226,9.0,0.0999999999999999,10.0,33.0,2.0,0.0,0.0001496296665752,0.2,0.0999999999999999,0.0,1.0,22.5,LOW,Device connected to many users
U0909,142,9.0,0.0133185349611542,9.0,0.0,9.0,26.0,1.0,0.0,0.0001331853496115,0.0,0.0,0.0,1.0,15.0,LOW,Device connected to many users
U0910,155,10.0,0.0202299470649718,8.0,0.1999999999999999,10.0,33.0,2.0,0.0,0.0002022994706497,0.2,0.1999999999999999,0.0,1.0,24.01,LOW,Device connected to many users
U0911,237,14.0,0.0204007285974499,14.0,0.0,13.0,32.0,2.0,0.0,0.0002040072859744,0.2,0.0,0.0,1.0,21.01,LOW,Device connected to many users
U0912,393,8.0,0.0149882903981264,6.0,0.25,8.0,23.0,2.0,0.0,0.0001498829039812,0.2,0.25,0.0,1.0,24.75,LOW,Device connected to many users
U0913,711,13.0,0.0270101807604404,12.0,0.0769230769230768,13.0,30.0,2.0,0.0,0.0002701018076044,0.2,0.0769230769230768,0.0,1.0,22.16,LOW,Device connected to many users
U0914,157,16.0,0.0248846492819741,15.0,0.0625,16.0,34.0,2.0,0.0,0.0002488464928197,0.2,0.0625,0.0,1.0,21.94,LOW,Device connected to many users
U0915,724,19.0,0.0276853583311071,14.0,0.2631578947368421,18.0,31.0,2.0,0.0,0.000276853583311,0.2,0.2631578947368421,0.0,1.0,24.96,LOW,Device connected to many users
U0916,220,10.0,0.0204436266993764,10.0,0.0,10.0,29.0,2.0,0.0,0.0002044362669937,0.2,0.0,0.0,1.0,21.01,LOW,Device connected to many users
U0917,66,7.0,0.0105323870903026,7.0,0.0,7.0,24.0,2.0,0.0,0.000105323870903,0.2,0.0,0.0,1.0,21.0,LOW,Device connected to many users
U0918,425,11.0,0.0201908957415565,11.0,0.0,11.0,36.0,2.0,0.0,0.0002019089574155,0.2,0.0,0.0,1.0,21.01,LOW,Device connected to many users
U0919,418,12.0,0.0198944488961344,11.0,0.0833333333333333,12.0,29.0,2.0,0.0,0.0001989444889613,0.2,0.0833333333333333,0.0,1.0,22.26,LOW,Device connected to many users
U0920,339,14.0,0.022604951560818,13.0,0.0714285714285714,13.0,37.0,1.0,0.0,0.0002260495156081,0.0,0.0714285714285714,0.0,1.0,16.08,LOW,Device connected to many users
U0921,556,16.0,0.0255387071029529,15.0,0.0625,16.0,31.0,2.0,0.0,0.0002553870710295,0.2,0.0625,0.0,1.0,21.95,LOW,Device connected to many users
U0922,478,10.0,0.0195516162669447,9.0,0.0999999999999999,9.0,29.0,2.0,0.0,0.0001955161626694,0.2,0.0999999999999999,0.0,1.0,22.51,LOW,Device connected to many users
U0923,426,9.0,0.0144107600341588,6.0,0.3333333333333333,9.0,34.0,2.0,0.0,0.0001441076003415,0.2,0.3333333333333333,0.0,1.0,26.0,LOW,Device connected to many users
U0924,64,13.0,0.020406027626622,13.0,0.0,13.0,29.0,2.0,0.0,0.0002040602762662,0.2,0.0,0.0,1.0,21.01,LOW,Device connected to many users
U0925,212,10.0,0.0181664042630495,10.0,0.0,10.0,33.0,3.0,0.0,0.0001816640426304,0.4,0.0,0.0,1.0,27.01,LOW,Device connected to many users
U0926,853,15.0,0.0241034842925627,14.0,0.0666666666666666,14.0,34.0,2.0,0.0,0.0002410348429256,0.2,0.0666666666666666,0.0,1.0,22.01,LOW,Device connected to many users
U0927,431,12.0,0.017790077090334,12.0,0.0,12.0,37.0,3.0,0.0,0.0001779007709033,0.4,0.0,0.0,1.0,27.01,LOW,Device connected to many users
U0928,399,9.0,0.017284424812752,9.0,0.0,9.0,30.0,2.0,0.0,0.0001728442481275,0.2,0.0,0.0,1.0,21.01,LOW,Device connected to many users
U0929,927,9.0,0.0145032632342277,9.0,0.0,9.0,26.0,2.0,0.0,0.0001450326323422,0.2,0.0,0.0,1.0,21.0,LOW,Device connected to many users
U0930,789,12.0,0.0265829795089532,12.0,0.0,12.0,37.0,2.0,0.0,0.0002658297950895,0.2,0.0,0.0,1.0,21.01,LOW,Device connected to many users
U0931,599,20.0,0.0300172599244565,19.0,0.05,19.0,32.0,2.0,0.0,0.0003001725992445,0.2,0.05,0.0,1.0,21.76,LOW,Device connected to many users
U0932,969,11.0,0.0181104738907334,11.0,0.0,11.0,34.0,2.0,0.0,0.0001811047389073,0.2,0.0,0.0,1.0,21.01,LOW,Device connected to many users
U0933,713,8.0,0.0123510794328796,8.0,0.0,8.0,29.0,2.0,0.0,0.0001235107943287,0.2,0.0,0.0,1.0,21.0,LOW,Device connected to many users
U0934,21,8.0,0.0126548905879251,8.0,0.0,8.0,37.0,2.0,0.0,0.0001265489058792,0.2,0.0,0.3,1.0,24.0,LOW,Device connected to many users; Recently created account
U0935,878,4.0,0.0086299892125134,4.0,0.0,4.0,30.0,2.0,0.0,8.6299892125134e-05,0.2,0.0,0.0,1.0,21.0,LOW,Device connected to many users
U0936,902,13.0,0.0236077481840193,12.0,0.0769230769230768,12.0,31.0,2.0,0.0,0.0002360774818401,0.2,0.0769230769230768,0.0,1.0,22.16,LOW,Device connected to many users
U0937,784,9.0,0.0175205217222023,8.0,0.1111111111111111,9.0,33.0,2.0,0.0,0.000175205217222,0.2,0.1111111111111111,0.0,1.0,22.67,LOW,Device connected to many users
U0938,590,4.0,0.0067185487934606,4.0,0.0,4.0,31.0,2.0,0.0,6.7185487934606e-05,0.2,0.0,0.0,1.0,21.0,LOW,Device connected to many users
U0939,390,8.0,0.0170678803826049,8.0,0.0,8.0,36.0,2.0,0.0,0.000170678803826,0.2,0.0,0.0,1.0,21.01,LOW,Device connected to many users
U0940,489,11.0,0.0240104772991851,9.0,0.1818181818181817,11.0,38.0,2.0,0.0,0.0002401047729918,0.2,0.1818181818181817,0.0,1.0,23.73,LOW,Device connected to many users
U0941,7,10.0,0.0170799054911896,10.0,0.0,10.0,28.0,2.0,0.0,0.0001707990549118,0.2,0.0,0.7666666666666667,1.0,28.67,LOW,Device connected to many users; Very new account; Recently created account
U0942,966,12.0,0.0207057199551376,12.0,0.0,12.0,37.0,2.0,0.0,0.0002070571995513,0.2,0.0,0.0,1.0,21.01,LOW,Device connected to many users
U0943,361,8.0,0.0159516134392343,8.0,0.0,8.0,31.0,2.0,0.0,0.0001595161343923,0.2,0.0,0.0,1.0,21.0,LOW,Device connected to many users
U0944,306,11.0,0.0255447613887061,11.0,0.0,10.0,32.0,2.0,0.0,0.000255447613887,0.2,0.0,0.0,1.0,21.01,LOW,Device connected to many users
U0945,772,11.0,0.0195300940995442,10.0,0.0909090909090909,11.0,30.0,2.0,0.0,0.0001953009409954,0.2,0.0909090909090909,0.0,1.0,22.37,LOW,Device connected to many users
U0946,400,12.0,0.0216203231037174,11.0,0.0833333333333333,11.0,28.0,3.0,0.0,0.0002162032310371,0.4,0.0833333333333333,0.0,1.0,28.26,LOW,Device connected to many users
U0947,874,7.0,0.0128033166686989,7.0,0.0,7.0,36.0,2.0,0.0,0.0001280331666869,0.2,0.0,0.0,1.0,21.0,LOW,Device connected to many users
U0948,914,10.0,0.0177856825255669,10.0,0.0,9.0,29.0,2.0,0.0,0.0001778568252556,0.2,0.0,0.0,1.0,21.01,LOW,Device connected to many users
U0949,977,16.0,0.0254250754806928,15.0,0.0625,15.0,37.0,2.0,0.0,0.0002542507548069,0.2,0.0625,0.0,1.0,21.95,LOW,Device connected to many users
U0950,856,10.0,0.0197316495659037,9.0,0.0999999999999999,10.0,37.0,2.0,0.0,0.000197316495659,0.2,0.0999999999999999,0.0,1.0,22.51,LOW,Device connected to many users
U0951,430,13.0,0.0201067202845874,13.0,0.0,13.0,29.0,2.0,0.0,0.0002010672028458,0.2,0.0,0.0,1.0,21.01,LOW,Device connected to many users
U0952,552,14.0,0.0317676423871114,14.0,0.0,13.0,36.0,2.0,0.0,0.0003176764238711,0.2,0.0,0.0,1.0,21.01,LOW,Device connected to many users
U0953,766,17.0,0.0290830291970802,12.0,0.2941176470588235,17.0,36.0,2.0,0.0,0.0002908302919708,0.2,0.2941176470588235,0.0,1.0,25.42,LOW,Device connected to many users
U0954,753,16.0,0.0262538970628452,13.0,0.1875,16.0,29.0,2.0,0.0,0.0002625389706284,0.2,0.1875,0.0,1.0,23.82,LOW,Device connected to many users
U0955,560,9.0,0.0171368728380565,8.0,0.1111111111111111,9.0,26.0,1.0,0.0,0.0001713687283805,0.0,0.1111111111111111,0.0,1.0,16.67,LOW,Device connected to many users
U0956,820,12.0,0.0296028287147438,10.0,0.1666666666666666,12.0,36.0,2.0,0.0,0.0002960282871474,0.2,0.1666666666666666,0.0,1.0,23.51,LOW,Device connected to many users
U0957,618,12.0,0.0238576493588256,11.0,0.0833333333333333,12.0,33.0,2.0,0.0,0.0002385764935882,0.2,0.0833333333333333,0.0,1.0,22.26,LOW,Device connected to many users
U0958,920,9.0,0.0136013299078132,8.0,0.1111111111111111,9.0,26.0,2.0,0.0,0.0001360132990781,0.2,0.1111111111111111,0.0,1.0,22.67,LOW,Device connected to many users
U0959,226,10.0,0.0183480627503746,10.0,0.0,10.0,37.0,2.0,0.0,0.0001834806275037,0.2,0.0,0.0,1.0,21.01,LOW,Device connected to many users
U0960,500,13.0,0.0210441116956697,12.0,0.0769230769230768,13.0,31.0,1.0,0.0,0.0002104411169566,0.0,0.0769230769230768,0.0,1.0,16.16,LOW,Device connected to many users
U0961,225,13.0,0.0253534861043393,12.0,0.0769230769230768,13.0,36.0,2.0,0.0,0.0002535348610433,0.2,0.0769230769230768,0.0,1.0,22.16,LOW,Device connected to many users
U0962,280,12.0,0.0235679214402618,12.0,0.0,12.0,27.0,2.0,0.0,0.0002356792144026,0.2,0.0,0.0,1.0,21.01,LOW,Device connected to many users
U0963,447,10.0,0.0153917192550407,10.0,0.0,10.0,29.0,2.0,0.0,0.0001539171925504,0.2,0.0,0.0,1.0,21.0,LOW,Device connected to many users
U0964,498,9.0,0.0142830692728859,9.0,0.0,9.0,27.0,2.0,0.0,0.0001428306927288,0.2,0.0,0.0,1.0,21.0,LOW,Device connected to many users
U0965,30,11.0,0.0194914503411003,9.0,0.1818181818181817,11.0,37.0,2.0,0.0,0.000194914503411,0.2,0.1818181818181817,0.0,1.0,23.73,LOW,Device connected to many users; Recently created account
U0966,399,9.0,0.0147492625368731,8.0,0.1111111111111111,9.0,29.0,2.0,0.0,0.0001474926253687,0.2,0.1111111111111111,0.0,1.0,22.67,LOW,Device connected to many users
U0967,345,12.0,0.0184322359326199,12.0,0.0,12.0,33.0,2.0,0.0,0.0001843223593261,0.2,0.0,0.0,1.0,21.01,LOW,Device connected to many users
U0968,685,12.0,0.0210859251449657,11.0,0.0833333333333333,12.0,36.0,2.0,0.0,0.0002108592514496,0.2,0.0833333333333333,0.0,1.0,22.26,LOW,Device connected to many users
U0969,696,12.0,0.0178722136722434,12.0,0.0,12.0,34.0,2.0,0.0,0.0001787221367224,0.2,0.0,0.0,1.0,21.01,LOW,Device connected to many users
U0970,818,14.0,0.0286983259309873,13.0,0.0714285714285714,14.0,38.0,2.0,0.0,0.0002869832593098,0.2,0.0714285714285714,0.0,1.0,22.08,LOW,Device connected to many users
U0971,415,9.0,0.0210690596956691,8.0,0.1111111111111111,9.0,31.0,2.0,0.0,0.0002106905969566,0.2,0.1111111111111111,0.0,1.0,22.67,LOW,Device connected to many users
U0972,742,11.0,0.0174469322477464,10.0,0.0909090909090909,11.0,31.0,2.0,0.0,0.0001744693224774,0.2,0.0909090909090909,0.0,1.0,22.37,LOW,Device connected to many users
U0973,170,7.0,0.0173310225303292,7.0,0.0,7.0,32.0,2.0,0.0,0.0001733102253032,0.2,0.0,0.0,1.0,21.01,LOW,Device connected to many users
U0974,861,13.0,0.0214881952670872,13.0,0.0,12.0,29.0,3.0,0.0,0.0002148819526708,0.4,0.0,0.0,1.0,27.01,LOW,Device connected to many users
U0975,479,7.0,0.0138148805999605,7.0,0.0,7.0,33.0,2.0,0.0,0.0001381488059996,0.2,0.0,0.0,1.0,21.0,LOW,Device connected to many users
U0976,942,18.0,0.0277863538129052,17.0,0.0555555555555555,18.0,37.0,3.0,0.0,0.000277863538129,0.4,0.0555555555555555,0.0,1.0,27.84,LOW,Device connected to many users
U0977,131,13.0,0.0206027628833302,12.0,0.0769230769230768,12.0,29.0,2.0,0.0,0.0002060276288333,0.2,0.0769230769230768,0.0,1.0,22.16,LOW,Device connected to many users
U0978,638,9.0,0.0137268359643102,9.0,0.0,9.0,33.0,2.0,0.0,0.0001372683596431,0.2,0.0,0.0,1.0,21.0,LOW,Device connected to many users
U0979,547,15.0,0.0258027522935779,12.0,0.1999999999999999,14.0,31.0,2.0,0.0,0.0002580275229357,0.2,0.1999999999999999,0.0,1.0,24.01,LOW,Device connected to many users
U0980,28,9.0,0.0175626890428334,7.0,0.2222222222222222,8.0,37.0,1.0,0.0,0.0001756268904283,0.0,0.2222222222222222,0.0666666666666666,1.0,19.01,LOW,Device connected to many users; Recently created account
U0981,929,11.0,0.0184899845916795,11.0,0.0,11.0,29.0,2.0,0.0,0.0001848998459167,0.2,0.0,0.0,1.0,21.01,LOW,Device connected to many users
U0982,404,10.0,0.0164113785557986,10.0,0.0,10.0,34.0,2.0,0.0,0.0001641137855579,0.2,0.0,0.0,1.0,21.0,LOW,Device connected to many users
U0983,607,13.0,0.0182541539901708,12.0,0.0769230769230768,12.0,36.0,2.0,0.0,0.0001825415399017,0.2,0.0769230769230768,0.0,1.0,22.16,LOW,Device connected to many users
U0984,578,14.0,0.0222386953298739,14.0,0.0,13.0,37.0,2.0,0.0,0.0002223869532987,0.2,0.0,0.0,1.0,21.01,LOW,Device connected to many users
U0985,679,4.0,0.0123032757471676,4.0,0.0,4.0,26.0,2.0,0.0,0.0001230327574716,0.2,0.0,0.0,1.0,21.0,LOW,Device connected to many users
U0986,28,14.0,0.03076246978686,12.0,0.1428571428571429,11.0,29.0,2.0,0.0,0.0003076246978686,0.2,0.1428571428571429,0.0666666666666666,1.0,23.82,LOW,Device connected to many users; Recently created account
U0987,86,15.0,0.0256636915794576,15.0,0.0,15.0,29.0,2.0,0.0,0.0002566369157945,0.2,0.0,0.0,1.0,21.01,LOW,Device connected to many users
U0988,659,11.0,0.019359948373471,11.0,0.0,11.0,25.0,2.0,0.0,0.0001935994837347,0.2,0.0,0.0,1.0,21.01,LOW,Device connected to many users
U0989,439,11.0,0.0161689409343687,11.0,0.0,11.0,31.0,2.0,0.0,0.0001616894093436,0.2,0.0,0.0,1.0,21.0,LOW,Device connected to many users
U0990,139,11.0,0.0228745711017918,9.0,0.1818181818181817,11.0,32.0,2.0,0.0,0.0002287457110179,0.2,0.1818181818181817,0.0,1.0,23.73,LOW,Device connected to many users
U0991,888,14.0,0.0222134073780245,12.0,0.1428571428571429,13.0,36.0,2.0,0.0,0.0002221340737802,0.2,0.1428571428571429,0.0,1.0,23.15,LOW,Device connected to many users
U0992,473,10.0,0.0173611111111111,10.0,0.0,10.0,36.0,2.0,0.0,0.0001736111111111,0.2,0.0,0.0,1.0,21.01,LOW,Device connected to many users
U0993,187,9.0,0.0247626908790755,9.0,0.0,9.0,30.0,1.0,0.0,0.0002476269087907,0.0,0.0,0.0,1.0,15.01,LOW,Device connected to many users
U0994,52,13.0,0.0204006904849087,13.0,0.0,13.0,31.0,2.0,0.0,0.000204006904849,0.2,0.0,0.0,1.0,21.01,LOW,Device connected to many users
U0995,267,13.0,0.0202665835217086,12.0,0.0769230769230768,13.0,31.0,2.0,0.0,0.000202665835217,0.2,0.0769230769230768,0.0,1.0,22.16,LOW,Device connected to many users
U0996,389,8.0,0.0148768014876801,7.0,0.125,8.0,31.0,2.0,0.0,0.0001487680148768,0.2,0.125,0.0,1.0,22.88,LOW,Device connected to many users
U0997,336,8.0,0.0177883190038541,8.0,0.0,8.0,31.0,2.0,0.0,0.0001778831900385,0.2,0.0,0.0,1.0,21.01,LOW,Device connected to many users
U0998,217,10.0,0.0176015019948368,9.0,0.0999999999999999,9.0,31.0,2.0,0.0,0.0001760150199483,0.2,0.0999999999999999,0.0,1.0,22.51,LOW,Device connected to many users
U0999,466,7.0,0.0130592954199185,7.0,0.0,7.0,29.0,2.0,0.0,0.0001305929541991,0.2,0.0,0.0,1.0,21.0,LOW,Device connected to many users
U1000,335,16.0,0.0254662174708862,15.0,0.0625,16.0,37.0,2.0,0.0,0.0002546621747088,0.2,0.0625,0.0,1.0,21.95,LOW,Device connected to many users
